{
  "ethCount": 95.30579999999851,
  "userCount": 4275,
  "lastTick": 1749299302595,
  "refEthCount": 7.261499999999979,
  "refUserCount": 317,
  "last7dReset": 1748788581689
}