{
  "ethCount": 340.96270000003784,
  "userCount": 15251,
  "lastTick": 1749299302595,
  "refEthCount": 7.261499999999979,
  "refUserCount": 317,
  "last7dReset": 1748788581689
}