{
  "ethCount": 162.59089999999924,
  "userCount": 7325,
  "lastTick": 1749299302595,
  "refEthCount": 7.261499999999979,
  "refUserCount": 317,
  "last7dReset": 1748788581689
}