{
  "ethCount": 356.35750000004316,
  "userCount": 15934,
  "lastTick": 1749299302595,
  "refEthCount": 7.261499999999979,
  "refUserCount": 317,
  "last7dReset": 1748788581689
}