{
  "ethCount": 419.3737000000647,
  "userCount": 18772,
  "lastTick": 1749299302595,
  "refEthCount": 7.261499999999979,
  "refUserCount": 317,
  "last7dReset": 1748788581689
}