{
  "ethCount": 310.9934000000264,
  "userCount": 13912,
  "lastTick": 1749299302595,
  "refEthCount": 7.261499999999979,
  "refUserCount": 317,
  "last7dReset": 1748788581689
}