{
  "ethCount": 468.10240000008105,
  "userCount": 20979,
  "lastTick": 1749299302595,
  "refEthCount": 7.261499999999979,
  "refUserCount": 317,
  "last7dReset": 1748788581689
}