{
  "ethCount": 467.66650000008076,
  "userCount": 20959,
  "lastTick": 1749299302595,
  "refEthCount": 7.261499999999979,
  "refUserCount": 317,
  "last7dReset": 1748788581689
}