{
  "ethCount": 63.577099999999554,
  "userCount": 2859,
  "lastTick": 1749299302595,
  "refEthCount": 7.261499999999979,
  "refUserCount": 317,
  "last7dReset": 1748788581689
}