{
  "ethCount": 317.60000000002947,
  "userCount": 14204,
  "lastTick": 1749299302595,
  "refEthCount": 7.261499999999979,
  "refUserCount": 317,
  "last7dReset": 1748788581689
}