{
  "ethCount": 216.99560000000275,
  "userCount": 9713,
  "lastTick": 1749299302595,
  "refEthCount": 7.261499999999979,
  "refUserCount": 317,
  "last7dReset": 1748788581689
}