{
  "ethCount": 164.79669999999942,
  "userCount": 7426,
  "lastTick": 1749299302595,
  "refEthCount": 7.261499999999979,
  "refUserCount": 317,
  "last7dReset": 1748788581689
}