{
  "ethCount": 475.5201000000836,
  "userCount": 21314,
  "lastTick": 1749299302595,
  "refEthCount": 7.261499999999979,
  "refUserCount": 317,
  "last7dReset": 1748788581689
}