{
  "ethCount": 321.49320000003064,
  "userCount": 14381,
  "lastTick": 1749299302595,
  "refEthCount": 7.261499999999979,
  "refUserCount": 317,
  "last7dReset": 1748788581689
}