{
  "ethCount": 237.07420000000374,
  "userCount": 10613,
  "lastTick": 1749299302595,
  "refEthCount": 7.261499999999979,
  "refUserCount": 317,
  "last7dReset": 1748788581689
}