{
  "ethCount": 263.9817000000083,
  "userCount": 11823,
  "lastTick": 1749299302595,
  "refEthCount": 7.261499999999979,
  "refUserCount": 317,
  "last7dReset": 1748788581689
}