{
  "ethCount": 452.73380000007455,
  "userCount": 20296,
  "lastTick": 1749299302595,
  "refEthCount": 7.261499999999979,
  "refUserCount": 317,
  "last7dReset": 1748788581689
}