{
  "ethCount": 286.3017000000169,
  "userCount": 12814,
  "lastTick": 1749299302595,
  "refEthCount": 7.261499999999979,
  "refUserCount": 317,
  "last7dReset": 1748788581689
}