{
  "ethCount": 33.502600000000015,
  "userCount": 1522,
  "lastTick": 1749299302595,
  "refEthCount": 7.261499999999979,
  "refUserCount": 317,
  "last7dReset": 1748788581689
}