{
  "ethCount": 322.5438000000311,
  "userCount": 14429,
  "lastTick": 1749299302595,
  "refEthCount": 7.261499999999979,
  "refUserCount": 317,
  "last7dReset": 1748788581689
}