{
  "ethCount": 190.12470000000093,
  "userCount": 8535,
  "lastTick": 1749299302595,
  "refEthCount": 7.261499999999979,
  "refUserCount": 317,
  "last7dReset": 1748788581689
}