{
  "ethCount": 480.02790000008497,
  "userCount": 21518,
  "lastTick": 1749299302595,
  "refEthCount": 7.261499999999979,
  "refUserCount": 317,
  "last7dReset": 1748788581689
}