{
  "ethCount": 499.72000000008984,
  "userCount": 22443,
  "lastTick": 1749299302595,
  "refEthCount": 7.261499999999979,
  "refUserCount": 317,
  "last7dReset": 1748788581689
}