{
  "ethCount": 232.00580000000346,
  "userCount": 10382,
  "lastTick": 1749299302595,
  "refEthCount": 7.261499999999979,
  "refUserCount": 317,
  "last7dReset": 1748788581689
}