{
  "ethCount": 233.96540000000354,
  "userCount": 10474,
  "lastTick": 1749299302595,
  "refEthCount": 7.261499999999979,
  "refUserCount": 317,
  "last7dReset": 1748788581689
}