{
  "ethCount": 548.3499000000683,
  "userCount": 24643,
  "lastTick": 1749299302595,
  "refEthCount": 7.261499999999979,
  "refUserCount": 317,
  "last7dReset": 1748788581689
}