{
  "ethCount": 557.1152000000621,
  "userCount": 25047,
  "lastTick": 1749299302595,
  "refEthCount": 7.261499999999979,
  "refUserCount": 317,
  "last7dReset": 1748788581689
}