{
  "ethCount": 393.57350000005584,
  "userCount": 17611,
  "lastTick": 1749299302595,
  "refEthCount": 7.261499999999979,
  "refUserCount": 317,
  "last7dReset": 1748788581689
}