{
  "ethCount": 96.17179999999847,
  "userCount": 4313,
  "lastTick": 1749299302595,
  "refEthCount": 7.261499999999979,
  "refUserCount": 317,
  "last7dReset": 1748788581689
}