{
  "ethCount": 433.0728000000681,
  "userCount": 19396,
  "lastTick": 1749299302595,
  "refEthCount": 7.261499999999979,
  "refUserCount": 317,
  "last7dReset": 1748788581689
}