{
  "ethCount": 449.9041000000731,
  "userCount": 20170,
  "lastTick": 1749299302595,
  "refEthCount": 7.261499999999979,
  "refUserCount": 317,
  "last7dReset": 1748788581689
}