{
  "ethCount": 589.3831000000374,
  "userCount": 26495,
  "lastTick": 1749299302595,
  "refEthCount": 7.261499999999979,
  "refUserCount": 317,
  "last7dReset": 1748788581689
}