{
  "ethCount": 577.8510000000472,
  "userCount": 25982,
  "lastTick": 1749299302595,
  "refEthCount": 7.261499999999979,
  "refUserCount": 317,
  "last7dReset": 1748788581689
}