{
  "ethCount": 304.62270000002354,
  "userCount": 13634,
  "lastTick": 1749299302595,
  "refEthCount": 7.261499999999979,
  "refUserCount": 317,
  "last7dReset": 1748788581689
}