{
  "ethCount": 501.53930000009086,
  "userCount": 22519,
  "lastTick": 1749299302595,
  "refEthCount": 7.261499999999979,
  "refUserCount": 317,
  "last7dReset": 1748788581689
}