{
  "ethCount": 107.02049999999812,
  "userCount": 4803,
  "lastTick": 1749299302595,
  "refEthCount": 7.261499999999979,
  "refUserCount": 317,
  "last7dReset": 1748788581689
}