{
  "ethCount": 74.81949999999918,
  "userCount": 3364,
  "lastTick": 1749299302595,
  "refEthCount": 7.261499999999979,
  "refUserCount": 317,
  "last7dReset": 1748788581689
}