{
  "ethCount": 178.82660000000013,
  "userCount": 8049,
  "lastTick": 1749299302595,
  "refEthCount": 7.261499999999979,
  "refUserCount": 317,
  "last7dReset": 1748788581689
}