{
  "ethCount": 280.5738000000149,
  "userCount": 12558,
  "lastTick": 1749299302595,
  "refEthCount": 7.261499999999979,
  "refUserCount": 317,
  "last7dReset": 1748788581689
}