{
  "ethCount": 604.3660000000249,
  "userCount": 27156,
  "lastTick": 1749299302595,
  "refEthCount": 7.261499999999979,
  "refUserCount": 317,
  "last7dReset": 1748788581689
}