{
  "ethCount": 592.3533000000355,
  "userCount": 26626,
  "lastTick": 1749299302595,
  "refEthCount": 7.261499999999979,
  "refUserCount": 317,
  "last7dReset": 1748788581689
}