{
  "ethCount": 306.93040000002435,
  "userCount": 13738,
  "lastTick": 1749299302595,
  "refEthCount": 7.261499999999979,
  "refUserCount": 317,
  "last7dReset": 1748788581689
}