{
  "ethCount": 411.0199000000619,
  "userCount": 18401,
  "lastTick": 1749299302595,
  "refEthCount": 7.261499999999979,
  "refUserCount": 317,
  "last7dReset": 1748788581689
}