{
  "ethCount": 218.39300000000281,
  "userCount": 9771,
  "lastTick": 1749299302595,
  "refEthCount": 7.261499999999979,
  "refUserCount": 317,
  "last7dReset": 1748788581689
}