{
  "ethCount": 511.48400000009497,
  "userCount": 22954,
  "lastTick": 1749299302595,
  "refEthCount": 7.261499999999979,
  "refUserCount": 317,
  "last7dReset": 1748788581689
}