{
  "ethCount": 338.7463000000369,
  "userCount": 15150,
  "lastTick": 1749299302595,
  "refEthCount": 7.261499999999979,
  "refUserCount": 317,
  "last7dReset": 1748788581689
}