{
  "ethCount": 293.11300000001876,
  "userCount": 13123,
  "lastTick": 1749299302595,
  "refEthCount": 7.261499999999979,
  "refUserCount": 317,
  "last7dReset": 1748788581689
}