{
  "ethCount": 408.01990000006117,
  "userCount": 18262,
  "lastTick": 1749299302595,
  "refEthCount": 7.261499999999979,
  "refUserCount": 317,
  "last7dReset": 1748788581689
}