{
  "ethCount": 437.8758000000695,
  "userCount": 19614,
  "lastTick": 1749299302595,
  "refEthCount": 7.261499999999979,
  "refUserCount": 317,
  "last7dReset": 1748788581689
}