{
  "ethCount": 215.98410000000266,
  "userCount": 9667,
  "lastTick": 1749299302595,
  "refEthCount": 7.261499999999979,
  "refUserCount": 317,
  "last7dReset": 1748788581689
}