{
  "ethCount": 283.96780000001604,
  "userCount": 12709,
  "lastTick": 1749299302595,
  "refEthCount": 7.261499999999979,
  "refUserCount": 317,
  "last7dReset": 1748788581689
}