{
  "ethCount": 277.00650000001366,
  "userCount": 12398,
  "lastTick": 1749299302595,
  "refEthCount": 7.261499999999979,
  "refUserCount": 317,
  "last7dReset": 1748788581689
}