{
  "ethCount": 109.7662999999981,
  "userCount": 4931,
  "lastTick": 1749299302595,
  "refEthCount": 7.261499999999979,
  "refUserCount": 317,
  "last7dReset": 1748788581689
}