{
  "ethCount": 76.4152999999991,
  "userCount": 3433,
  "lastTick": 1749299302595,
  "refEthCount": 7.261499999999979,
  "refUserCount": 317,
  "last7dReset": 1748788581689
}