{
  "ethCount": 116.96049999999778,
  "userCount": 5247,
  "lastTick": 1749299302595,
  "refEthCount": 7.261499999999979,
  "refUserCount": 317,
  "last7dReset": 1748788581689
}