{
  "ethCount": 521.9560000000869,
  "userCount": 23429,
  "lastTick": 1749299302595,
  "refEthCount": 7.261499999999979,
  "refUserCount": 317,
  "last7dReset": 1748788581689
}