{
  "ethCount": 409.4151000000614,
  "userCount": 18328,
  "lastTick": 1749299302595,
  "refEthCount": 7.261499999999979,
  "refUserCount": 317,
  "last7dReset": 1748788581689
}