{
  "ethCount": 168.75219999999962,
  "userCount": 7595,
  "lastTick": 1749299302595,
  "refEthCount": 7.261499999999979,
  "refUserCount": 317,
  "last7dReset": 1748788581689
}