{
  "ethCount": 541.8957000000723,
  "userCount": 24347,
  "lastTick": 1749299302595,
  "refEthCount": 7.261499999999979,
  "refUserCount": 317,
  "last7dReset": 1748788581689
}