{
  "ethCount": 357.1112000000435,
  "userCount": 15968,
  "lastTick": 1749299302595,
  "refEthCount": 7.261499999999979,
  "refUserCount": 317,
  "last7dReset": 1748788581689
}