{
  "ethCount": 527.6243000000834,
  "userCount": 23691,
  "lastTick": 1749299302595,
  "refEthCount": 7.261499999999979,
  "refUserCount": 317,
  "last7dReset": 1748788581689
}