{
  "ethCount": 320.00190000003016,
  "userCount": 14314,
  "lastTick": 1749299302595,
  "refEthCount": 7.261499999999979,
  "refUserCount": 317,
  "last7dReset": 1748788581689
}