{
  "ethCount": 80.68749999999892,
  "userCount": 3620,
  "lastTick": 1749299302595,
  "refEthCount": 7.261499999999979,
  "refUserCount": 317,
  "last7dReset": 1748788581689
}