{
  "ethCount": 500.14180000009014,
  "userCount": 22460,
  "lastTick": 1749299302595,
  "refEthCount": 7.261499999999979,
  "refUserCount": 317,
  "last7dReset": 1748788581689
}