{
  "ethCount": 464.29170000007906,
  "userCount": 20812,
  "lastTick": 1749299302595,
  "refEthCount": 7.261499999999979,
  "refUserCount": 317,
  "last7dReset": 1748788581689
}