{
  "ethCount": 600.5435000000275,
  "userCount": 26977,
  "lastTick": 1749299302595,
  "refEthCount": 7.261499999999979,
  "refUserCount": 317,
  "last7dReset": 1748788581689
}