{
  "ethCount": 152.08329999999867,
  "userCount": 6854,
  "lastTick": 1749299302595,
  "refEthCount": 7.261499999999979,
  "refUserCount": 317,
  "last7dReset": 1748788581689
}