{
  "ethCount": 252.23990000000455,
  "userCount": 11308,
  "lastTick": 1749299302595,
  "refEthCount": 7.261499999999979,
  "refUserCount": 317,
  "last7dReset": 1748788581689
}