{
  "ethCount": 300.10450000002214,
  "userCount": 13432,
  "lastTick": 1749299302595,
  "refEthCount": 7.261499999999979,
  "refUserCount": 317,
  "last7dReset": 1748788581689
}