{
  "ethCount": 324.36630000003174,
  "userCount": 14512,
  "lastTick": 1749299302595,
  "refEthCount": 7.261499999999979,
  "refUserCount": 317,
  "last7dReset": 1748788581689
}