{
  "ethCount": 426.76900000006606,
  "userCount": 19115,
  "lastTick": 1749299302595,
  "refEthCount": 7.261499999999979,
  "refUserCount": 317,
  "last7dReset": 1748788581689
}