{
  "ethCount": 251.1574000000045,
  "userCount": 11256,
  "lastTick": 1749299302595,
  "refEthCount": 7.261499999999979,
  "refUserCount": 317,
  "last7dReset": 1748788581689
}