{
  "ethCount": 446.6966000000722,
  "userCount": 20023,
  "lastTick": 1749299302595,
  "refEthCount": 7.261499999999979,
  "refUserCount": 317,
  "last7dReset": 1748788581689
}