{
  "ethCount": 374.52420000004895,
  "userCount": 16758,
  "lastTick": 1749299302595,
  "refEthCount": 7.261499999999979,
  "refUserCount": 317,
  "last7dReset": 1748788581689
}