{
  "ethCount": 348.60210000004065,
  "userCount": 15581,
  "lastTick": 1749299302595,
  "refEthCount": 7.261499999999979,
  "refUserCount": 317,
  "last7dReset": 1748788581689
}