{
  "ethCount": 80.50139999999895,
  "userCount": 3614,
  "lastTick": 1749299302595,
  "refEthCount": 7.261499999999979,
  "refUserCount": 317,
  "last7dReset": 1748788581689
}