{
  "ethCount": 479.46860000008485,
  "userCount": 21493,
  "lastTick": 1749299302595,
  "refEthCount": 7.261499999999979,
  "refUserCount": 317,
  "last7dReset": 1748788581689
}