{
  "ethCount": 388.28950000005415,
  "userCount": 17369,
  "lastTick": 1749299302595,
  "refEthCount": 7.261499999999979,
  "refUserCount": 317,
  "last7dReset": 1748788581689
}