{
  "ethCount": 372.6904000000484,
  "userCount": 16674,
  "lastTick": 1749299302595,
  "refEthCount": 7.261499999999979,
  "refUserCount": 317,
  "last7dReset": 1748788581689
}