{
  "ethCount": 508.39770000009344,
  "userCount": 22819,
  "lastTick": 1749299302595,
  "refEthCount": 7.261499999999979,
  "refUserCount": 317,
  "last7dReset": 1748788581689
}