{
  "ethCount": 7.2876999999999885,
  "userCount": 338,
  "lastTick": 1749299302595,
  "refEthCount": 7.261499999999979,
  "refUserCount": 317,
  "last7dReset": 1748788581689
}