{
  "ethCount": 320.20100000003015,
  "userCount": 14324,
  "lastTick": 1749299302595,
  "refEthCount": 7.261499999999979,
  "refUserCount": 317,
  "last7dReset": 1748788581689
}