{
  "ethCount": 521.2962000000874,
  "userCount": 23398,
  "lastTick": 1749299302595,
  "refEthCount": 7.261499999999979,
  "refUserCount": 317,
  "last7dReset": 1748788581689
}