{
  "ethCount": 534.4217000000773,
  "userCount": 23996,
  "lastTick": 1749299302595,
  "refEthCount": 7.261499999999979,
  "refUserCount": 317,
  "last7dReset": 1748788581689
}