{
  "ethCount": 400.87160000005906,
  "userCount": 17935,
  "lastTick": 1749299302595,
  "refEthCount": 7.261499999999979,
  "refUserCount": 317,
  "last7dReset": 1748788581689
}