{
  "ethCount": 513.3341000000942,
  "userCount": 23040,
  "lastTick": 1749299302595,
  "refEthCount": 7.261499999999979,
  "refUserCount": 317,
  "last7dReset": 1748788581689
}