{
  "ethCount": 466.7209000000804,
  "userCount": 20919,
  "lastTick": 1749299302595,
  "refEthCount": 7.261499999999979,
  "refUserCount": 317,
  "last7dReset": 1748788581689
}