{
  "ethCount": 472.3817000000828,
  "userCount": 21170,
  "lastTick": 1749299302595,
  "refEthCount": 7.261499999999979,
  "refUserCount": 317,
  "last7dReset": 1748788581689
}