{
  "ethCount": 199.88820000000152,
  "userCount": 8958,
  "lastTick": 1749299302595,
  "refEthCount": 7.261499999999979,
  "refUserCount": 317,
  "last7dReset": 1748788581689
}