{
  "ethCount": 481.7081000000854,
  "userCount": 21596,
  "lastTick": 1749299302595,
  "refEthCount": 7.261499999999979,
  "refUserCount": 317,
  "last7dReset": 1748788581689
}