{
  "ethCount": 192.12000000000106,
  "userCount": 8623,
  "lastTick": 1749299302595,
  "refEthCount": 7.261499999999979,
  "refUserCount": 317,
  "last7dReset": 1748788581689
}