{
  "ethCount": 502.8509000000912,
  "userCount": 22577,
  "lastTick": 1749299302595,
  "refEthCount": 7.261499999999979,
  "refUserCount": 317,
  "last7dReset": 1748788581689
}