{
  "ethCount": 59.91179999999958,
  "userCount": 2691,
  "lastTick": 1749299302595,
  "refEthCount": 7.261499999999979,
  "refUserCount": 317,
  "last7dReset": 1748788581689
}