{
  "ethCount": 328.69400000003384,
  "userCount": 14697,
  "lastTick": 1749299302595,
  "refEthCount": 7.261499999999979,
  "refUserCount": 317,
  "last7dReset": 1748788581689
}