{
  "ethCount": 438.4555000000697,
  "userCount": 19640,
  "lastTick": 1749299302595,
  "refEthCount": 7.261499999999979,
  "refUserCount": 317,
  "last7dReset": 1748788581689
}