{
  "ethCount": 42.054499999999926,
  "userCount": 1898,
  "lastTick": 1749299302595,
  "refEthCount": 7.261499999999979,
  "refUserCount": 317,
  "last7dReset": 1748788581689
}