{
  "ethCount": 510.1874000000942,
  "userCount": 22899,
  "lastTick": 1749299302595,
  "refEthCount": 7.261499999999979,
  "refUserCount": 317,
  "last7dReset": 1748788581689
}