{
  "ethCount": 156.87089999999893,
  "userCount": 7072,
  "lastTick": 1749299302595,
  "refEthCount": 7.261499999999979,
  "refUserCount": 317,
  "last7dReset": 1748788581689
}