{
  "ethCount": 277.6018000000137,
  "userCount": 12427,
  "lastTick": 1749299302595,
  "refEthCount": 7.261499999999979,
  "refUserCount": 317,
  "last7dReset": 1748788581689
}