{
  "ethCount": 38.754299999999965,
  "userCount": 1751,
  "lastTick": 1749299302595,
  "refEthCount": 7.261499999999979,
  "refUserCount": 317,
  "last7dReset": 1748788581689
}