{
  "ethCount": 435.00230000006883,
  "userCount": 19482,
  "lastTick": 1749299302595,
  "refEthCount": 7.261499999999979,
  "refUserCount": 317,
  "last7dReset": 1748788581689
}