{
  "ethCount": 43.61959999999992,
  "userCount": 1961,
  "lastTick": 1749299302595,
  "refEthCount": 7.261499999999979,
  "refUserCount": 317,
  "last7dReset": 1748788581689
}