{
  "ethCount": 474.19570000008304,
  "userCount": 21254,
  "lastTick": 1749299302595,
  "refEthCount": 7.261499999999979,
  "refUserCount": 317,
  "last7dReset": 1748788581689
}