{
  "ethCount": 357.40790000004347,
  "userCount": 15983,
  "lastTick": 1749299302595,
  "refEthCount": 7.261499999999979,
  "refUserCount": 317,
  "last7dReset": 1748788581689
}