{
  "ethCount": 275.9805000000129,
  "userCount": 12354,
  "lastTick": 1749299302595,
  "refEthCount": 7.261499999999979,
  "refUserCount": 317,
  "last7dReset": 1748788581689
}