{
  "ethCount": 118.17369999999772,
  "userCount": 5303,
  "lastTick": 1749299302595,
  "refEthCount": 7.261499999999979,
  "refUserCount": 317,
  "last7dReset": 1748788581689
}