{
  "ethCount": 287.20160000001704,
  "userCount": 12857,
  "lastTick": 1749299302595,
  "refEthCount": 7.261499999999979,
  "refUserCount": 317,
  "last7dReset": 1748788581689
}