{
  "ethCount": 496.9370000000888,
  "userCount": 22316,
  "lastTick": 1749299302595,
  "refEthCount": 7.261499999999979,
  "refUserCount": 317,
  "last7dReset": 1748788581689
}