{
  "ethCount": 333.55630000003566,
  "userCount": 14915,
  "lastTick": 1749299302595,
  "refEthCount": 7.261499999999979,
  "refUserCount": 317,
  "last7dReset": 1748788581689
}