{
  "ethCount": 122.84919999999754,
  "userCount": 5513,
  "lastTick": 1749299302595,
  "refEthCount": 7.261499999999979,
  "refUserCount": 317,
  "last7dReset": 1748788581689
}