{
  "ethCount": 572.5008000000512,
  "userCount": 25737,
  "lastTick": 1749299302595,
  "refEthCount": 7.261499999999979,
  "refUserCount": 317,
  "last7dReset": 1748788581689
}