{
  "ethCount": 562.8527000000589,
  "userCount": 25314,
  "lastTick": 1749299302595,
  "refEthCount": 7.261499999999979,
  "refUserCount": 317,
  "last7dReset": 1748788581689
}