{
  "ethCount": 489.83780000008727,
  "userCount": 21982,
  "lastTick": 1749299302595,
  "refEthCount": 7.261499999999979,
  "refUserCount": 317,
  "last7dReset": 1748788581689
}