{
  "ethCount": 491.86320000008794,
  "userCount": 22076,
  "lastTick": 1749299302595,
  "refEthCount": 7.261499999999979,
  "refUserCount": 317,
  "last7dReset": 1748788581689
}