{
  "ethCount": 294.0462000000194,
  "userCount": 13161,
  "lastTick": 1749299302595,
  "refEthCount": 7.261499999999979,
  "refUserCount": 317,
  "last7dReset": 1748788581689
}