{
  "ethCount": 45.85659999999985,
  "userCount": 2060,
  "lastTick": 1749299302595,
  "refEthCount": 7.261499999999979,
  "refUserCount": 317,
  "last7dReset": 1748788581689
}