{
  "ethCount": 110.2054999999981,
  "userCount": 4952,
  "lastTick": 1749299302595,
  "refEthCount": 7.261499999999979,
  "refUserCount": 317,
  "last7dReset": 1748788581689
}