{
  "ethCount": 229.88040000000333,
  "userCount": 10285,
  "lastTick": 1749299302595,
  "refEthCount": 7.261499999999979,
  "refUserCount": 317,
  "last7dReset": 1748788581689
}