{
  "ethCount": 143.46449999999822,
  "userCount": 6458,
  "lastTick": 1749299302595,
  "refEthCount": 7.261499999999979,
  "refUserCount": 317,
  "last7dReset": 1748788581689
}