{
  "ethCount": 213.45380000000247,
  "userCount": 9560,
  "lastTick": 1749299302595,
  "refEthCount": 7.261499999999979,
  "refUserCount": 317,
  "last7dReset": 1748788581689
}