{
  "ethCount": 400.5120000000589,
  "userCount": 17918,
  "lastTick": 1749299302595,
  "refEthCount": 7.261499999999979,
  "refUserCount": 317,
  "last7dReset": 1748788581689
}