{
  "ethCount": 178.25360000000012,
  "userCount": 8022,
  "lastTick": 1749299302595,
  "refEthCount": 7.261499999999979,
  "refUserCount": 317,
  "last7dReset": 1748788581689
}