{
  "ethCount": 388.12050000005405,
  "userCount": 17362,
  "lastTick": 1749299302595,
  "refEthCount": 7.261499999999979,
  "refUserCount": 317,
  "last7dReset": 1748788581689
}