{
  "ethCount": 330.46490000003445,
  "userCount": 14777,
  "lastTick": 1749299302595,
  "refEthCount": 7.261499999999979,
  "refUserCount": 317,
  "last7dReset": 1748788581689
}