{
  "ethCount": 450.22900000007326,
  "userCount": 20184,
  "lastTick": 1749299302595,
  "refEthCount": 7.261499999999979,
  "refUserCount": 317,
  "last7dReset": 1748788581689
}