{
  "ethCount": 334.42900000003607,
  "userCount": 14952,
  "lastTick": 1749299302595,
  "refEthCount": 7.261499999999979,
  "refUserCount": 317,
  "last7dReset": 1748788581689
}