{
  "ethCount": 516.6083000000921,
  "userCount": 23193,
  "lastTick": 1749299302595,
  "refEthCount": 7.261499999999979,
  "refUserCount": 317,
  "last7dReset": 1748788581689
}