{
  "ethCount": 394.6583000000562,
  "userCount": 17656,
  "lastTick": 1749299302595,
  "refEthCount": 7.261499999999979,
  "refUserCount": 317,
  "last7dReset": 1748788581689
}