{
  "ethCount": 386.9792000000534,
  "userCount": 17309,
  "lastTick": 1749299302595,
  "refEthCount": 7.261499999999979,
  "refUserCount": 317,
  "last7dReset": 1748788581689
}