{
  "ethCount": 294.17270000001946,
  "userCount": 13167,
  "lastTick": 1749299302595,
  "refEthCount": 7.261499999999979,
  "refUserCount": 317,
  "last7dReset": 1748788581689
}