{
  "ethCount": 558.9306000000615,
  "userCount": 25135,
  "lastTick": 1749299302595,
  "refEthCount": 7.261499999999979,
  "refUserCount": 317,
  "last7dReset": 1748788581689
}