{
  "ethCount": 530.6054000000803,
  "userCount": 23821,
  "lastTick": 1749299302595,
  "refEthCount": 7.261499999999979,
  "refUserCount": 317,
  "last7dReset": 1748788581689
}