{
  "ethCount": 585.6508000000405,
  "userCount": 26328,
  "lastTick": 1749299302595,
  "refEthCount": 7.261499999999979,
  "refUserCount": 317,
  "last7dReset": 1748788581689
}