{
  "ethCount": 367.88480000004716,
  "userCount": 16451,
  "lastTick": 1749299302595,
  "refEthCount": 7.261499999999979,
  "refUserCount": 317,
  "last7dReset": 1748788581689
}