{
  "ethCount": 414.8303000000634,
  "userCount": 18567,
  "lastTick": 1749299302595,
  "refEthCount": 7.261499999999979,
  "refUserCount": 317,
  "last7dReset": 1748788581689
}