{
  "ethCount": 122.38519999999757,
  "userCount": 5492,
  "lastTick": 1749299302595,
  "refEthCount": 7.261499999999979,
  "refUserCount": 317,
  "last7dReset": 1748788581689
}