{
  "ethCount": 442.1383000000706,
  "userCount": 19813,
  "lastTick": 1749299302595,
  "refEthCount": 7.261499999999979,
  "refUserCount": 317,
  "last7dReset": 1748788581689
}