{
  "ethCount": 315.9245000000288,
  "userCount": 14133,
  "lastTick": 1749299302595,
  "refEthCount": 7.261499999999979,
  "refUserCount": 317,
  "last7dReset": 1748788581689
}