{
  "ethCount": 344.18440000003915,
  "userCount": 15386,
  "lastTick": 1749299302595,
  "refEthCount": 7.261499999999979,
  "refUserCount": 317,
  "last7dReset": 1748788581689
}