{
  "ethCount": 64.19579999999955,
  "userCount": 2885,
  "lastTick": 1749299302595,
  "refEthCount": 7.261499999999979,
  "refUserCount": 317,
  "last7dReset": 1748788581689
}