{
  "ethCount": 544.4167000000708,
  "userCount": 24464,
  "lastTick": 1749299302595,
  "refEthCount": 7.261499999999979,
  "refUserCount": 317,
  "last7dReset": 1748788581689
}