{
  "ethCount": 370.86450000004777,
  "userCount": 16590,
  "lastTick": 1749299302595,
  "refEthCount": 7.261499999999979,
  "refUserCount": 317,
  "last7dReset": 1748788581689
}