{
  "ethCount": 252.6406000000046,
  "userCount": 11326,
  "lastTick": 1749299302595,
  "refEthCount": 7.261499999999979,
  "refUserCount": 317,
  "last7dReset": 1748788581689
}