{
  "ethCount": 597.7229000000308,
  "userCount": 26862,
  "lastTick": 1749299302595,
  "refEthCount": 7.261499999999979,
  "refUserCount": 317,
  "last7dReset": 1748788581689
}