{
  "ethCount": 379.2875000000503,
  "userCount": 16976,
  "lastTick": 1749299302595,
  "refEthCount": 7.261499999999979,
  "refUserCount": 317,
  "last7dReset": 1748788581689
}