{
  "ethCount": 358.40850000004355,
  "userCount": 16030,
  "lastTick": 1749299302595,
  "refEthCount": 7.261499999999979,
  "refUserCount": 317,
  "last7dReset": 1748788581689
}