{
  "ethCount": 315.23730000002837,
  "userCount": 14105,
  "lastTick": 1749299302595,
  "refEthCount": 7.261499999999979,
  "refUserCount": 317,
  "last7dReset": 1748788581689
}