{
  "ethCount": 152.86599999999873,
  "userCount": 6891,
  "lastTick": 1749299302595,
  "refEthCount": 7.261499999999979,
  "refUserCount": 317,
  "last7dReset": 1748788581689
}