{
  "ethCount": 466.8149000000805,
  "userCount": 20923,
  "lastTick": 1749299302595,
  "refEthCount": 7.261499999999979,
  "refUserCount": 317,
  "last7dReset": 1748788581689
}