{
  "ethCount": 593.7967000000334,
  "userCount": 26682,
  "lastTick": 1749299302595,
  "refEthCount": 7.261499999999979,
  "refUserCount": 317,
  "last7dReset": 1748788581689
}