{
  "ethCount": 166.01519999999942,
  "userCount": 7475,
  "lastTick": 1749299302595,
  "refEthCount": 7.261499999999979,
  "refUserCount": 317,
  "last7dReset": 1748788581689
}