{
  "ethCount": 276.48190000001324,
  "userCount": 12375,
  "lastTick": 1749299302595,
  "refEthCount": 7.261499999999979,
  "refUserCount": 317,
  "last7dReset": 1748788581689
}