{
  "ethCount": 319.82580000003014,
  "userCount": 14306,
  "lastTick": 1749299302595,
  "refEthCount": 7.261499999999979,
  "refUserCount": 317,
  "last7dReset": 1748788581689
}