{
  "ethCount": 382.58200000005144,
  "userCount": 17116,
  "lastTick": 1749299302595,
  "refEthCount": 7.261499999999979,
  "refUserCount": 317,
  "last7dReset": 1748788581689
}