{
  "ethCount": 293.40760000001904,
  "userCount": 13133,
  "lastTick": 1749299302595,
  "refEthCount": 7.261499999999979,
  "refUserCount": 317,
  "last7dReset": 1748788581689
}