{
  "ethCount": 408.44560000006123,
  "userCount": 18282,
  "lastTick": 1749299302595,
  "refEthCount": 7.261499999999979,
  "refUserCount": 317,
  "last7dReset": 1748788581689
}