{
  "ethCount": 379.54640000005054,
  "userCount": 16983,
  "lastTick": 1749299302595,
  "refEthCount": 7.261499999999979,
  "refUserCount": 317,
  "last7dReset": 1748788581689
}