{
  "ethCount": 167.30129999999954,
  "userCount": 7528,
  "lastTick": 1749299302595,
  "refEthCount": 7.261499999999979,
  "refUserCount": 317,
  "last7dReset": 1748788581689
}