{
  "ethCount": 316.80850000002937,
  "userCount": 14169,
  "lastTick": 1749299302595,
  "refEthCount": 7.261499999999979,
  "refUserCount": 317,
  "last7dReset": 1748788581689
}