{
  "ethCount": 79.59589999999896,
  "userCount": 3575,
  "lastTick": 1749299302595,
  "refEthCount": 7.261499999999979,
  "refUserCount": 317,
  "last7dReset": 1748788581689
}