{
  "ethCount": 481.38370000008524,
  "userCount": 21582,
  "lastTick": 1749299302595,
  "refEthCount": 7.261499999999979,
  "refUserCount": 317,
  "last7dReset": 1748788581689
}