{
  "ethCount": 201.52920000000165,
  "userCount": 9034,
  "lastTick": 1749299302595,
  "refEthCount": 7.261499999999979,
  "refUserCount": 317,
  "last7dReset": 1748788581689
}