{
  "ethCount": 70.79119999999931,
  "userCount": 3183,
  "lastTick": 1749299302595,
  "refEthCount": 7.261499999999979,
  "refUserCount": 317,
  "last7dReset": 1748788581689
}