{
  "ethCount": 68.13779999999936,
  "userCount": 3055,
  "lastTick": 1749299302595,
  "refEthCount": 7.261499999999979,
  "refUserCount": 317,
  "last7dReset": 1748788581689
}