{
  "ethCount": 470.64940000008204,
  "userCount": 21092,
  "lastTick": 1749299302595,
  "refEthCount": 7.261499999999979,
  "refUserCount": 317,
  "last7dReset": 1748788581689
}