{
  "ethCount": 75.23709999999919,
  "userCount": 3384,
  "lastTick": 1749299302595,
  "refEthCount": 7.261499999999979,
  "refUserCount": 317,
  "last7dReset": 1748788581689
}