{
  "ethCount": 284.4116000000163,
  "userCount": 12727,
  "lastTick": 1749299302595,
  "refEthCount": 7.261499999999979,
  "refUserCount": 317,
  "last7dReset": 1748788581689
}