{
  "ethCount": 145.51689999999837,
  "userCount": 6541,
  "lastTick": 1749299302595,
  "refEthCount": 7.261499999999979,
  "refUserCount": 317,
  "last7dReset": 1748788581689
}