{
  "ethCount": 104.40369999999818,
  "userCount": 4684,
  "lastTick": 1749299302595,
  "refEthCount": 7.261499999999979,
  "refUserCount": 317,
  "last7dReset": 1748788581689
}