{
  "ethCount": 544.4208000000707,
  "userCount": 24463,
  "lastTick": 1749299302595,
  "refEthCount": 7.261499999999979,
  "refUserCount": 317,
  "last7dReset": 1748788581689
}