{
  "ethCount": 443.94240000007113,
  "userCount": 19897,
  "lastTick": 1749299302595,
  "refEthCount": 7.261499999999979,
  "refUserCount": 317,
  "last7dReset": 1748788581689
}