{
  "ethCount": 386.7473000000533,
  "userCount": 17298,
  "lastTick": 1749299302595,
  "refEthCount": 7.261499999999979,
  "refUserCount": 317,
  "last7dReset": 1748788581689
}