{
  "ethCount": 439.5830000000702,
  "userCount": 19693,
  "lastTick": 1749299302595,
  "refEthCount": 7.261499999999979,
  "refUserCount": 317,
  "last7dReset": 1748788581689
}