{
  "ethCount": 395.82170000005686,
  "userCount": 17707,
  "lastTick": 1749299302595,
  "refEthCount": 7.261499999999979,
  "refUserCount": 317,
  "last7dReset": 1748788581689
}