{
  "ethCount": 537.2557000000752,
  "userCount": 24132,
  "lastTick": 1749299302595,
  "refEthCount": 7.261499999999979,
  "refUserCount": 317,
  "last7dReset": 1748788581689
}