{
  "ethCount": 50.663699999999714,
  "userCount": 2272,
  "lastTick": 1749299302595,
  "refEthCount": 7.261499999999979,
  "refUserCount": 317,
  "last7dReset": 1748788581689
}