{
  "ethCount": 183.40560000000036,
  "userCount": 8253,
  "lastTick": 1749299302595,
  "refEthCount": 7.261499999999979,
  "refUserCount": 317,
  "last7dReset": 1748788581689
}