{
  "ethCount": 360.71590000004437,
  "userCount": 16131,
  "lastTick": 1749299302595,
  "refEthCount": 7.261499999999979,
  "refUserCount": 317,
  "last7dReset": 1748788581689
}