{
  "ethCount": 189.9787000000009,
  "userCount": 8530,
  "lastTick": 1749299302595,
  "refEthCount": 7.261499999999979,
  "refUserCount": 317,
  "last7dReset": 1748788581689
}