{
  "ethCount": 475.2258000000835,
  "userCount": 21300,
  "lastTick": 1749299302595,
  "refEthCount": 7.261499999999979,
  "refUserCount": 317,
  "last7dReset": 1748788581689
}