{
  "ethCount": 82.93799999999887,
  "userCount": 3722,
  "lastTick": 1749299302595,
  "refEthCount": 7.261499999999979,
  "refUserCount": 317,
  "last7dReset": 1748788581689
}