{
  "ethCount": 471.88780000008273,
  "userCount": 21146,
  "lastTick": 1749299302595,
  "refEthCount": 7.261499999999979,
  "refUserCount": 317,
  "last7dReset": 1748788581689
}