{
  "ethCount": 276.29490000001323,
  "userCount": 12366,
  "lastTick": 1749299302595,
  "refEthCount": 7.261499999999979,
  "refUserCount": 317,
  "last7dReset": 1748788581689
}