{
  "ethCount": 238.58050000000387,
  "userCount": 10680,
  "lastTick": 1749299302595,
  "refEthCount": 7.261499999999979,
  "refUserCount": 317,
  "last7dReset": 1748788581689
}