{
  "ethCount": 413.47990000006286,
  "userCount": 18509,
  "lastTick": 1749299302595,
  "refEthCount": 7.261499999999979,
  "refUserCount": 317,
  "last7dReset": 1748788581689
}