{
  "ethCount": 287.85530000001734,
  "userCount": 12885,
  "lastTick": 1749299302595,
  "refEthCount": 7.261499999999979,
  "refUserCount": 317,
  "last7dReset": 1748788581689
}