{
  "ethCount": 209.00200000000214,
  "userCount": 9367,
  "lastTick": 1749299302595,
  "refEthCount": 7.261499999999979,
  "refUserCount": 317,
  "last7dReset": 1748788581689
}