{
  "ethCount": 365.34750000004635,
  "userCount": 16335,
  "lastTick": 1749299302595,
  "refEthCount": 7.261499999999979,
  "refUserCount": 317,
  "last7dReset": 1748788581689
}