{
  "ethCount": 129.64019999999752,
  "userCount": 5825,
  "lastTick": 1749299302595,
  "refEthCount": 7.261499999999979,
  "refUserCount": 317,
  "last7dReset": 1748788581689
}