{
  "ethCount": 493.72800000008846,
  "userCount": 22163,
  "lastTick": 1749299302595,
  "refEthCount": 7.261499999999979,
  "refUserCount": 317,
  "last7dReset": 1748788581689
}