{
  "ethCount": 601.1689000000271,
  "userCount": 27006,
  "lastTick": 1749299302595,
  "refEthCount": 7.261499999999979,
  "refUserCount": 317,
  "last7dReset": 1748788581689
}