{
  "ethCount": 51.58409999999969,
  "userCount": 2309,
  "lastTick": 1749299302595,
  "refEthCount": 7.261499999999979,
  "refUserCount": 317,
  "last7dReset": 1748788581689
}