{
  "ethCount": 54.24829999999966,
  "userCount": 2428,
  "lastTick": 1749299302595,
  "refEthCount": 7.261499999999979,
  "refUserCount": 317,
  "last7dReset": 1748788581689
}