{
  "ethCount": 216.95930000000274,
  "userCount": 9710,
  "lastTick": 1749299302595,
  "refEthCount": 7.261499999999979,
  "refUserCount": 317,
  "last7dReset": 1748788581689
}