{
  "ethCount": 437.34610000006927,
  "userCount": 19590,
  "lastTick": 1749299302595,
  "refEthCount": 7.261499999999979,
  "refUserCount": 317,
  "last7dReset": 1748788581689
}