{
  "ethCount": 364.0040000000458,
  "userCount": 16274,
  "lastTick": 1749299302595,
  "refEthCount": 7.261499999999979,
  "refUserCount": 317,
  "last7dReset": 1748788581689
}