{
  "ethCount": 416.6894000000641,
  "userCount": 18650,
  "lastTick": 1749299302595,
  "refEthCount": 7.261499999999979,
  "refUserCount": 317,
  "last7dReset": 1748788581689
}