{
  "ethCount": 522.5412000000865,
  "userCount": 23457,
  "lastTick": 1749299302595,
  "refEthCount": 7.261499999999979,
  "refUserCount": 317,
  "last7dReset": 1748788581689
}