{
  "ethCount": 431.5091000000677,
  "userCount": 19326,
  "lastTick": 1749299302595,
  "refEthCount": 7.261499999999979,
  "refUserCount": 317,
  "last7dReset": 1748788581689
}