{
  "ethCount": 284.55020000001633,
  "userCount": 12734,
  "lastTick": 1749299302595,
  "refEthCount": 7.261499999999979,
  "refUserCount": 317,
  "last7dReset": 1748788581689
}