{
  "ethCount": 227.23260000000317,
  "userCount": 10170,
  "lastTick": 1749299302595,
  "refEthCount": 7.261499999999979,
  "refUserCount": 317,
  "last7dReset": 1748788581689
}