{
  "ethCount": 171.74949999999973,
  "userCount": 7726,
  "lastTick": 1749299302595,
  "refEthCount": 7.261499999999979,
  "refUserCount": 317,
  "last7dReset": 1748788581689
}