{
  "ethCount": 53.366699999999675,
  "userCount": 2388,
  "lastTick": 1749299302595,
  "refEthCount": 7.261499999999979,
  "refUserCount": 317,
  "last7dReset": 1748788581689
}