{
  "ethCount": 442.8843000000709,
  "userCount": 19847,
  "lastTick": 1749299302595,
  "refEthCount": 7.261499999999979,
  "refUserCount": 317,
  "last7dReset": 1748788581689
}