{
  "ethCount": 29.672200000000032,
  "userCount": 1354,
  "lastTick": 1749299302595,
  "refEthCount": 7.261499999999979,
  "refUserCount": 317,
  "last7dReset": 1748788581689
}