{
  "ethCount": 450.1315000000731,
  "userCount": 20181,
  "lastTick": 1749299302595,
  "refEthCount": 7.261499999999979,
  "refUserCount": 317,
  "last7dReset": 1748788581689
}