{
  "ethCount": 568.3389000000552,
  "userCount": 25556,
  "lastTick": 1749299302595,
  "refEthCount": 7.261499999999979,
  "refUserCount": 317,
  "last7dReset": 1748788581689
}