{
  "ethCount": 421.30070000006515,
  "userCount": 18858,
  "lastTick": 1749299302595,
  "refEthCount": 7.261499999999979,
  "refUserCount": 317,
  "last7dReset": 1748788581689
}