{
  "ethCount": 119.37509999999767,
  "userCount": 5355,
  "lastTick": 1749299302595,
  "refEthCount": 7.261499999999979,
  "refUserCount": 317,
  "last7dReset": 1748788581689
}