{
  "ethCount": 294.26670000001957,
  "userCount": 13171,
  "lastTick": 1749299302595,
  "refEthCount": 7.261499999999979,
  "refUserCount": 317,
  "last7dReset": 1748788581689
}