{
  "ethCount": 500.86050000009055,
  "userCount": 22489,
  "lastTick": 1749299302595,
  "refEthCount": 7.261499999999979,
  "refUserCount": 317,
  "last7dReset": 1748788581689
}