{
  "ethCount": 194.29560000000114,
  "userCount": 8716,
  "lastTick": 1749299302595,
  "refEthCount": 7.261499999999979,
  "refUserCount": 317,
  "last7dReset": 1748788581689
}