{
  "ethCount": 174.60559999999995,
  "userCount": 7861,
  "lastTick": 1749299302595,
  "refEthCount": 7.261499999999979,
  "refUserCount": 317,
  "last7dReset": 1748788581689
}