{
  "ethCount": 198.19250000000142,
  "userCount": 8892,
  "lastTick": 1749299302595,
  "refEthCount": 7.261499999999979,
  "refUserCount": 317,
  "last7dReset": 1748788581689
}