{
  "ethCount": 268.03290000000953,
  "userCount": 12010,
  "lastTick": 1749299302595,
  "refEthCount": 7.261499999999979,
  "refUserCount": 317,
  "last7dReset": 1748788581689
}