{
  "ethCount": 46.18319999999983,
  "userCount": 2070,
  "lastTick": 1749299302595,
  "refEthCount": 7.261499999999979,
  "refUserCount": 317,
  "last7dReset": 1748788581689
}