{
  "ethCount": 114.5609999999979,
  "userCount": 5139,
  "lastTick": 1749299302595,
  "refEthCount": 7.261499999999979,
  "refUserCount": 317,
  "last7dReset": 1748788581689
}