{
  "ethCount": 481.42010000008526,
  "userCount": 21583,
  "lastTick": 1749299302595,
  "refEthCount": 7.261499999999979,
  "refUserCount": 317,
  "last7dReset": 1748788581689
}