{
  "ethCount": 542.8234000000718,
  "userCount": 24393,
  "lastTick": 1749299302595,
  "refEthCount": 7.261499999999979,
  "refUserCount": 317,
  "last7dReset": 1748788581689
}