{
  "ethCount": 264.1190000000084,
  "userCount": 11828,
  "lastTick": 1749299302595,
  "refEthCount": 7.261499999999979,
  "refUserCount": 317,
  "last7dReset": 1748788581689
}