{
  "ethCount": 370.62260000004767,
  "userCount": 16579,
  "lastTick": 1749299302595,
  "refEthCount": 7.261499999999979,
  "refUserCount": 317,
  "last7dReset": 1748788581689
}