{
  "ethCount": 315.78430000002857,
  "userCount": 14129,
  "lastTick": 1749299302595,
  "refEthCount": 7.261499999999979,
  "refUserCount": 317,
  "last7dReset": 1748788581689
}