{
  "ethCount": 288.5859000000177,
  "userCount": 12914,
  "lastTick": 1749299302595,
  "refEthCount": 7.261499999999979,
  "refUserCount": 317,
  "last7dReset": 1748788581689
}