{
  "ethCount": 92.29439999999862,
  "userCount": 4144,
  "lastTick": 1749299302595,
  "refEthCount": 7.261499999999979,
  "refUserCount": 317,
  "last7dReset": 1748788581689
}