{
  "ethCount": 231.44020000000344,
  "userCount": 10357,
  "lastTick": 1749299302595,
  "refEthCount": 7.261499999999979,
  "refUserCount": 317,
  "last7dReset": 1748788581689
}