{
  "ethCount": 306.9500000000244,
  "userCount": 13739,
  "lastTick": 1749299302595,
  "refEthCount": 7.261499999999979,
  "refUserCount": 317,
  "last7dReset": 1748788581689
}