{
  "ethCount": 194.31520000000114,
  "userCount": 8717,
  "lastTick": 1749299302595,
  "refEthCount": 7.261499999999979,
  "refUserCount": 317,
  "last7dReset": 1748788581689
}