{
  "ethCount": 78.57699999999902,
  "userCount": 3527,
  "lastTick": 1749299302595,
  "refEthCount": 7.261499999999979,
  "refUserCount": 317,
  "last7dReset": 1748788581689
}