{
  "ethCount": 454.8762000000752,
  "userCount": 20393,
  "lastTick": 1749299302595,
  "refEthCount": 7.261499999999979,
  "refUserCount": 317,
  "last7dReset": 1748788581689
}