{
  "ethCount": 212.71450000000246,
  "userCount": 9525,
  "lastTick": 1749299302595,
  "refEthCount": 7.261499999999979,
  "refUserCount": 317,
  "last7dReset": 1748788581689
}