{
  "ethCount": 284.53810000001636,
  "userCount": 12733,
  "lastTick": 1749299302595,
  "refEthCount": 7.261499999999979,
  "refUserCount": 317,
  "last7dReset": 1748788581689
}