{
  "ethCount": 397.23160000005737,
  "userCount": 17775,
  "lastTick": 1749299302595,
  "refEthCount": 7.261499999999979,
  "refUserCount": 317,
  "last7dReset": 1748788581689
}