{
  "ethCount": 491.86210000008805,
  "userCount": 22074,
  "lastTick": 1749299302595,
  "refEthCount": 7.261499999999979,
  "refUserCount": 317,
  "last7dReset": 1748788581689
}