{
  "ethCount": 217.24570000000278,
  "userCount": 9722,
  "lastTick": 1749299302595,
  "refEthCount": 7.261499999999979,
  "refUserCount": 317,
  "last7dReset": 1748788581689
}