{
  "ethCount": 287.3852000000171,
  "userCount": 12865,
  "lastTick": 1749299302595,
  "refEthCount": 7.261499999999979,
  "refUserCount": 317,
  "last7dReset": 1748788581689
}