{
  "ethCount": 575.9701000000483,
  "userCount": 25894,
  "lastTick": 1749299302595,
  "refEthCount": 7.261499999999979,
  "refUserCount": 317,
  "last7dReset": 1748788581689
}