{
  "ethCount": 67.13769999999941,
  "userCount": 3007,
  "lastTick": 1749299302595,
  "refEthCount": 7.261499999999979,
  "refUserCount": 317,
  "last7dReset": 1748788581689
}