{
  "ethCount": 464.94740000007914,
  "userCount": 20845,
  "lastTick": 1749299302595,
  "refEthCount": 7.261499999999979,
  "refUserCount": 317,
  "last7dReset": 1748788581689
}