{
  "ethCount": 492.47770000008813,
  "userCount": 22104,
  "lastTick": 1749299302595,
  "refEthCount": 7.261499999999979,
  "refUserCount": 317,
  "last7dReset": 1748788581689
}