{
  "ethCount": 436.19730000006916,
  "userCount": 19535,
  "lastTick": 1749299302595,
  "refEthCount": 7.261499999999979,
  "refUserCount": 317,
  "last7dReset": 1748788581689
}