{
  "ethCount": 370.78080000004775,
  "userCount": 16587,
  "lastTick": 1749299302595,
  "refEthCount": 7.261499999999979,
  "refUserCount": 317,
  "last7dReset": 1748788581689
}