{
  "ethCount": 427.8804000000663,
  "userCount": 19168,
  "lastTick": 1749299302595,
  "refEthCount": 7.261499999999979,
  "refUserCount": 317,
  "last7dReset": 1748788581689
}