{
  "ethCount": 576.9667000000476,
  "userCount": 25941,
  "lastTick": 1749299302595,
  "refEthCount": 7.261499999999979,
  "refUserCount": 317,
  "last7dReset": 1748788581689
}