{
  "ethCount": 442.18550000007053,
  "userCount": 19817,
  "lastTick": 1749299302595,
  "refEthCount": 7.261499999999979,
  "refUserCount": 317,
  "last7dReset": 1748788581689
}