{
  "ethCount": 449.9346000000731,
  "userCount": 20172,
  "lastTick": 1749299302595,
  "refEthCount": 7.261499999999979,
  "refUserCount": 317,
  "last7dReset": 1748788581689
}