{
  "ethCount": 103.81779999999821,
  "userCount": 4657,
  "lastTick": 1749299302595,
  "refEthCount": 7.261499999999979,
  "refUserCount": 317,
  "last7dReset": 1748788581689
}