{
  "ethCount": 155.34699999999884,
  "userCount": 7003,
  "lastTick": 1749299302595,
  "refEthCount": 7.261499999999979,
  "refUserCount": 317,
  "last7dReset": 1748788581689
}