{
  "ethCount": 527.2803000000835,
  "userCount": 23674,
  "lastTick": 1749299302595,
  "refEthCount": 7.261499999999979,
  "refUserCount": 317,
  "last7dReset": 1748788581689
}