{
  "ethCount": 523.8177000000853,
  "userCount": 23513,
  "lastTick": 1749299302595,
  "refEthCount": 7.261499999999979,
  "refUserCount": 317,
  "last7dReset": 1748788581689
}