{
  "ethCount": 358.3260000000435,
  "userCount": 16027,
  "lastTick": 1749299302595,
  "refEthCount": 7.261499999999979,
  "refUserCount": 317,
  "last7dReset": 1748788581689
}