{
  "ethCount": 143.61509999999825,
  "userCount": 6464,
  "lastTick": 1749299302595,
  "refEthCount": 7.261499999999979,
  "refUserCount": 317,
  "last7dReset": 1748788581689
}