{
  "ethCount": 318.7458000000299,
  "userCount": 14254,
  "lastTick": 1749299302595,
  "refEthCount": 7.261499999999979,
  "refUserCount": 317,
  "last7dReset": 1748788581689
}