{
  "ethCount": 564.5566000000574,
  "userCount": 25387,
  "lastTick": 1749299302595,
  "refEthCount": 7.261499999999979,
  "refUserCount": 317,
  "last7dReset": 1748788581689
}