{
  "ethCount": 476.66560000008394,
  "userCount": 21365,
  "lastTick": 1749299302595,
  "refEthCount": 7.261499999999979,
  "refUserCount": 317,
  "last7dReset": 1748788581689
}