{
  "ethCount": 28.182500000000026,
  "userCount": 1290,
  "lastTick": 1749299302595,
  "refEthCount": 7.261499999999979,
  "refUserCount": 317,
  "last7dReset": 1748788581689
}