{
  "ethCount": 106.19269999999814,
  "userCount": 4766,
  "lastTick": 1749299302595,
  "refEthCount": 7.261499999999979,
  "refUserCount": 317,
  "last7dReset": 1748788581689
}