{
  "ethCount": 443.98970000007114,
  "userCount": 19899,
  "lastTick": 1749299302595,
  "refEthCount": 7.261499999999979,
  "refUserCount": 317,
  "last7dReset": 1748788581689
}