{
  "ethCount": 54.567299999999655,
  "userCount": 2443,
  "lastTick": 1749299302595,
  "refEthCount": 7.261499999999979,
  "refUserCount": 317,
  "last7dReset": 1748788581689
}