{
  "ethCount": 297.2417000000207,
  "userCount": 13305,
  "lastTick": 1749299302595,
  "refEthCount": 7.261499999999979,
  "refUserCount": 317,
  "last7dReset": 1748788581689
}