{
  "ethCount": 116.36179999999781,
  "userCount": 5220,
  "lastTick": 1749299302595,
  "refEthCount": 7.261499999999979,
  "refUserCount": 317,
  "last7dReset": 1748788581689
}