{
  "ethCount": 500.28430000009024,
  "userCount": 22466,
  "lastTick": 1749299302595,
  "refEthCount": 7.261499999999979,
  "refUserCount": 317,
  "last7dReset": 1748788581689
}