{
  "ethCount": 293.73350000001926,
  "userCount": 13146,
  "lastTick": 1749299302595,
  "refEthCount": 7.261499999999979,
  "refUserCount": 317,
  "last7dReset": 1748788581689
}