{
  "ethCount": 77.67569999999904,
  "userCount": 3487,
  "lastTick": 1749299302595,
  "refEthCount": 7.261499999999979,
  "refUserCount": 317,
  "last7dReset": 1748788581689
}