{
  "ethCount": 490.26390000008735,
  "userCount": 22001,
  "lastTick": 1749299302595,
  "refEthCount": 7.261499999999979,
  "refUserCount": 317,
  "last7dReset": 1748788581689
}