{
  "ethCount": 189.0375000000008,
  "userCount": 8490,
  "lastTick": 1749299302595,
  "refEthCount": 7.261499999999979,
  "refUserCount": 317,
  "last7dReset": 1748788581689
}