{
  "ethCount": 473.09430000008285,
  "userCount": 21205,
  "lastTick": 1749299302595,
  "refEthCount": 7.261499999999979,
  "refUserCount": 317,
  "last7dReset": 1748788581689
}