{
  "ethCount": 179.72890000000018,
  "userCount": 8092,
  "lastTick": 1749299302595,
  "refEthCount": 7.261499999999979,
  "refUserCount": 317,
  "last7dReset": 1748788581689
}