{
  "ethCount": 336.55950000003617,
  "userCount": 15053,
  "lastTick": 1749299302595,
  "refEthCount": 7.261499999999979,
  "refUserCount": 317,
  "last7dReset": 1748788581689
}