{
  "ethCount": 300.6808000000225,
  "userCount": 13455,
  "lastTick": 1749299302595,
  "refEthCount": 7.261499999999979,
  "refUserCount": 317,
  "last7dReset": 1748788581689
}