{
  "ethCount": 137.11129999999798,
  "userCount": 6173,
  "lastTick": 1749299302595,
  "refEthCount": 7.261499999999979,
  "refUserCount": 317,
  "last7dReset": 1748788581689
}