{
  "ethCount": 95.2948999999985,
  "userCount": 4274,
  "lastTick": 1749299302595,
  "refEthCount": 7.261499999999979,
  "refUserCount": 317,
  "last7dReset": 1748788581689
}