{
  "ethCount": 183.21920000000034,
  "userCount": 8244,
  "lastTick": 1749299302595,
  "refEthCount": 7.261499999999979,
  "refUserCount": 317,
  "last7dReset": 1748788581689
}