{
  "ethCount": 379.26790000005025,
  "userCount": 16975,
  "lastTick": 1749299302595,
  "refEthCount": 7.261499999999979,
  "refUserCount": 317,
  "last7dReset": 1748788581689
}