{
  "ethCount": 491.25920000008773,
  "userCount": 22049,
  "lastTick": 1749299302595,
  "refEthCount": 7.261499999999979,
  "refUserCount": 317,
  "last7dReset": 1748788581689
}