{
  "ethCount": 449.4064000000728,
  "userCount": 20149,
  "lastTick": 1749299302595,
  "refEthCount": 7.261499999999979,
  "refUserCount": 317,
  "last7dReset": 1748788581689
}