{
  "ethCount": 297.3832000000209,
  "userCount": 13311,
  "lastTick": 1749299302595,
  "refEthCount": 7.261499999999979,
  "refUserCount": 317,
  "last7dReset": 1748788581689
}