{
  "ethCount": 75.73089999999915,
  "userCount": 3402,
  "lastTick": 1749299302595,
  "refEthCount": 7.261499999999979,
  "refUserCount": 317,
  "last7dReset": 1748788581689
}