{
  "ethCount": 555.0320000000638,
  "userCount": 24951,
  "lastTick": 1749299302595,
  "refEthCount": 7.261499999999979,
  "refUserCount": 317,
  "last7dReset": 1748788581689
}