{
  "ethCount": 421.4866000000652,
  "userCount": 18867,
  "lastTick": 1749299302595,
  "refEthCount": 7.261499999999979,
  "refUserCount": 317,
  "last7dReset": 1748788581689
}