{
  "ethCount": 211.21350000000237,
  "userCount": 9459,
  "lastTick": 1749299302595,
  "refEthCount": 7.261499999999979,
  "refUserCount": 317,
  "last7dReset": 1748788581689
}