{
  "ethCount": 197.41360000000134,
  "userCount": 8859,
  "lastTick": 1749299302595,
  "refEthCount": 7.261499999999979,
  "refUserCount": 317,
  "last7dReset": 1748788581689
}