{
  "ethCount": 503.78850000009163,
  "userCount": 22618,
  "lastTick": 1749299302595,
  "refEthCount": 7.261499999999979,
  "refUserCount": 317,
  "last7dReset": 1748788581689
}