{
  "ethCount": 89.26859999999873,
  "userCount": 4006,
  "lastTick": 1749299302595,
  "refEthCount": 7.261499999999979,
  "refUserCount": 317,
  "last7dReset": 1748788581689
}