{
  "ethCount": 240.35040000000393,
  "userCount": 10765,
  "lastTick": 1749299302595,
  "refEthCount": 7.261499999999979,
  "refUserCount": 317,
  "last7dReset": 1748788581689
}