{
  "ethCount": 264.2603000000085,
  "userCount": 11834,
  "lastTick": 1749299302595,
  "refEthCount": 7.261499999999979,
  "refUserCount": 317,
  "last7dReset": 1748788581689
}