{
  "ethCount": 437.2138000000692,
  "userCount": 19585,
  "lastTick": 1749299302595,
  "refEthCount": 7.261499999999979,
  "refUserCount": 317,
  "last7dReset": 1748788581689
}