{
  "ethCount": 178.80700000000013,
  "userCount": 8048,
  "lastTick": 1749299302595,
  "refEthCount": 7.261499999999979,
  "refUserCount": 317,
  "last7dReset": 1748788581689
}