{
  "ethCount": 372.86690000004853,
  "userCount": 16681,
  "lastTick": 1749299302595,
  "refEthCount": 7.261499999999979,
  "refUserCount": 317,
  "last7dReset": 1748788581689
}