{
  "ethCount": 462.8835000000785,
  "userCount": 20754,
  "lastTick": 1749299302595,
  "refEthCount": 7.261499999999979,
  "refUserCount": 317,
  "last7dReset": 1748788581689
}