{
  "ethCount": 460.22960000007765,
  "userCount": 20634,
  "lastTick": 1749299302595,
  "refEthCount": 7.261499999999979,
  "refUserCount": 317,
  "last7dReset": 1748788581689
}