{
  "ethCount": 247.9184000000043,
  "userCount": 11108,
  "lastTick": 1749299302595,
  "refEthCount": 7.261499999999979,
  "refUserCount": 317,
  "last7dReset": 1748788581689
}