{
  "ethCount": 410.8527000000618,
  "userCount": 18395,
  "lastTick": 1749299302595,
  "refEthCount": 7.261499999999979,
  "refUserCount": 317,
  "last7dReset": 1748788581689
}