{
  "ethCount": 109.34469999999811,
  "userCount": 4911,
  "lastTick": 1749299302595,
  "refEthCount": 7.261499999999979,
  "refUserCount": 317,
  "last7dReset": 1748788581689
}