{
  "ethCount": 453.76230000007473,
  "userCount": 20341,
  "lastTick": 1749299302595,
  "refEthCount": 7.261499999999979,
  "refUserCount": 317,
  "last7dReset": 1748788581689
}