{
  "ethCount": 355.9631000000428,
  "userCount": 15918,
  "lastTick": 1749299302595,
  "refEthCount": 7.261499999999979,
  "refUserCount": 317,
  "last7dReset": 1748788581689
}