{
  "ethCount": 341.2829000000379,
  "userCount": 15266,
  "lastTick": 1749299302595,
  "refEthCount": 7.261499999999979,
  "refUserCount": 317,
  "last7dReset": 1748788581689
}