{
  "ethCount": 488.8453000000871,
  "userCount": 21936,
  "lastTick": 1749299302595,
  "refEthCount": 7.261499999999979,
  "refUserCount": 317,
  "last7dReset": 1748788581689
}