{
  "ethCount": 507.0702000000929,
  "userCount": 22758,
  "lastTick": 1749299302595,
  "refEthCount": 7.261499999999979,
  "refUserCount": 317,
  "last7dReset": 1748788581689
}