{
  "ethCount": 248.30510000000433,
  "userCount": 11127,
  "lastTick": 1749299302595,
  "refEthCount": 7.261499999999979,
  "refUserCount": 317,
  "last7dReset": 1748788581689
}