{
  "ethCount": 392.70310000005554,
  "userCount": 17571,
  "lastTick": 1749299302595,
  "refEthCount": 7.261499999999979,
  "refUserCount": 317,
  "last7dReset": 1748788581689
}