{
  "ethCount": 568.3222000000551,
  "userCount": 25554,
  "lastTick": 1749299302595,
  "refEthCount": 7.261499999999979,
  "refUserCount": 317,
  "last7dReset": 1748788581689
}