{
  "ethCount": 238.53320000000386,
  "userCount": 10678,
  "lastTick": 1749299302595,
  "refEthCount": 7.261499999999979,
  "refUserCount": 317,
  "last7dReset": 1748788581689
}