{
  "ethCount": 428.37650000006676,
  "userCount": 19185,
  "lastTick": 1749299302595,
  "refEthCount": 7.261499999999979,
  "refUserCount": 317,
  "last7dReset": 1748788581689
}