{
  "ethCount": 450.6273000000735,
  "userCount": 20201,
  "lastTick": 1749299302595,
  "refEthCount": 7.261499999999979,
  "refUserCount": 317,
  "last7dReset": 1748788581689
}