{
  "ethCount": 440.34180000007024,
  "userCount": 19729,
  "lastTick": 1749299302595,
  "refEthCount": 7.261499999999979,
  "refUserCount": 317,
  "last7dReset": 1748788581689
}