{
  "ethCount": 210.27900000000224,
  "userCount": 9422,
  "lastTick": 1749299302595,
  "refEthCount": 7.261499999999979,
  "refUserCount": 317,
  "last7dReset": 1748788581689
}