{
  "ethCount": 560.6966000000601,
  "userCount": 25215,
  "lastTick": 1749299302595,
  "refEthCount": 7.261499999999979,
  "refUserCount": 317,
  "last7dReset": 1748788581689
}