{
  "ethCount": 203.9019000000018,
  "userCount": 9141,
  "lastTick": 1749299302595,
  "refEthCount": 7.261499999999979,
  "refUserCount": 317,
  "last7dReset": 1748788581689
}