{
  "ethCount": 197.67680000000138,
  "userCount": 8871,
  "lastTick": 1749299302595,
  "refEthCount": 7.261499999999979,
  "refUserCount": 317,
  "last7dReset": 1748788581689
}