{
  "ethCount": 475.40590000008353,
  "userCount": 21309,
  "lastTick": 1749299302595,
  "refEthCount": 7.261499999999979,
  "refUserCount": 317,
  "last7dReset": 1748788581689
}