{
  "ethCount": 425.29530000006565,
  "userCount": 19050,
  "lastTick": 1749299302595,
  "refEthCount": 7.261499999999979,
  "refUserCount": 317,
  "last7dReset": 1748788581689
}