{
  "ethCount": 194.1186000000011,
  "userCount": 8714,
  "lastTick": 1749299302595,
  "refEthCount": 7.261499999999979,
  "refUserCount": 317,
  "last7dReset": 1748788581689
}