{
  "ethCount": 145.45729999999836,
  "userCount": 6542,
  "lastTick": 1749299302595,
  "refEthCount": 7.261499999999979,
  "refUserCount": 317,
  "last7dReset": 1748788581689
}