{
  "ethCount": 374.47690000004894,
  "userCount": 16756,
  "lastTick": 1749299302595,
  "refEthCount": 7.261499999999979,
  "refUserCount": 317,
  "last7dReset": 1748788581689
}