{
  "ethCount": 560.97580000006,
  "userCount": 25228,
  "lastTick": 1749299302595,
  "refEthCount": 7.261499999999979,
  "refUserCount": 317,
  "last7dReset": 1748788581689
}