{
  "ethCount": 338.02410000003647,
  "userCount": 15122,
  "lastTick": 1749299302595,
  "refEthCount": 7.261499999999979,
  "refUserCount": 317,
  "last7dReset": 1748788581689
}