{
  "ethCount": 193.55580000000106,
  "userCount": 8688,
  "lastTick": 1749299302595,
  "refEthCount": 7.261499999999979,
  "refUserCount": 317,
  "last7dReset": 1748788581689
}