{
  "ethCount": 235.40210000000357,
  "userCount": 10542,
  "lastTick": 1749299302595,
  "refEthCount": 7.261499999999979,
  "refUserCount": 317,
  "last7dReset": 1748788581689
}