{
  "ethCount": 484.7605000000864,
  "userCount": 21736,
  "lastTick": 1749299302595,
  "refEthCount": 7.261499999999979,
  "refUserCount": 317,
  "last7dReset": 1748788581689
}