{
  "ethCount": 211.44720000000237,
  "userCount": 9470,
  "lastTick": 1749299302595,
  "refEthCount": 7.261499999999979,
  "refUserCount": 317,
  "last7dReset": 1748788581689
}