{
  "ethCount": 517.8367000000911,
  "userCount": 23247,
  "lastTick": 1749299302595,
  "refEthCount": 7.261499999999979,
  "refUserCount": 317,
  "last7dReset": 1748788581689
}