{
  "ethCount": 377.8804000000498,
  "userCount": 16910,
  "lastTick": 1749299302595,
  "refEthCount": 7.261499999999979,
  "refUserCount": 317,
  "last7dReset": 1748788581689
}