{
  "ethCount": 398.1698000000579,
  "userCount": 17813,
  "lastTick": 1749299302595,
  "refEthCount": 7.261499999999979,
  "refUserCount": 317,
  "last7dReset": 1748788581689
}