{
  "ethCount": 360.9955000000445,
  "userCount": 16143,
  "lastTick": 1749299302595,
  "refEthCount": 7.261499999999979,
  "refUserCount": 317,
  "last7dReset": 1748788581689
}