{
  "ethCount": 315.76470000002854,
  "userCount": 14128,
  "lastTick": 1749299302595,
  "refEthCount": 7.261499999999979,
  "refUserCount": 317,
  "last7dReset": 1748788581689
}