{
  "ethCount": 306.43130000002424,
  "userCount": 13714,
  "lastTick": 1749299302595,
  "refEthCount": 7.261499999999979,
  "refUserCount": 317,
  "last7dReset": 1748788581689
}