{
  "ethCount": 438.96220000006986,
  "userCount": 19664,
  "lastTick": 1749299302595,
  "refEthCount": 7.261499999999979,
  "refUserCount": 317,
  "last7dReset": 1748788581689
}