{
  "ethCount": 260.33420000000694,
  "userCount": 11663,
  "lastTick": 1749299302595,
  "refEthCount": 7.261499999999979,
  "refUserCount": 317,
  "last7dReset": 1748788581689
}