{
  "ethCount": 34.301400000000015,
  "userCount": 1560,
  "lastTick": 1749299302595,
  "refEthCount": 7.261499999999979,
  "refUserCount": 317,
  "last7dReset": 1748788581689
}