{
  "ethCount": 162.53609999999924,
  "userCount": 7323,
  "lastTick": 1749299302595,
  "refEthCount": 7.261499999999979,
  "refUserCount": 317,
  "last7dReset": 1748788581689
}