{
  "ethCount": 278.43080000001413,
  "userCount": 12462,
  "lastTick": 1749299302595,
  "refEthCount": 7.261499999999979,
  "refUserCount": 317,
  "last7dReset": 1748788581689
}