{
  "ethCount": 498.72940000008936,
  "userCount": 22398,
  "lastTick": 1749299302595,
  "refEthCount": 7.261499999999979,
  "refUserCount": 317,
  "last7dReset": 1748788581689
}