{
  "ethCount": 437.87290000006936,
  "userCount": 19615,
  "lastTick": 1749299302595,
  "refEthCount": 7.261499999999979,
  "refUserCount": 317,
  "last7dReset": 1748788581689
}