{
  "ethCount": 534.6479000000771,
  "userCount": 24007,
  "lastTick": 1749299302595,
  "refEthCount": 7.261499999999979,
  "refUserCount": 317,
  "last7dReset": 1748788581689
}