{
  "ethCount": 274.7575000000124,
  "userCount": 12302,
  "lastTick": 1749299302595,
  "refEthCount": 7.261499999999979,
  "refUserCount": 317,
  "last7dReset": 1748788581689
}