{
  "ethCount": 181.99940000000032,
  "userCount": 8188,
  "lastTick": 1749299302595,
  "refEthCount": 7.261499999999979,
  "refUserCount": 317,
  "last7dReset": 1748788581689
}