{
  "ethCount": 559.4420000000611,
  "userCount": 25158,
  "lastTick": 1749299302595,
  "refEthCount": 7.261499999999979,
  "refUserCount": 317,
  "last7dReset": 1748788581689
}