{
  "ethCount": 300.61930000002263,
  "userCount": 13449,
  "lastTick": 1749299302595,
  "refEthCount": 7.261499999999979,
  "refUserCount": 317,
  "last7dReset": 1748788581689
}