{
  "ethCount": 115.28449999999785,
  "userCount": 5168,
  "lastTick": 1749299302595,
  "refEthCount": 7.261499999999979,
  "refUserCount": 317,
  "last7dReset": 1748788581689
}