{
  "ethCount": 531.0320000000801,
  "userCount": 23842,
  "lastTick": 1749299302595,
  "refEthCount": 7.261499999999979,
  "refUserCount": 317,
  "last7dReset": 1748788581689
}