{
  "ethCount": 605.1151000000242,
  "userCount": 27191,
  "lastTick": 1749299302595,
  "refEthCount": 7.261499999999979,
  "refUserCount": 317,
  "last7dReset": 1748788581689
}