{
  "ethCount": 335.72340000003607,
  "userCount": 15014,
  "lastTick": 1749299302595,
  "refEthCount": 7.261499999999979,
  "refUserCount": 317,
  "last7dReset": 1748788581689
}