{
  "ethCount": 484.21660000008626,
  "userCount": 21712,
  "lastTick": 1749299302595,
  "refEthCount": 7.261499999999979,
  "refUserCount": 317,
  "last7dReset": 1748788581689
}