{
  "ethCount": 194.10380000000112,
  "userCount": 8710,
  "lastTick": 1749299302595,
  "refEthCount": 7.261499999999979,
  "refUserCount": 317,
  "last7dReset": 1748788581689
}