{
  "ethCount": 454.36790000007494,
  "userCount": 20368,
  "lastTick": 1749299302595,
  "refEthCount": 7.261499999999979,
  "refUserCount": 317,
  "last7dReset": 1748788581689
}