{
  "ethCount": 556.1530000000629,
  "userCount": 25003,
  "lastTick": 1749299302595,
  "refEthCount": 7.261499999999979,
  "refUserCount": 317,
  "last7dReset": 1748788581689
}