{
  "ethCount": 257.8961000000058,
  "userCount": 11559,
  "lastTick": 1749299302595,
  "refEthCount": 7.261499999999979,
  "refUserCount": 317,
  "last7dReset": 1748788581689
}