{
  "ethCount": 228.35850000000323,
  "userCount": 10224,
  "lastTick": 1749299302595,
  "refEthCount": 7.261499999999979,
  "refUserCount": 317,
  "last7dReset": 1748788581689
}