{
  "ethCount": 437.31560000006925,
  "userCount": 19588,
  "lastTick": 1749299302595,
  "refEthCount": 7.261499999999979,
  "refUserCount": 317,
  "last7dReset": 1748788581689
}