{
  "ethCount": 356.7475000000434,
  "userCount": 15951,
  "lastTick": 1749299302595,
  "refEthCount": 7.261499999999979,
  "refUserCount": 317,
  "last7dReset": 1748788581689
}