{
  "ethCount": 221.0004000000029,
  "userCount": 9884,
  "lastTick": 1749299302595,
  "refEthCount": 7.261499999999979,
  "refUserCount": 317,
  "last7dReset": 1748788581689
}