{
  "ethCount": 382.2466000000512,
  "userCount": 17103,
  "lastTick": 1749299302595,
  "refEthCount": 7.261499999999979,
  "refUserCount": 317,
  "last7dReset": 1748788581689
}