{
  "ethCount": 49.621499999999735,
  "userCount": 2223,
  "lastTick": 1749299302595,
  "refEthCount": 7.261499999999979,
  "refUserCount": 317,
  "last7dReset": 1748788581689
}