{
  "ethCount": 538.7759000000736,
  "userCount": 24197,
  "lastTick": 1749299302595,
  "refEthCount": 7.261499999999979,
  "refUserCount": 317,
  "last7dReset": 1748788581689
}