{
  "ethCount": 349.78000000004124,
  "userCount": 15633,
  "lastTick": 1749299302595,
  "refEthCount": 7.261499999999979,
  "refUserCount": 317,
  "last7dReset": 1748788581689
}