{
  "ethCount": 495.69500000008856,
  "userCount": 22259,
  "lastTick": 1749299302595,
  "refEthCount": 7.261499999999979,
  "refUserCount": 317,
  "last7dReset": 1748788581689
}