{
  "ethCount": 424.74380000006556,
  "userCount": 19024,
  "lastTick": 1749299302595,
  "refEthCount": 7.261499999999979,
  "refUserCount": 317,
  "last7dReset": 1748788581689
}