{
  "ethCount": 594.9244000000327,
  "userCount": 26735,
  "lastTick": 1749299302595,
  "refEthCount": 7.261499999999979,
  "refUserCount": 317,
  "last7dReset": 1748788581689
}