{
  "ethCount": 199.53950000000148,
  "userCount": 8946,
  "lastTick": 1749299302595,
  "refEthCount": 7.261499999999979,
  "refUserCount": 317,
  "last7dReset": 1748788581689
}