{
  "ethCount": 297.51360000002103,
  "userCount": 13316,
  "lastTick": 1749299302595,
  "refEthCount": 7.261499999999979,
  "refUserCount": 317,
  "last7dReset": 1748788581689
}