{
  "ethCount": 199.5604000000015,
  "userCount": 8945,
  "lastTick": 1749299302595,
  "refEthCount": 7.261499999999979,
  "refUserCount": 317,
  "last7dReset": 1748788581689
}