{
  "ethCount": 515.5279000000929,
  "userCount": 23140,
  "lastTick": 1749299302595,
  "refEthCount": 7.261499999999979,
  "refUserCount": 317,
  "last7dReset": 1748788581689
}