{
  "ethCount": 342.67190000003836,
  "userCount": 15326,
  "lastTick": 1749299302595,
  "refEthCount": 7.261499999999979,
  "refUserCount": 317,
  "last7dReset": 1748788581689
}