{
  "ethCount": 355.93890000004285,
  "userCount": 15916,
  "lastTick": 1749299302595,
  "refEthCount": 7.261499999999979,
  "refUserCount": 317,
  "last7dReset": 1748788581689
}