{
  "ethCount": 333.2960000000355,
  "userCount": 14903,
  "lastTick": 1749299302595,
  "refEthCount": 7.261499999999979,
  "refUserCount": 317,
  "last7dReset": 1748788581689
}