{
  "ethCount": 525.0012000000847,
  "userCount": 23568,
  "lastTick": 1749299302595,
  "refEthCount": 7.261499999999979,
  "refUserCount": 317,
  "last7dReset": 1748788581689
}