{
  "ethCount": 57.45889999999962,
  "userCount": 2577,
  "lastTick": 1749299302595,
  "refEthCount": 7.261499999999979,
  "refUserCount": 317,
  "last7dReset": 1748788581689
}