{
  "ethCount": 506.75150000009273,
  "userCount": 22745,
  "lastTick": 1749299302595,
  "refEthCount": 7.261499999999979,
  "refUserCount": 317,
  "last7dReset": 1748788581689
}