{
  "ethCount": 286.6170000000169,
  "userCount": 12829,
  "lastTick": 1749299302595,
  "refEthCount": 7.261499999999979,
  "refUserCount": 317,
  "last7dReset": 1748788581689
}