{
  "ethCount": 327.2862000000331,
  "userCount": 14638,
  "lastTick": 1749299302595,
  "refEthCount": 7.261499999999979,
  "refUserCount": 317,
  "last7dReset": 1748788581689
}