{
  "ethCount": 430.32700000006724,
  "userCount": 19275,
  "lastTick": 1749299302595,
  "refEthCount": 7.261499999999979,
  "refUserCount": 317,
  "last7dReset": 1748788581689
}