{
  "ethCount": 458.58180000007707,
  "userCount": 20556,
  "lastTick": 1749299302595,
  "refEthCount": 7.261499999999979,
  "refUserCount": 317,
  "last7dReset": 1748788581689
}