{
  "ethCount": 49.03149999999974,
  "userCount": 2194,
  "lastTick": 1749299302595,
  "refEthCount": 7.261499999999979,
  "refUserCount": 317,
  "last7dReset": 1748788581689
}