{
  "ethCount": 57.771599999999616,
  "userCount": 2592,
  "lastTick": 1749299302595,
  "refEthCount": 7.261499999999979,
  "refUserCount": 317,
  "last7dReset": 1748788581689
}