{
  "ethCount": 464.46310000007907,
  "userCount": 20821,
  "lastTick": 1749299302595,
  "refEthCount": 7.261499999999979,
  "refUserCount": 317,
  "last7dReset": 1748788581689
}