{
  "ethCount": 413.35230000006277,
  "userCount": 18505,
  "lastTick": 1749299302595,
  "refEthCount": 7.261499999999979,
  "refUserCount": 317,
  "last7dReset": 1748788581689
}