{
  "ethCount": 455.3035000000757,
  "userCount": 20407,
  "lastTick": 1749299302595,
  "refEthCount": 7.261499999999979,
  "refUserCount": 317,
  "last7dReset": 1748788581689
}