{
  "ethCount": 401.0437000000591,
  "userCount": 17942,
  "lastTick": 1749299302595,
  "refEthCount": 7.261499999999979,
  "refUserCount": 317,
  "last7dReset": 1748788581689
}