{
  "ethCount": 255.94470000000493,
  "userCount": 11469,
  "lastTick": 1749299302595,
  "refEthCount": 7.261499999999979,
  "refUserCount": 317,
  "last7dReset": 1748788581689
}