{
  "ethCount": 526.8728000000837,
  "userCount": 23655,
  "lastTick": 1749299302595,
  "refEthCount": 7.261499999999979,
  "refUserCount": 317,
  "last7dReset": 1748788581689
}