{
  "ethCount": 358.4754000000436,
  "userCount": 16033,
  "lastTick": 1749299302595,
  "refEthCount": 7.261499999999979,
  "refUserCount": 317,
  "last7dReset": 1748788581689
}