{
  "ethCount": 483.64190000008614,
  "userCount": 21683,
  "lastTick": 1749299302595,
  "refEthCount": 7.261499999999979,
  "refUserCount": 317,
  "last7dReset": 1748788581689
}