{
  "ethCount": 524.4930000000849,
  "userCount": 23543,
  "lastTick": 1749299302595,
  "refEthCount": 7.261499999999979,
  "refUserCount": 317,
  "last7dReset": 1748788581689
}