{
  "ethCount": 133.79219999999773,
  "userCount": 6018,
  "lastTick": 1749299302595,
  "refEthCount": 7.261499999999979,
  "refUserCount": 317,
  "last7dReset": 1748788581689
}