{
  "ethCount": 207.252800000002,
  "userCount": 9289,
  "lastTick": 1749299302595,
  "refEthCount": 7.261499999999979,
  "refUserCount": 317,
  "last7dReset": 1748788581689
}