{
  "ethCount": 383.35830000005177,
  "userCount": 17152,
  "lastTick": 1749299302595,
  "refEthCount": 7.261499999999979,
  "refUserCount": 317,
  "last7dReset": 1748788581689
}