{
  "ethCount": 300.1079000000221,
  "userCount": 13433,
  "lastTick": 1749299302595,
  "refEthCount": 7.261499999999979,
  "refUserCount": 317,
  "last7dReset": 1748788581689
}