{
  "ethCount": 367.25410000004683,
  "userCount": 16423,
  "lastTick": 1749299302595,
  "refEthCount": 7.261499999999979,
  "refUserCount": 317,
  "last7dReset": 1748788581689
}