{
  "ethCount": 469.93970000008176,
  "userCount": 21062,
  "lastTick": 1749299302595,
  "refEthCount": 7.261499999999979,
  "refUserCount": 317,
  "last7dReset": 1748788581689
}