{
  "ethCount": 66.40509999999945,
  "userCount": 2978,
  "lastTick": 1749299302595,
  "refEthCount": 7.261499999999979,
  "refUserCount": 317,
  "last7dReset": 1748788581689
}