{
  "ethCount": 428.2940000000667,
  "userCount": 19182,
  "lastTick": 1749299302595,
  "refEthCount": 7.261499999999979,
  "refUserCount": 317,
  "last7dReset": 1748788581689
}