{
  "ethCount": 382.26620000005124,
  "userCount": 17104,
  "lastTick": 1749299302595,
  "refEthCount": 7.261499999999979,
  "refUserCount": 317,
  "last7dReset": 1748788581689
}