{
  "ethCount": 445.93640000007196,
  "userCount": 19987,
  "lastTick": 1749299302595,
  "refEthCount": 7.261499999999979,
  "refUserCount": 317,
  "last7dReset": 1748788581689
}