{
  "ethCount": 345.2387000000395,
  "userCount": 15432,
  "lastTick": 1749299302595,
  "refEthCount": 7.261499999999979,
  "refUserCount": 317,
  "last7dReset": 1748788581689
}