{
  "ethCount": 297.26130000002075,
  "userCount": 13306,
  "lastTick": 1749299302595,
  "refEthCount": 7.261499999999979,
  "refUserCount": 317,
  "last7dReset": 1748788581689
}