{
  "ethCount": 555.3328000000633,
  "userCount": 24963,
  "lastTick": 1749299302595,
  "refEthCount": 7.261499999999979,
  "refUserCount": 317,
  "last7dReset": 1748788581689
}