{
  "ethCount": 593.5270000000337,
  "userCount": 26670,
  "lastTick": 1749299302595,
  "refEthCount": 7.261499999999979,
  "refUserCount": 317,
  "last7dReset": 1748788581689
}