{
  "ethCount": 519.1206000000894,
  "userCount": 23300,
  "lastTick": 1749299302595,
  "refEthCount": 7.261499999999979,
  "refUserCount": 317,
  "last7dReset": 1748788581689
}