{
  "ethCount": 150.30019999999857,
  "userCount": 6772,
  "lastTick": 1749299302595,
  "refEthCount": 7.261499999999979,
  "refUserCount": 317,
  "last7dReset": 1748788581689
}