{
  "ethCount": 288.12010000001754,
  "userCount": 12893,
  "lastTick": 1749299302595,
  "refEthCount": 7.261499999999979,
  "refUserCount": 317,
  "last7dReset": 1748788581689
}