{
  "ethCount": 232.96980000000352,
  "userCount": 10425,
  "lastTick": 1749299302595,
  "refEthCount": 7.261499999999979,
  "refUserCount": 317,
  "last7dReset": 1748788581689
}