{
  "ethCount": 291.91470000001857,
  "userCount": 13069,
  "lastTick": 1749299302595,
  "refEthCount": 7.261499999999979,
  "refUserCount": 317,
  "last7dReset": 1748788581689
}