{
  "ethCount": 101.78819999999826,
  "userCount": 4559,
  "lastTick": 1749299302595,
  "refEthCount": 7.261499999999979,
  "refUserCount": 317,
  "last7dReset": 1748788581689
}