{
  "ethCount": 376.4125000000492,
  "userCount": 16848,
  "lastTick": 1749299302595,
  "refEthCount": 7.261499999999979,
  "refUserCount": 317,
  "last7dReset": 1748788581689
}