{
  "ethCount": 266.03480000000906,
  "userCount": 11915,
  "lastTick": 1749299302595,
  "refEthCount": 7.261499999999979,
  "refUserCount": 317,
  "last7dReset": 1748788581689
}