{
  "ethCount": 396.49400000005704,
  "userCount": 17739,
  "lastTick": 1749299302595,
  "refEthCount": 7.261499999999979,
  "refUserCount": 317,
  "last7dReset": 1748788581689
}