{
  "ethCount": 60.645699999999586,
  "userCount": 2722,
  "lastTick": 1749299302595,
  "refEthCount": 7.261499999999979,
  "refUserCount": 317,
  "last7dReset": 1748788581689
}