{
  "ethCount": 428.7320000000668,
  "userCount": 19203,
  "lastTick": 1749299302595,
  "refEthCount": 7.261499999999979,
  "refUserCount": 317,
  "last7dReset": 1748788581689
}