{
  "ethCount": 518.3246000000905,
  "userCount": 23268,
  "lastTick": 1749299302595,
  "refEthCount": 7.261499999999979,
  "refUserCount": 317,
  "last7dReset": 1748788581689
}