{
  "ethCount": 468.85420000008156,
  "userCount": 21014,
  "lastTick": 1749299302595,
  "refEthCount": 7.261499999999979,
  "refUserCount": 317,
  "last7dReset": 1748788581689
}