{
  "ethCount": 367.32100000004687,
  "userCount": 16426,
  "lastTick": 1749299302595,
  "refEthCount": 7.261499999999979,
  "refUserCount": 317,
  "last7dReset": 1748788581689
}