{
  "ethCount": 46.580599999999826,
  "userCount": 2084,
  "lastTick": 1749299302595,
  "refEthCount": 7.261499999999979,
  "refUserCount": 317,
  "last7dReset": 1748788581689
}