{
  "ethCount": 574.2250000000499,
  "userCount": 25815,
  "lastTick": 1749299302595,
  "refEthCount": 7.261499999999979,
  "refUserCount": 317,
  "last7dReset": 1748788581689
}