{
  "ethCount": 296.1270000000203,
  "userCount": 13257,
  "lastTick": 1749299302595,
  "refEthCount": 7.261499999999979,
  "refUserCount": 317,
  "last7dReset": 1748788581689
}