{
  "ethCount": 398.6136000000584,
  "userCount": 17830,
  "lastTick": 1749299302595,
  "refEthCount": 7.261499999999979,
  "refUserCount": 317,
  "last7dReset": 1748788581689
}