{
  "ethCount": 359.35570000004395,
  "userCount": 16071,
  "lastTick": 1749299302595,
  "refEthCount": 7.261499999999979,
  "refUserCount": 317,
  "last7dReset": 1748788581689
}