{
  "ethCount": 404.5463000000604,
  "userCount": 18101,
  "lastTick": 1749299302595,
  "refEthCount": 7.261499999999979,
  "refUserCount": 317,
  "last7dReset": 1748788581689
}