{
  "ethCount": 93.08699999999857,
  "userCount": 4177,
  "lastTick": 1749299302595,
  "refEthCount": 7.261499999999979,
  "refUserCount": 317,
  "last7dReset": 1748788581689
}