{
  "ethCount": 415.0128000000635,
  "userCount": 18575,
  "lastTick": 1749299302595,
  "refEthCount": 7.261499999999979,
  "refUserCount": 317,
  "last7dReset": 1748788581689
}