{
  "ethCount": 486.23400000008667,
  "userCount": 21807,
  "lastTick": 1749299302595,
  "refEthCount": 7.261499999999979,
  "refUserCount": 317,
  "last7dReset": 1748788581689
}