{
  "ethCount": 410.94000000006184,
  "userCount": 18399,
  "lastTick": 1749299302595,
  "refEthCount": 7.261499999999979,
  "refUserCount": 317,
  "last7dReset": 1748788581689
}