{
  "ethCount": 564.0693000000581,
  "userCount": 25368,
  "lastTick": 1749299302595,
  "refEthCount": 7.261499999999979,
  "refUserCount": 317,
  "last7dReset": 1748788581689
}