{
  "ethCount": 108.87539999999811,
  "userCount": 4890,
  "lastTick": 1749299302595,
  "refEthCount": 7.261499999999979,
  "refUserCount": 317,
  "last7dReset": 1748788581689
}