{
  "ethCount": 296.03100000002024,
  "userCount": 13253,
  "lastTick": 1749299302595,
  "refEthCount": 7.261499999999979,
  "refUserCount": 317,
  "last7dReset": 1748788581689
}