{
  "ethCount": 320.4452000000303,
  "userCount": 14334,
  "lastTick": 1749299302595,
  "refEthCount": 7.261499999999979,
  "refUserCount": 317,
  "last7dReset": 1748788581689
}