{
  "ethCount": 209.17220000000216,
  "userCount": 9374,
  "lastTick": 1749299302595,
  "refEthCount": 7.261499999999979,
  "refUserCount": 317,
  "last7dReset": 1748788581689
}