{
  "ethCount": 338.5530000000368,
  "userCount": 15143,
  "lastTick": 1749299302595,
  "refEthCount": 7.261499999999979,
  "refUserCount": 317,
  "last7dReset": 1748788581689
}