{
  "ethCount": 358.67560000004386,
  "userCount": 16040,
  "lastTick": 1749299302595,
  "refEthCount": 7.261499999999979,
  "refUserCount": 317,
  "last7dReset": 1748788581689
}