{
  "ethCount": 498.48870000008924,
  "userCount": 22387,
  "lastTick": 1749299302595,
  "refEthCount": 7.261499999999979,
  "refUserCount": 317,
  "last7dReset": 1748788581689
}