{
  "ethCount": 416.65020000006405,
  "userCount": 18648,
  "lastTick": 1749299302595,
  "refEthCount": 7.261499999999979,
  "refUserCount": 317,
  "last7dReset": 1748788581689
}