{
  "ethCount": 307.3651000000247,
  "userCount": 13754,
  "lastTick": 1749299302595,
  "refEthCount": 7.261499999999979,
  "refUserCount": 317,
  "last7dReset": 1748788581689
}