{
  "ethCount": 296.6844000000206,
  "userCount": 13282,
  "lastTick": 1749299302595,
  "refEthCount": 7.261499999999979,
  "refUserCount": 317,
  "last7dReset": 1748788581689
}