{
  "ethCount": 278.16240000001403,
  "userCount": 12450,
  "lastTick": 1749299302595,
  "refEthCount": 7.261499999999979,
  "refUserCount": 317,
  "last7dReset": 1748788581689
}