{
  "ethCount": 462.88810000007845,
  "userCount": 20755,
  "lastTick": 1749299302595,
  "refEthCount": 7.261499999999979,
  "refUserCount": 317,
  "last7dReset": 1748788581689
}