{
  "ethCount": 553.9895000000646,
  "userCount": 24904,
  "lastTick": 1749299302595,
  "refEthCount": 7.261499999999979,
  "refUserCount": 317,
  "last7dReset": 1748788581689
}