{
  "ethCount": 538.547400000074,
  "userCount": 24189,
  "lastTick": 1749299302595,
  "refEthCount": 7.261499999999979,
  "refUserCount": 317,
  "last7dReset": 1748788581689
}