{
  "ethCount": 572.4569000000513,
  "userCount": 25736,
  "lastTick": 1749299302595,
  "refEthCount": 7.261499999999979,
  "refUserCount": 317,
  "last7dReset": 1748788581689
}