{
  "ethCount": 515.6484000000926,
  "userCount": 23145,
  "lastTick": 1749299302595,
  "refEthCount": 7.261499999999979,
  "refUserCount": 317,
  "last7dReset": 1748788581689
}