{
  "ethCount": 34.913399999999996,
  "userCount": 1581,
  "lastTick": 1749299302595,
  "refEthCount": 7.261499999999979,
  "refUserCount": 317,
  "last7dReset": 1748788581689
}