{
  "ethCount": 469.39310000008174,
  "userCount": 21035,
  "lastTick": 1749299302595,
  "refEthCount": 7.261499999999979,
  "refUserCount": 317,
  "last7dReset": 1748788581689
}