{
  "ethCount": 461.8423000000782,
  "userCount": 20707,
  "lastTick": 1749299302595,
  "refEthCount": 7.261499999999979,
  "refUserCount": 317,
  "last7dReset": 1748788581689
}