{
  "ethCount": 336.0545000000361,
  "userCount": 15030,
  "lastTick": 1749299302595,
  "refEthCount": 7.261499999999979,
  "refUserCount": 317,
  "last7dReset": 1748788581689
}