{
  "ethCount": 475.98230000008385,
  "userCount": 21333,
  "lastTick": 1749299302595,
  "refEthCount": 7.261499999999979,
  "refUserCount": 317,
  "last7dReset": 1748788581689
}