{
  "ethCount": 496.1998000000887,
  "userCount": 22281,
  "lastTick": 1749299302595,
  "refEthCount": 7.261499999999979,
  "refUserCount": 317,
  "last7dReset": 1748788581689
}