{
  "ethCount": 579.4348000000459,
  "userCount": 26053,
  "lastTick": 1749299302595,
  "refEthCount": 7.261499999999979,
  "refUserCount": 317,
  "last7dReset": 1748788581689
}