{
  "ethCount": 64.9583999999995,
  "userCount": 2919,
  "lastTick": 1749299302595,
  "refEthCount": 7.261499999999979,
  "refUserCount": 317,
  "last7dReset": 1748788581689
}