{
  "ethCount": 193.73190000000108,
  "userCount": 8696,
  "lastTick": 1749299302595,
  "refEthCount": 7.261499999999979,
  "refUserCount": 317,
  "last7dReset": 1748788581689
}