{
  "ethCount": 551.1853000000663,
  "userCount": 24774,
  "lastTick": 1749299302595,
  "refEthCount": 7.261499999999979,
  "refUserCount": 317,
  "last7dReset": 1748788581689
}