{
  "ethCount": 190.04220000000092,
  "userCount": 8532,
  "lastTick": 1749299302595,
  "refEthCount": 7.261499999999979,
  "refUserCount": 317,
  "last7dReset": 1748788581689
}