{
  "ethCount": 393.0269000000556,
  "userCount": 17587,
  "lastTick": 1749299302595,
  "refEthCount": 7.261499999999979,
  "refUserCount": 317,
  "last7dReset": 1748788581689
}