{
  "ethCount": 339.78990000003756,
  "userCount": 15194,
  "lastTick": 1749299302595,
  "refEthCount": 7.261499999999979,
  "refUserCount": 317,
  "last7dReset": 1748788581689
}