{
  "ethCount": 505.23110000009206,
  "userCount": 22679,
  "lastTick": 1749299302595,
  "refEthCount": 7.261499999999979,
  "refUserCount": 317,
  "last7dReset": 1748788581689
}