{
  "ethCount": 169.09149999999963,
  "userCount": 7609,
  "lastTick": 1749299302595,
  "refEthCount": 7.261499999999979,
  "refUserCount": 317,
  "last7dReset": 1748788581689
}