{
  "ethCount": 456.3024000000759,
  "userCount": 20453,
  "lastTick": 1749299302595,
  "refEthCount": 7.261499999999979,
  "refUserCount": 317,
  "last7dReset": 1748788581689
}