{
  "ethCount": 314.51680000002773,
  "userCount": 14074,
  "lastTick": 1749299302595,
  "refEthCount": 7.261499999999979,
  "refUserCount": 317,
  "last7dReset": 1748788581689
}