{
  "ethCount": 469.47680000008177,
  "userCount": 21038,
  "lastTick": 1749299302595,
  "refEthCount": 7.261499999999979,
  "refUserCount": 317,
  "last7dReset": 1748788581689
}