{
  "ethCount": 449.38680000007275,
  "userCount": 20148,
  "lastTick": 1749299302595,
  "refEthCount": 7.261499999999979,
  "refUserCount": 317,
  "last7dReset": 1748788581689
}