{
  "ethCount": 300.89300000002265,
  "userCount": 13462,
  "lastTick": 1749299302595,
  "refEthCount": 7.261499999999979,
  "refUserCount": 317,
  "last7dReset": 1748788581689
}