{
  "ethCount": 464.11330000007894,
  "userCount": 20807,
  "lastTick": 1749299302595,
  "refEthCount": 7.261499999999979,
  "refUserCount": 317,
  "last7dReset": 1748788581689
}