{
  "ethCount": 146.01669999999842,
  "userCount": 6563,
  "lastTick": 1749299302595,
  "refEthCount": 7.261499999999979,
  "refUserCount": 317,
  "last7dReset": 1748788581689
}