{
  "ethCount": 79.96139999999893,
  "userCount": 3591,
  "lastTick": 1749299302595,
  "refEthCount": 7.261499999999979,
  "refUserCount": 317,
  "last7dReset": 1748788581689
}