{
  "ethCount": 187.24990000000068,
  "userCount": 8416,
  "lastTick": 1749299302595,
  "refEthCount": 7.261499999999979,
  "refUserCount": 317,
  "last7dReset": 1748788581689
}