{
  "ethCount": 206.72230000000195,
  "userCount": 9267,
  "lastTick": 1749299302595,
  "refEthCount": 7.261499999999979,
  "refUserCount": 317,
  "last7dReset": 1748788581689
}