{
  "ethCount": 592.7912000000347,
  "userCount": 26643,
  "lastTick": 1749299302595,
  "refEthCount": 7.261499999999979,
  "refUserCount": 317,
  "last7dReset": 1748788581689
}