{
  "ethCount": 453.41930000007466,
  "userCount": 20327,
  "lastTick": 1749299302595,
  "refEthCount": 7.261499999999979,
  "refUserCount": 317,
  "last7dReset": 1748788581689
}