{
  "ethCount": 35.93519999999998,
  "userCount": 1626,
  "lastTick": 1749299302595,
  "refEthCount": 7.261499999999979,
  "refUserCount": 317,
  "last7dReset": 1748788581689
}