{
  "ethCount": 544.3498000000709,
  "userCount": 24461,
  "lastTick": 1749299302595,
  "refEthCount": 7.261499999999979,
  "refUserCount": 317,
  "last7dReset": 1748788581689
}