{
  "ethCount": 350.1103000000413,
  "userCount": 15648,
  "lastTick": 1749299302595,
  "refEthCount": 7.261499999999979,
  "refUserCount": 317,
  "last7dReset": 1748788581689
}