{
  "ethCount": 213.93980000000252,
  "userCount": 9582,
  "lastTick": 1749299302595,
  "refEthCount": 7.261499999999979,
  "refUserCount": 317,
  "last7dReset": 1748788581689
}