{
  "ethCount": 20.673800000000004,
  "userCount": 940,
  "lastTick": 1749299302595,
  "refEthCount": 7.261499999999979,
  "refUserCount": 317,
  "last7dReset": 1748788581689
}