{
  "ethCount": 465.8159000000794,
  "userCount": 20885,
  "lastTick": 1749299302595,
  "refEthCount": 7.261499999999979,
  "refUserCount": 317,
  "last7dReset": 1748788581689
}