{
  "ethCount": 101.74089999999825,
  "userCount": 4557,
  "lastTick": 1749299302595,
  "refEthCount": 7.261499999999979,
  "refUserCount": 317,
  "last7dReset": 1748788581689
}