{
  "ethCount": 454.83700000007514,
  "userCount": 20391,
  "lastTick": 1749299302595,
  "refEthCount": 7.261499999999979,
  "refUserCount": 317,
  "last7dReset": 1748788581689
}