{
  "ethCount": 422.83650000006526,
  "userCount": 18933,
  "lastTick": 1749299302595,
  "refEthCount": 7.261499999999979,
  "refUserCount": 317,
  "last7dReset": 1748788581689
}