{
  "ethCount": 166.03479999999942,
  "userCount": 7476,
  "lastTick": 1749299302595,
  "refEthCount": 7.261499999999979,
  "refUserCount": 317,
  "last7dReset": 1748788581689
}