{
  "ethCount": 198.3217000000014,
  "userCount": 8897,
  "lastTick": 1749299302595,
  "refEthCount": 7.261499999999979,
  "refUserCount": 317,
  "last7dReset": 1748788581689
}