{
  "ethCount": 17.898900000000005,
  "userCount": 818,
  "lastTick": 1749299302595,
  "refEthCount": 7.261499999999979,
  "refUserCount": 317,
  "last7dReset": 1748788581689
}