{
  "ethCount": 508.61640000009345,
  "userCount": 22830,
  "lastTick": 1749299302595,
  "refEthCount": 7.261499999999979,
  "refUserCount": 317,
  "last7dReset": 1748788581689
}