{
  "ethCount": 257.40670000000557,
  "userCount": 11537,
  "lastTick": 1749299302595,
  "refEthCount": 7.261499999999979,
  "refUserCount": 317,
  "last7dReset": 1748788581689
}