{
  "ethCount": 395.17230000005657,
  "userCount": 17677,
  "lastTick": 1749299302595,
  "refEthCount": 7.261499999999979,
  "refUserCount": 317,
  "last7dReset": 1748788581689
}