{
  "ethCount": 203.8025000000018,
  "userCount": 9136,
  "lastTick": 1749299302595,
  "refEthCount": 7.261499999999979,
  "refUserCount": 317,
  "last7dReset": 1748788581689
}