{
  "ethCount": 482.7901000000857,
  "userCount": 21645,
  "lastTick": 1749299302595,
  "refEthCount": 7.261499999999979,
  "refUserCount": 317,
  "last7dReset": 1748788581689
}