{
  "ethCount": 287.6792000000173,
  "userCount": 12877,
  "lastTick": 1749299302595,
  "refEthCount": 7.261499999999979,
  "refUserCount": 317,
  "last7dReset": 1748788581689
}