{
  "ethCount": 422.5515000000651,
  "userCount": 18919,
  "lastTick": 1749299302595,
  "refEthCount": 7.261499999999979,
  "refUserCount": 317,
  "last7dReset": 1748788581689
}