{
  "ethCount": 103.8765999999982,
  "userCount": 4660,
  "lastTick": 1749299302595,
  "refEthCount": 7.261499999999979,
  "refUserCount": 317,
  "last7dReset": 1748788581689
}