{
  "ethCount": 293.67120000001916,
  "userCount": 13144,
  "lastTick": 1749299302595,
  "refEthCount": 7.261499999999979,
  "refUserCount": 317,
  "last7dReset": 1748788581689
}