{
  "ethCount": 156.66429999999892,
  "userCount": 7062,
  "lastTick": 1749299302595,
  "refEthCount": 7.261499999999979,
  "refUserCount": 317,
  "last7dReset": 1748788581689
}