{
  "ethCount": 100.59989999999829,
  "userCount": 4502,
  "lastTick": 1749299302595,
  "refEthCount": 7.261499999999979,
  "refUserCount": 317,
  "last7dReset": 1748788581689
}