{
  "ethCount": 405.5275000000607,
  "userCount": 18145,
  "lastTick": 1749299302595,
  "refEthCount": 7.261499999999979,
  "refUserCount": 317,
  "last7dReset": 1748788581689
}