{
  "ethCount": 90.65259999999869,
  "userCount": 4071,
  "lastTick": 1749299302595,
  "refEthCount": 7.261499999999979,
  "refUserCount": 317,
  "last7dReset": 1748788581689
}