{
  "ethCount": 407.42130000006097,
  "userCount": 18235,
  "lastTick": 1749299302595,
  "refEthCount": 7.261499999999979,
  "refUserCount": 317,
  "last7dReset": 1748788581689
}