{
  "ethCount": 315.64180000002847,
  "userCount": 14123,
  "lastTick": 1749299302595,
  "refEthCount": 7.261499999999979,
  "refUserCount": 317,
  "last7dReset": 1748788581689
}