{
  "ethCount": 326.18520000003286,
  "userCount": 14586,
  "lastTick": 1749299302595,
  "refEthCount": 7.261499999999979,
  "refUserCount": 317,
  "last7dReset": 1748788581689
}