{
  "ethCount": 498.9342000000894,
  "userCount": 22408,
  "lastTick": 1749299302595,
  "refEthCount": 7.261499999999979,
  "refUserCount": 317,
  "last7dReset": 1748788581689
}