{
  "ethCount": 291.76800000001856,
  "userCount": 13062,
  "lastTick": 1749299302595,
  "refEthCount": 7.261499999999979,
  "refUserCount": 317,
  "last7dReset": 1748788581689
}