{
  "ethCount": 293.4428000000191,
  "userCount": 13134,
  "lastTick": 1749299302595,
  "refEthCount": 7.261499999999979,
  "refUserCount": 317,
  "last7dReset": 1748788581689
}