{
  "ethCount": 592.8953000000346,
  "userCount": 26647,
  "lastTick": 1749299302595,
  "refEthCount": 7.261499999999979,
  "refUserCount": 317,
  "last7dReset": 1748788581689
}