{
  "ethCount": 249.04400000000436,
  "userCount": 11158,
  "lastTick": 1749299302595,
  "refEthCount": 7.261499999999979,
  "refUserCount": 317,
  "last7dReset": 1748788581689
}