{
  "ethCount": 535.8060000000763,
  "userCount": 24062,
  "lastTick": 1749299302595,
  "refEthCount": 7.261499999999979,
  "refUserCount": 317,
  "last7dReset": 1748788581689
}