{
  "ethCount": 477.1832000000841,
  "userCount": 21390,
  "lastTick": 1749299302595,
  "refEthCount": 7.261499999999979,
  "refUserCount": 317,
  "last7dReset": 1748788581689
}