{
  "ethCount": 253.94110000000475,
  "userCount": 11382,
  "lastTick": 1749299302595,
  "refEthCount": 7.261499999999979,
  "refUserCount": 317,
  "last7dReset": 1748788581689
}