{
  "ethCount": 312.52770000002704,
  "userCount": 13983,
  "lastTick": 1749299302595,
  "refEthCount": 7.261499999999979,
  "refUserCount": 317,
  "last7dReset": 1748788581689
}