{
  "ethCount": 509.86540000009416,
  "userCount": 22884,
  "lastTick": 1749299302595,
  "refEthCount": 7.261499999999979,
  "refUserCount": 317,
  "last7dReset": 1748788581689
}