{
  "ethCount": 64.90419999999952,
  "userCount": 2917,
  "lastTick": 1749299302595,
  "refEthCount": 7.261499999999979,
  "refUserCount": 317,
  "last7dReset": 1748788581689
}