{
  "ethCount": 337.1314000000363,
  "userCount": 15079,
  "lastTick": 1749299302595,
  "refEthCount": 7.261499999999979,
  "refUserCount": 317,
  "last7dReset": 1748788581689
}