{
  "ethCount": 510.92760000009474,
  "userCount": 22929,
  "lastTick": 1749299302595,
  "refEthCount": 7.261499999999979,
  "refUserCount": 317,
  "last7dReset": 1748788581689
}