{
  "ethCount": 512.5584000000947,
  "userCount": 23003,
  "lastTick": 1749299302595,
  "refEthCount": 7.261499999999979,
  "refUserCount": 317,
  "last7dReset": 1748788581689
}