{
  "ethCount": 383.06960000005165,
  "userCount": 17139,
  "lastTick": 1749299302595,
  "refEthCount": 7.261499999999979,
  "refUserCount": 317,
  "last7dReset": 1748788581689
}