{
  "ethCount": 498.10460000008896,
  "userCount": 22372,
  "lastTick": 1749299302595,
  "refEthCount": 7.261499999999979,
  "refUserCount": 317,
  "last7dReset": 1748788581689
}