{
  "ethCount": 553.0408000000651,
  "userCount": 24860,
  "lastTick": 1749299302595,
  "refEthCount": 7.261499999999979,
  "refUserCount": 317,
  "last7dReset": 1748788581689
}