{
  "ethCount": 432.25980000006797,
  "userCount": 19360,
  "lastTick": 1749299302595,
  "refEthCount": 7.261499999999979,
  "refUserCount": 317,
  "last7dReset": 1748788581689
}