{
  "ethCount": 234.84540000000356,
  "userCount": 10516,
  "lastTick": 1749299302595,
  "refEthCount": 7.261499999999979,
  "refUserCount": 317,
  "last7dReset": 1748788581689
}