{
  "ethCount": 33.23640000000002,
  "userCount": 1509,
  "lastTick": 1749299302595,
  "refEthCount": 7.261499999999979,
  "refUserCount": 317,
  "last7dReset": 1748788581689
}