{
  "ethCount": 352.88550000004204,
  "userCount": 15777,
  "lastTick": 1749299302595,
  "refEthCount": 7.261499999999979,
  "refUserCount": 317,
  "last7dReset": 1748788581689
}