{
  "ethCount": 469.0412000000816,
  "userCount": 21023,
  "lastTick": 1749299302595,
  "refEthCount": 7.261499999999979,
  "refUserCount": 317,
  "last7dReset": 1748788581689
}