{
  "ethCount": 41.649699999999925,
  "userCount": 1882,
  "lastTick": 1749299302595,
  "refEthCount": 7.261499999999979,
  "refUserCount": 317,
  "last7dReset": 1748788581689
}