{
  "ethCount": 528.2457000000825,
  "userCount": 23717,
  "lastTick": 1749299302595,
  "refEthCount": 7.261499999999979,
  "refUserCount": 317,
  "last7dReset": 1748788581689
}