{
  "ethCount": 563.2265000000586,
  "userCount": 25331,
  "lastTick": 1749299302595,
  "refEthCount": 7.261499999999979,
  "refUserCount": 317,
  "last7dReset": 1748788581689
}