{
  "ethCount": 481.24280000008525,
  "userCount": 21575,
  "lastTick": 1749299302595,
  "refEthCount": 7.261499999999979,
  "refUserCount": 317,
  "last7dReset": 1748788581689
}