{
  "ethCount": 364.2839000000459,
  "userCount": 16285,
  "lastTick": 1749299302595,
  "refEthCount": 7.261499999999979,
  "refUserCount": 317,
  "last7dReset": 1748788581689
}