{
  "ethCount": 538.4926000000742,
  "userCount": 24187,
  "lastTick": 1749299302595,
  "refEthCount": 7.261499999999979,
  "refUserCount": 317,
  "last7dReset": 1748788581689
}