{
  "ethCount": 315.8974000000287,
  "userCount": 14132,
  "lastTick": 1749299302595,
  "refEthCount": 7.261499999999979,
  "refUserCount": 317,
  "last7dReset": 1748788581689
}