{
  "ethCount": 369.4299000000473,
  "userCount": 16525,
  "lastTick": 1749299302595,
  "refEthCount": 7.261499999999979,
  "refUserCount": 317,
  "last7dReset": 1748788581689
}