{
  "ethCount": 420.45820000006495,
  "userCount": 18819,
  "lastTick": 1749299302595,
  "refEthCount": 7.261499999999979,
  "refUserCount": 317,
  "last7dReset": 1748788581689
}