{
  "ethCount": 434.01610000006855,
  "userCount": 19437,
  "lastTick": 1749299302595,
  "refEthCount": 7.261499999999979,
  "refUserCount": 317,
  "last7dReset": 1748788581689
}