{
  "ethCount": 398.64880000005843,
  "userCount": 17831,
  "lastTick": 1749299302595,
  "refEthCount": 7.261499999999979,
  "refUserCount": 317,
  "last7dReset": 1748788581689
}