{
  "ethCount": 363.49490000004573,
  "userCount": 16248,
  "lastTick": 1749299302595,
  "refEthCount": 7.261499999999979,
  "refUserCount": 317,
  "last7dReset": 1748788581689
}