{
  "ethCount": 122.35009999999755,
  "userCount": 5489,
  "lastTick": 1749299302595,
  "refEthCount": 7.261499999999979,
  "refUserCount": 317,
  "last7dReset": 1748788581689
}