{
  "ethCount": 459.1047000000771,
  "userCount": 20582,
  "lastTick": 1749299302595,
  "refEthCount": 7.261499999999979,
  "refUserCount": 317,
  "last7dReset": 1748788581689
}