{
  "ethCount": 292.10010000001853,
  "userCount": 13077,
  "lastTick": 1749299302595,
  "refEthCount": 7.261499999999979,
  "refUserCount": 317,
  "last7dReset": 1748788581689
}