{
  "ethCount": 470.7731000000821,
  "userCount": 21097,
  "lastTick": 1749299302595,
  "refEthCount": 7.261499999999979,
  "refUserCount": 317,
  "last7dReset": 1748788581689
}