{
  "ethCount": 276.29950000001315,
  "userCount": 12367,
  "lastTick": 1749299302595,
  "refEthCount": 7.261499999999979,
  "refUserCount": 317,
  "last7dReset": 1748788581689
}