{
  "ethCount": 113.37099999999798,
  "userCount": 5095,
  "lastTick": 1749299302595,
  "refEthCount": 7.261499999999979,
  "refUserCount": 317,
  "last7dReset": 1748788581689
}