{
  "ethCount": 493.4529000000883,
  "userCount": 22151,
  "lastTick": 1749299302595,
  "refEthCount": 7.261499999999979,
  "refUserCount": 317,
  "last7dReset": 1748788581689
}