{
  "ethCount": 157.09059999999894,
  "userCount": 7081,
  "lastTick": 1749299302595,
  "refEthCount": 7.261499999999979,
  "refUserCount": 317,
  "last7dReset": 1748788581689
}