{
  "ethCount": 112.29259999999799,
  "userCount": 5042,
  "lastTick": 1749299302595,
  "refEthCount": 7.261499999999979,
  "refUserCount": 317,
  "last7dReset": 1748788581689
}