{
  "ethCount": 267.2462000000093,
  "userCount": 11973,
  "lastTick": 1749299302595,
  "refEthCount": 7.261499999999979,
  "refUserCount": 317,
  "last7dReset": 1748788581689
}