{
  "ethCount": 521.2852000000876,
  "userCount": 23399,
  "lastTick": 1749299302595,
  "refEthCount": 7.261499999999979,
  "refUserCount": 317,
  "last7dReset": 1748788581689
}