{
  "ethCount": 577.9504000000471,
  "userCount": 25987,
  "lastTick": 1749299302595,
  "refEthCount": 7.261499999999979,
  "refUserCount": 317,
  "last7dReset": 1748788581689
}