{
  "ethCount": 265.61170000000897,
  "userCount": 11896,
  "lastTick": 1749299302595,
  "refEthCount": 7.261499999999979,
  "refUserCount": 317,
  "last7dReset": 1748788581689
}