{
  "ethCount": 413.9297000000629,
  "userCount": 18530,
  "lastTick": 1749299302595,
  "refEthCount": 7.261499999999979,
  "refUserCount": 317,
  "last7dReset": 1748788581689
}