{
  "ethCount": 499.75050000008986,
  "userCount": 22445,
  "lastTick": 1749299302595,
  "refEthCount": 7.261499999999979,
  "refUserCount": 317,
  "last7dReset": 1748788581689
}