{
  "ethCount": 590.9662000000362,
  "userCount": 26566,
  "lastTick": 1749299302595,
  "refEthCount": 7.261499999999979,
  "refUserCount": 317,
  "last7dReset": 1748788581689
}