{
  "ethCount": 326.84340000003294,
  "userCount": 14619,
  "lastTick": 1749299302595,
  "refEthCount": 7.261499999999979,
  "refUserCount": 317,
  "last7dReset": 1748788581689
}