{
  "ethCount": 543.2457000000716,
  "userCount": 24412,
  "lastTick": 1749299302595,
  "refEthCount": 7.261499999999979,
  "refUserCount": 317,
  "last7dReset": 1748788581689
}