{
  "ethCount": 267.7080000000095,
  "userCount": 11994,
  "lastTick": 1749299302595,
  "refEthCount": 7.261499999999979,
  "refUserCount": 317,
  "last7dReset": 1748788581689
}