{
  "ethCount": 331.8068000000348,
  "userCount": 14835,
  "lastTick": 1749299302595,
  "refEthCount": 7.261499999999979,
  "refUserCount": 317,
  "last7dReset": 1748788581689
}