{
  "ethCount": 348.16900000004034,
  "userCount": 15564,
  "lastTick": 1749299302595,
  "refEthCount": 7.261499999999979,
  "refUserCount": 317,
  "last7dReset": 1748788581689
}