{
  "ethCount": 22.27970000000001,
  "userCount": 1016,
  "lastTick": 1749299302595,
  "refEthCount": 7.261499999999979,
  "refUserCount": 317,
  "last7dReset": 1748788581689
}