{
  "ethCount": 445.6271000000718,
  "userCount": 19973,
  "lastTick": 1749299302595,
  "refEthCount": 7.261499999999979,
  "refUserCount": 317,
  "last7dReset": 1748788581689
}