{
  "ethCount": 466.3159000000801,
  "userCount": 20902,
  "lastTick": 1749299302595,
  "refEthCount": 7.261499999999979,
  "refUserCount": 317,
  "last7dReset": 1748788581689
}