{
  "ethCount": 276.9396000000136,
  "userCount": 12395,
  "lastTick": 1749299302595,
  "refEthCount": 7.261499999999979,
  "refUserCount": 317,
  "last7dReset": 1748788581689
}