{
  "ethCount": 221.56830000000295,
  "userCount": 9909,
  "lastTick": 1749299302595,
  "refEthCount": 7.261499999999979,
  "refUserCount": 317,
  "last7dReset": 1748788581689
}