{
  "ethCount": 402.4327000000595,
  "userCount": 18004,
  "lastTick": 1749299302595,
  "refEthCount": 7.261499999999979,
  "refUserCount": 317,
  "last7dReset": 1748788581689
}