{
  "ethCount": 433.65670000006844,
  "userCount": 19420,
  "lastTick": 1749299302595,
  "refEthCount": 7.261499999999979,
  "refUserCount": 317,
  "last7dReset": 1748788581689
}