{
  "ethCount": 525.4344000000845,
  "userCount": 23588,
  "lastTick": 1749299302595,
  "refEthCount": 7.261499999999979,
  "refUserCount": 317,
  "last7dReset": 1748788581689
}