{
  "ethCount": 484.20570000008627,
  "userCount": 21711,
  "lastTick": 1749299302595,
  "refEthCount": 7.261499999999979,
  "refUserCount": 317,
  "last7dReset": 1748788581689
}