{
  "ethCount": 314.52150000002774,
  "userCount": 14073,
  "lastTick": 1749299302595,
  "refEthCount": 7.261499999999979,
  "refUserCount": 317,
  "last7dReset": 1748788581689
}