{
  "ethCount": 389.31940000005477,
  "userCount": 17414,
  "lastTick": 1749299302595,
  "refEthCount": 7.261499999999979,
  "refUserCount": 317,
  "last7dReset": 1748788581689
}