{
  "ethCount": 475.62620000008366,
  "userCount": 21319,
  "lastTick": 1749299302595,
  "refEthCount": 7.261499999999979,
  "refUserCount": 317,
  "last7dReset": 1748788581689
}