{
  "ethCount": 463.36140000007885,
  "userCount": 20775,
  "lastTick": 1749299302595,
  "refEthCount": 7.261499999999979,
  "refUserCount": 317,
  "last7dReset": 1748788581689
}