{
  "ethCount": 556.9403000000623,
  "userCount": 25039,
  "lastTick": 1749299302595,
  "refEthCount": 7.261499999999979,
  "refUserCount": 317,
  "last7dReset": 1748788581689
}