{
  "ethCount": 251.3092000000045,
  "userCount": 11264,
  "lastTick": 1749299302595,
  "refEthCount": 7.261499999999979,
  "refUserCount": 317,
  "last7dReset": 1748788581689
}