{
  "ethCount": 361.5385000000446,
  "userCount": 16168,
  "lastTick": 1749299302595,
  "refEthCount": 7.261499999999979,
  "refUserCount": 317,
  "last7dReset": 1748788581689
}