{
  "ethCount": 21.944300000000005,
  "userCount": 1000,
  "lastTick": 1749299302595,
  "refEthCount": 7.261499999999979,
  "refUserCount": 317,
  "last7dReset": 1748788581689
}