{
  "ethCount": 436.00790000006896,
  "userCount": 19529,
  "lastTick": 1749299302595,
  "refEthCount": 7.261499999999979,
  "refUserCount": 317,
  "last7dReset": 1748788581689
}