{
  "ethCount": 56.832399999999645,
  "userCount": 2548,
  "lastTick": 1749299302595,
  "refEthCount": 7.261499999999979,
  "refUserCount": 317,
  "last7dReset": 1748788581689
}