{
  "ethCount": 506.09700000009263,
  "userCount": 22716,
  "lastTick": 1749299302595,
  "refEthCount": 7.261499999999979,
  "refUserCount": 317,
  "last7dReset": 1748788581689
}