{
  "ethCount": 338.71120000003697,
  "userCount": 15147,
  "lastTick": 1749299302595,
  "refEthCount": 7.261499999999979,
  "refUserCount": 317,
  "last7dReset": 1748788581689
}