{
  "ethCount": 528.0727000000827,
  "userCount": 23709,
  "lastTick": 1749299302595,
  "refEthCount": 7.261499999999979,
  "refUserCount": 317,
  "last7dReset": 1748788581689
}