{
  "ethCount": 598.4410000000299,
  "userCount": 26893,
  "lastTick": 1749299302595,
  "refEthCount": 7.261499999999979,
  "refUserCount": 317,
  "last7dReset": 1748788581689
}