{
  "ethCount": 505.6100000000923,
  "userCount": 22695,
  "lastTick": 1749299302595,
  "refEthCount": 7.261499999999979,
  "refUserCount": 317,
  "last7dReset": 1748788581689
}