{
  "ethCount": 426.0167000000659,
  "userCount": 19082,
  "lastTick": 1749299302595,
  "refEthCount": 7.261499999999979,
  "refUserCount": 317,
  "last7dReset": 1748788581689
}