{
  "ethCount": 273.8368000000123,
  "userCount": 12258,
  "lastTick": 1749299302595,
  "refEthCount": 7.261499999999979,
  "refUserCount": 317,
  "last7dReset": 1748788581689
}