{
  "ethCount": 283.5084000000159,
  "userCount": 12687,
  "lastTick": 1749299302595,
  "refEthCount": 7.261499999999979,
  "refUserCount": 317,
  "last7dReset": 1748788581689
}