{
  "ethCount": 405.3477000000606,
  "userCount": 18139,
  "lastTick": 1749299302595,
  "refEthCount": 7.261499999999979,
  "refUserCount": 317,
  "last7dReset": 1748788581689
}