{
  "ethCount": 384.90430000005244,
  "userCount": 17220,
  "lastTick": 1749299302595,
  "refEthCount": 7.261499999999979,
  "refUserCount": 317,
  "last7dReset": 1748788581689
}