{
  "ethCount": 296.9346000000207,
  "userCount": 13292,
  "lastTick": 1749299302595,
  "refEthCount": 7.261499999999979,
  "refUserCount": 317,
  "last7dReset": 1748788581689
}