{
  "ethCount": 221.24620000000291,
  "userCount": 9896,
  "lastTick": 1749299302595,
  "refEthCount": 7.261499999999979,
  "refUserCount": 317,
  "last7dReset": 1748788581689
}