{
  "ethCount": 60.07109999999958,
  "userCount": 2699,
  "lastTick": 1749299302595,
  "refEthCount": 7.261499999999979,
  "refUserCount": 317,
  "last7dReset": 1748788581689
}