{
  "ethCount": 361.23730000004457,
  "userCount": 16154,
  "lastTick": 1749299302595,
  "refEthCount": 7.261499999999979,
  "refUserCount": 317,
  "last7dReset": 1748788581689
}