{
  "ethCount": 47.2743999999998,
  "userCount": 2111,
  "lastTick": 1749299302595,
  "refEthCount": 7.261499999999979,
  "refUserCount": 317,
  "last7dReset": 1748788581689
}