{
  "ethCount": 395.92780000005695,
  "userCount": 17712,
  "lastTick": 1749299302595,
  "refEthCount": 7.261499999999979,
  "refUserCount": 317,
  "last7dReset": 1748788581689
}