{
  "ethCount": 124.55119999999752,
  "userCount": 5594,
  "lastTick": 1749299302595,
  "refEthCount": 7.261499999999979,
  "refUserCount": 317,
  "last7dReset": 1748788581689
}