{
  "ethCount": 209.28300000000218,
  "userCount": 9378,
  "lastTick": 1749299302595,
  "refEthCount": 7.261499999999979,
  "refUserCount": 317,
  "last7dReset": 1748788581689
}