{
  "ethCount": 376.8180000000494,
  "userCount": 16864,
  "lastTick": 1749299302595,
  "refEthCount": 7.261499999999979,
  "refUserCount": 317,
  "last7dReset": 1748788581689
}