{
  "ethCount": 228.24430000000322,
  "userCount": 10219,
  "lastTick": 1749299302595,
  "refEthCount": 7.261499999999979,
  "refUserCount": 317,
  "last7dReset": 1748788581689
}