{
  "ethCount": 287.87490000001736,
  "userCount": 12886,
  "lastTick": 1749299302595,
  "refEthCount": 7.261499999999979,
  "refUserCount": 317,
  "last7dReset": 1748788581689
}