{
  "ethCount": 405.46190000006067,
  "userCount": 18144,
  "lastTick": 1749299302595,
  "refEthCount": 7.261499999999979,
  "refUserCount": 317,
  "last7dReset": 1748788581689
}