{
  "ethCount": 338.72330000003694,
  "userCount": 15148,
  "lastTick": 1749299302595,
  "refEthCount": 7.261499999999979,
  "refUserCount": 317,
  "last7dReset": 1748788581689
}