{
  "ethCount": 589.9239000000372,
  "userCount": 26520,
  "lastTick": 1749299302595,
  "refEthCount": 7.261499999999979,
  "refUserCount": 317,
  "last7dReset": 1748788581689
}