{
  "ethCount": 294.87270000001973,
  "userCount": 13200,
  "lastTick": 1749299302595,
  "refEthCount": 7.261499999999979,
  "refUserCount": 317,
  "last7dReset": 1748788581689
}