{
  "ethCount": 86.3552999999988,
  "userCount": 3873,
  "lastTick": 1749299302595,
  "refEthCount": 7.261499999999979,
  "refUserCount": 317,
  "last7dReset": 1748788581689
}