{
  "ethCount": 453.22950000007455,
  "userCount": 20319,
  "lastTick": 1749299302595,
  "refEthCount": 7.261499999999979,
  "refUserCount": 317,
  "last7dReset": 1748788581689
}