{
  "ethCount": 530.5385000000804,
  "userCount": 23818,
  "lastTick": 1749299302595,
  "refEthCount": 7.261499999999979,
  "refUserCount": 317,
  "last7dReset": 1748788581689
}