{
  "ethCount": 497.5344000000889,
  "userCount": 22344,
  "lastTick": 1749299302595,
  "refEthCount": 7.261499999999979,
  "refUserCount": 317,
  "last7dReset": 1748788581689
}