{
  "ethCount": 208.80050000000213,
  "userCount": 9358,
  "lastTick": 1749299302595,
  "refEthCount": 7.261499999999979,
  "refUserCount": 317,
  "last7dReset": 1748788581689
}