{
  "ethCount": 308.4268000000253,
  "userCount": 13799,
  "lastTick": 1749299302595,
  "refEthCount": 7.261499999999979,
  "refUserCount": 317,
  "last7dReset": 1748788581689
}