{
  "ethCount": 203.16150000000175,
  "userCount": 9106,
  "lastTick": 1749299302595,
  "refEthCount": 7.261499999999979,
  "refUserCount": 317,
  "last7dReset": 1748788581689
}