{
  "ethCount": 64.41269999999955,
  "userCount": 2896,
  "lastTick": 1749299302595,
  "refEthCount": 7.261499999999979,
  "refUserCount": 317,
  "last7dReset": 1748788581689
}