{
  "ethCount": 452.28990000007434,
  "userCount": 20276,
  "lastTick": 1749299302595,
  "refEthCount": 7.261499999999979,
  "refUserCount": 317,
  "last7dReset": 1748788581689
}