{
  "ethCount": 331.41080000003467,
  "userCount": 14817,
  "lastTick": 1749299302595,
  "refEthCount": 7.261499999999979,
  "refUserCount": 317,
  "last7dReset": 1748788581689
}