{
  "ethCount": 66.12729999999948,
  "userCount": 2966,
  "lastTick": 1749299302595,
  "refEthCount": 7.261499999999979,
  "refUserCount": 317,
  "last7dReset": 1748788581689
}