{
  "ethCount": 59.872599999999586,
  "userCount": 2689,
  "lastTick": 1749299302595,
  "refEthCount": 7.261499999999979,
  "refUserCount": 317,
  "last7dReset": 1748788581689
}