{
  "ethCount": 343.33270000003887,
  "userCount": 15346,
  "lastTick": 1749299302595,
  "refEthCount": 7.261499999999979,
  "refUserCount": 317,
  "last7dReset": 1748788581689
}