{
  "ethCount": 428.28190000006674,
  "userCount": 19181,
  "lastTick": 1749299302595,
  "refEthCount": 7.261499999999979,
  "refUserCount": 317,
  "last7dReset": 1748788581689
}