{
  "ethCount": 491.2396000000877,
  "userCount": 22048,
  "lastTick": 1749299302595,
  "refEthCount": 7.261499999999979,
  "refUserCount": 317,
  "last7dReset": 1748788581689
}