{
  "ethCount": 324.7721000000319,
  "userCount": 14528,
  "lastTick": 1749299302595,
  "refEthCount": 7.261499999999979,
  "refUserCount": 317,
  "last7dReset": 1748788581689
}