{
  "ethCount": 414.30740000006307,
  "userCount": 18545,
  "lastTick": 1749299302595,
  "refEthCount": 7.261499999999979,
  "refUserCount": 317,
  "last7dReset": 1748788581689
}