{
  "ethCount": 265.3651000000089,
  "userCount": 11884,
  "lastTick": 1749299302595,
  "refEthCount": 7.261499999999979,
  "refUserCount": 317,
  "last7dReset": 1748788581689
}