{
  "ethCount": 430.9398000000674,
  "userCount": 19302,
  "lastTick": 1749299302595,
  "refEthCount": 7.261499999999979,
  "refUserCount": 317,
  "last7dReset": 1748788581689
}