{
  "ethCount": 535.7120000000765,
  "userCount": 24058,
  "lastTick": 1749299302595,
  "refEthCount": 7.261499999999979,
  "refUserCount": 317,
  "last7dReset": 1748788581689
}