{
  "ethCount": 129.55369999999752,
  "userCount": 5821,
  "lastTick": 1749299302595,
  "refEthCount": 7.261499999999979,
  "refUserCount": 317,
  "last7dReset": 1748788581689
}