{
  "ethCount": 410.5247000000617,
  "userCount": 18381,
  "lastTick": 1749299302595,
  "refEthCount": 7.261499999999979,
  "refUserCount": 317,
  "last7dReset": 1748788581689
}