{
  "ethCount": 298.24800000002136,
  "userCount": 13350,
  "lastTick": 1749299302595,
  "refEthCount": 7.261499999999979,
  "refUserCount": 317,
  "last7dReset": 1748788581689
}