{
  "ethCount": 288.76360000001785,
  "userCount": 12921,
  "lastTick": 1749299302595,
  "refEthCount": 7.261499999999979,
  "refUserCount": 317,
  "last7dReset": 1748788581689
}