{
  "ethCount": 545.3944000000699,
  "userCount": 24507,
  "lastTick": 1749299302595,
  "refEthCount": 7.261499999999979,
  "refUserCount": 317,
  "last7dReset": 1748788581689
}