{
  "ethCount": 322.56340000003115,
  "userCount": 14430,
  "lastTick": 1749299302595,
  "refEthCount": 7.261499999999979,
  "refUserCount": 317,
  "last7dReset": 1748788581689
}