{
  "ethCount": 283.0963000000158,
  "userCount": 12669,
  "lastTick": 1749299302595,
  "refEthCount": 7.261499999999979,
  "refUserCount": 317,
  "last7dReset": 1748788581689
}