{
  "ethCount": 388.49690000005444,
  "userCount": 17375,
  "lastTick": 1749299302595,
  "refEthCount": 7.261499999999979,
  "refUserCount": 317,
  "last7dReset": 1748788581689
}