{
  "ethCount": 104.16689999999821,
  "userCount": 4673,
  "lastTick": 1749299302595,
  "refEthCount": 7.261499999999979,
  "refUserCount": 317,
  "last7dReset": 1748788581689
}