{
  "ethCount": 601.7969000000264,
  "userCount": 27034,
  "lastTick": 1749299302595,
  "refEthCount": 7.261499999999979,
  "refUserCount": 317,
  "last7dReset": 1748788581689
}