{
  "ethCount": 462.9674000000786,
  "userCount": 20757,
  "lastTick": 1749299302595,
  "refEthCount": 7.261499999999979,
  "refUserCount": 317,
  "last7dReset": 1748788581689
}