{
  "ethCount": 345.3491000000396,
  "userCount": 15436,
  "lastTick": 1749299302595,
  "refEthCount": 7.261499999999979,
  "refUserCount": 317,
  "last7dReset": 1748788581689
}