{
  "ethCount": 402.37390000005945,
  "userCount": 18001,
  "lastTick": 1749299302595,
  "refEthCount": 7.261499999999979,
  "refUserCount": 317,
  "last7dReset": 1748788581689
}