{
  "ethCount": 540.0119000000727,
  "userCount": 24256,
  "lastTick": 1749299302595,
  "refEthCount": 7.261499999999979,
  "refUserCount": 317,
  "last7dReset": 1748788581689
}