{
  "ethCount": 503.18080000009144,
  "userCount": 22591,
  "lastTick": 1749299302595,
  "refEthCount": 7.261499999999979,
  "refUserCount": 317,
  "last7dReset": 1748788581689
}