{
  "ethCount": 250.76720000000446,
  "userCount": 11238,
  "lastTick": 1749299302595,
  "refEthCount": 7.261499999999979,
  "refUserCount": 317,
  "last7dReset": 1748788581689
}