{
  "ethCount": 169.92009999999968,
  "userCount": 7647,
  "lastTick": 1749299302595,
  "refEthCount": 7.261499999999979,
  "refUserCount": 317,
  "last7dReset": 1748788581689
}