{
  "ethCount": 454.14970000007486,
  "userCount": 20359,
  "lastTick": 1749299302595,
  "refEthCount": 7.261499999999979,
  "refUserCount": 317,
  "last7dReset": 1748788581689
}