{
  "ethCount": 497.36520000008886,
  "userCount": 22336,
  "lastTick": 1749299302595,
  "refEthCount": 7.261499999999979,
  "refUserCount": 317,
  "last7dReset": 1748788581689
}