{
  "ethCount": 224.92190000000306,
  "userCount": 10065,
  "lastTick": 1749299302595,
  "refEthCount": 7.261499999999979,
  "refUserCount": 317,
  "last7dReset": 1748788581689
}