{
  "ethCount": 209.87270000000223,
  "userCount": 9403,
  "lastTick": 1749299302595,
  "refEthCount": 7.261499999999979,
  "refUserCount": 317,
  "last7dReset": 1748788581689
}