{
  "ethCount": 243.2558000000041,
  "userCount": 10905,
  "lastTick": 1749299302595,
  "refEthCount": 7.261499999999979,
  "refUserCount": 317,
  "last7dReset": 1748788581689
}