{
  "ethCount": 473.6998000000829,
  "userCount": 21233,
  "lastTick": 1749299302595,
  "refEthCount": 7.261499999999979,
  "refUserCount": 317,
  "last7dReset": 1748788581689
}