{
  "ethCount": 265.02870000000877,
  "userCount": 11869,
  "lastTick": 1749299302595,
  "refEthCount": 7.261499999999979,
  "refUserCount": 317,
  "last7dReset": 1748788581689
}