{
  "ethCount": 111.00949999999804,
  "userCount": 4989,
  "lastTick": 1749299302595,
  "refEthCount": 7.261499999999979,
  "refUserCount": 317,
  "last7dReset": 1748788581689
}