{
  "ethCount": 294.90790000001977,
  "userCount": 13201,
  "lastTick": 1749299302595,
  "refEthCount": 7.261499999999979,
  "refUserCount": 317,
  "last7dReset": 1748788581689
}