{
  "ethCount": 69.74479999999933,
  "userCount": 3132,
  "lastTick": 1749299302595,
  "refEthCount": 7.261499999999979,
  "refUserCount": 317,
  "last7dReset": 1748788581689
}