{
  "ethCount": 136.99509999999796,
  "userCount": 6168,
  "lastTick": 1749299302595,
  "refEthCount": 7.261499999999979,
  "refUserCount": 317,
  "last7dReset": 1748788581689
}