{
  "ethCount": 577.0661000000475,
  "userCount": 25946,
  "lastTick": 1749299302595,
  "refEthCount": 7.261499999999979,
  "refUserCount": 317,
  "last7dReset": 1748788581689
}