{
  "ethCount": 416.69070000006417,
  "userCount": 18648,
  "lastTick": 1749299302595,
  "refEthCount": 7.261499999999979,
  "refUserCount": 317,
  "last7dReset": 1748788581689
}