{
  "ethCount": 518.5468000000898,
  "userCount": 23273,
  "lastTick": 1749299302595,
  "refEthCount": 7.261499999999979,
  "refUserCount": 317,
  "last7dReset": 1748788581689
}