{
  "ethCount": 433.59320000006835,
  "userCount": 19418,
  "lastTick": 1749299302595,
  "refEthCount": 7.261499999999979,
  "refUserCount": 317,
  "last7dReset": 1748788581689
}