{
  "ethCount": 283.06100000001567,
  "userCount": 12670,
  "lastTick": 1749299302595,
  "refEthCount": 7.261499999999979,
  "refUserCount": 317,
  "last7dReset": 1748788581689
}