{
  "ethCount": 133.10319999999768,
  "userCount": 5986,
  "lastTick": 1749299302595,
  "refEthCount": 7.261499999999979,
  "refUserCount": 317,
  "last7dReset": 1748788581689
}