{
  "ethCount": 370.43560000004766,
  "userCount": 16570,
  "lastTick": 1749299302595,
  "refEthCount": 7.261499999999979,
  "refUserCount": 317,
  "last7dReset": 1748788581689
}