{
  "ethCount": 355.13140000004256,
  "userCount": 15880,
  "lastTick": 1749299302595,
  "refEthCount": 7.261499999999979,
  "refUserCount": 317,
  "last7dReset": 1748788581689
}