{
  "ethCount": 76.32129999999911,
  "userCount": 3429,
  "lastTick": 1749299302595,
  "refEthCount": 7.261499999999979,
  "refUserCount": 317,
  "last7dReset": 1748788581689
}