{
  "ethCount": 457.17870000007645,
  "userCount": 20492,
  "lastTick": 1749299302595,
  "refEthCount": 7.261499999999979,
  "refUserCount": 317,
  "last7dReset": 1748788581689
}