{
  "ethCount": 549.7195000000675,
  "userCount": 24708,
  "lastTick": 1749299302595,
  "refEthCount": 7.261499999999979,
  "refUserCount": 317,
  "last7dReset": 1748788581689
}