{
  "ethCount": 343.18350000003875,
  "userCount": 15343,
  "lastTick": 1749299302595,
  "refEthCount": 7.261499999999979,
  "refUserCount": 317,
  "last7dReset": 1748788581689
}