{
  "ethCount": 430.27020000006723,
  "userCount": 19273,
  "lastTick": 1749299302595,
  "refEthCount": 7.261499999999979,
  "refUserCount": 317,
  "last7dReset": 1748788581689
}