{
  "ethCount": 168.08929999999958,
  "userCount": 7565,
  "lastTick": 1749299302595,
  "refEthCount": 7.261499999999979,
  "refUserCount": 317,
  "last7dReset": 1748788581689
}