{
  "ethCount": 468.8000000000814,
  "userCount": 21012,
  "lastTick": 1749299302595,
  "refEthCount": 7.261499999999979,
  "refUserCount": 317,
  "last7dReset": 1748788581689
}