{
  "ethCount": 410.82370000006176,
  "userCount": 18396,
  "lastTick": 1749299302595,
  "refEthCount": 7.261499999999979,
  "refUserCount": 317,
  "last7dReset": 1748788581689
}