{
  "ethCount": 236.73070000000368,
  "userCount": 10599,
  "lastTick": 1749299302595,
  "refEthCount": 7.261499999999979,
  "refUserCount": 317,
  "last7dReset": 1748788581689
}