{
  "ethCount": 453.33560000007463,
  "userCount": 20324,
  "lastTick": 1749299302595,
  "refEthCount": 7.261499999999979,
  "refUserCount": 317,
  "last7dReset": 1748788581689
}