{
  "ethCount": 492.56500000008816,
  "userCount": 22108,
  "lastTick": 1749299302595,
  "refEthCount": 7.261499999999979,
  "refUserCount": 317,
  "last7dReset": 1748788581689
}