{
  "ethCount": 377.9277000000498,
  "userCount": 16912,
  "lastTick": 1749299302595,
  "refEthCount": 7.261499999999979,
  "refUserCount": 317,
  "last7dReset": 1748788581689
}