{
  "ethCount": 412.2023000000623,
  "userCount": 18452,
  "lastTick": 1749299302595,
  "refEthCount": 7.261499999999979,
  "refUserCount": 317,
  "last7dReset": 1748788581689
}