{
  "ethCount": 311.77940000002656,
  "userCount": 13950,
  "lastTick": 1749299302595,
  "refEthCount": 7.261499999999979,
  "refUserCount": 317,
  "last7dReset": 1748788581689
}