{
  "ethCount": 510.6135000000946,
  "userCount": 22914,
  "lastTick": 1749299302595,
  "refEthCount": 7.261499999999979,
  "refUserCount": 317,
  "last7dReset": 1748788581689
}