{
  "ethCount": 460.40100000007766,
  "userCount": 20643,
  "lastTick": 1749299302595,
  "refEthCount": 7.261499999999979,
  "refUserCount": 317,
  "last7dReset": 1748788581689
}