{
  "ethCount": 454.71050000007506,
  "userCount": 20385,
  "lastTick": 1749299302595,
  "refEthCount": 7.261499999999979,
  "refUserCount": 317,
  "last7dReset": 1748788581689
}