{
  "ethCount": 310.5001000000262,
  "userCount": 13889,
  "lastTick": 1749299302595,
  "refEthCount": 7.261499999999979,
  "refUserCount": 317,
  "last7dReset": 1748788581689
}