{
  "ethCount": 286.26250000001687,
  "userCount": 12812,
  "lastTick": 1749299302595,
  "refEthCount": 7.261499999999979,
  "refUserCount": 317,
  "last7dReset": 1748788581689
}