{
  "ethCount": 287.52790000001727,
  "userCount": 12871,
  "lastTick": 1749299302595,
  "refEthCount": 7.261499999999979,
  "refUserCount": 317,
  "last7dReset": 1748788581689
}