{
  "ethCount": 266.51370000000907,
  "userCount": 11938,
  "lastTick": 1749299302595,
  "refEthCount": 7.261499999999979,
  "refUserCount": 317,
  "last7dReset": 1748788581689
}