{
  "ethCount": 251.97080000000454,
  "userCount": 11296,
  "lastTick": 1749299302595,
  "refEthCount": 7.261499999999979,
  "refUserCount": 317,
  "last7dReset": 1748788581689
}