{
  "ethCount": 321.9056000000309,
  "userCount": 14400,
  "lastTick": 1749299302595,
  "refEthCount": 7.261499999999979,
  "refUserCount": 317,
  "last7dReset": 1748788581689
}