{
  "ethCount": 362.95890000004556,
  "userCount": 16224,
  "lastTick": 1749299302595,
  "refEthCount": 7.261499999999979,
  "refUserCount": 317,
  "last7dReset": 1748788581689
}