{
  "ethCount": 488.82110000008714,
  "userCount": 21934,
  "lastTick": 1749299302595,
  "refEthCount": 7.261499999999979,
  "refUserCount": 317,
  "last7dReset": 1748788581689
}