{
  "ethCount": 5.4458999999999955,
  "userCount": 251,
  "lastTick": 1749299302595,
  "refEthCount": 7.261499999999979,
  "refUserCount": 317,
  "last7dReset": 1748788581689
}