{
  "ethCount": 477.31490000008415,
  "userCount": 21395,
  "lastTick": 1749299302595,
  "refEthCount": 7.261499999999979,
  "refUserCount": 317,
  "last7dReset": 1748788581689
}