{
  "ethCount": 67.10309999999943,
  "userCount": 3006,
  "lastTick": 1749299302595,
  "refEthCount": 7.261499999999979,
  "refUserCount": 317,
  "last7dReset": 1748788581689
}