{
  "ethCount": 450.6152000000735,
  "userCount": 20200,
  "lastTick": 1749299302595,
  "refEthCount": 7.261499999999979,
  "refUserCount": 317,
  "last7dReset": 1748788581689
}