{
  "ethCount": 79.80069999999895,
  "userCount": 3585,
  "lastTick": 1749299302595,
  "refEthCount": 7.261499999999979,
  "refUserCount": 317,
  "last7dReset": 1748788581689
}