{
  "ethCount": 229.97970000000336,
  "userCount": 10288,
  "lastTick": 1749299302595,
  "refEthCount": 7.261499999999979,
  "refUserCount": 317,
  "last7dReset": 1748788581689
}