{
  "ethCount": 446.9795000000723,
  "userCount": 20034,
  "lastTick": 1749299302595,
  "refEthCount": 7.261499999999979,
  "refUserCount": 317,
  "last7dReset": 1748788581689
}