{
  "ethCount": 276.19340000001307,
  "userCount": 12362,
  "lastTick": 1749299302595,
  "refEthCount": 7.261499999999979,
  "refUserCount": 317,
  "last7dReset": 1748788581689
}