{
  "ethCount": 111.48419999999801,
  "userCount": 5010,
  "lastTick": 1749299302595,
  "refEthCount": 7.261499999999979,
  "refUserCount": 317,
  "last7dReset": 1748788581689
}