{
  "ethCount": 584.8055000000412,
  "userCount": 26291,
  "lastTick": 1749299302595,
  "refEthCount": 7.261499999999979,
  "refUserCount": 317,
  "last7dReset": 1748788581689
}