{
  "ethCount": 515.5550000000928,
  "userCount": 23141,
  "lastTick": 1749299302595,
  "refEthCount": 7.261499999999979,
  "refUserCount": 317,
  "last7dReset": 1748788581689
}