{
  "ethCount": 71.58849999999926,
  "userCount": 3218,
  "lastTick": 1749299302595,
  "refEthCount": 7.261499999999979,
  "refUserCount": 317,
  "last7dReset": 1748788581689
}