{
  "ethCount": 323.90260000003155,
  "userCount": 14493,
  "lastTick": 1749299302595,
  "refEthCount": 7.261499999999979,
  "refUserCount": 317,
  "last7dReset": 1748788581689
}