{
  "ethCount": 560.4207000000605,
  "userCount": 25203,
  "lastTick": 1749299302595,
  "refEthCount": 7.261499999999979,
  "refUserCount": 317,
  "last7dReset": 1748788581689
}