{
  "ethCount": 379.4371000000504,
  "userCount": 16982,
  "lastTick": 1749299302595,
  "refEthCount": 7.261499999999979,
  "refUserCount": 317,
  "last7dReset": 1748788581689
}