{
  "ethCount": 264.6829000000088,
  "userCount": 11852,
  "lastTick": 1749299302595,
  "refEthCount": 7.261499999999979,
  "refUserCount": 317,
  "last7dReset": 1748788581689
}