{
  "ethCount": 42.880499999999934,
  "userCount": 1931,
  "lastTick": 1749299302595,
  "refEthCount": 7.261499999999979,
  "refUserCount": 317,
  "last7dReset": 1748788581689
}