{
  "ethCount": 26.667000000000023,
  "userCount": 1220,
  "lastTick": 1749299302595,
  "refEthCount": 7.261499999999979,
  "refUserCount": 317,
  "last7dReset": 1748788581689
}