{
  "ethCount": 85.65259999999883,
  "userCount": 3842,
  "lastTick": 1749299302595,
  "refEthCount": 7.261499999999979,
  "refUserCount": 317,
  "last7dReset": 1748788581689
}