{
  "ethCount": 179.57350000000017,
  "userCount": 8085,
  "lastTick": 1749299302595,
  "refEthCount": 7.261499999999979,
  "refUserCount": 317,
  "last7dReset": 1748788581689
}