{
  "ethCount": 600.9599000000273,
  "userCount": 26997,
  "lastTick": 1749299302595,
  "refEthCount": 7.261499999999979,
  "refUserCount": 317,
  "last7dReset": 1748788581689
}