{
  "ethCount": 404.44480000006024,
  "userCount": 18097,
  "lastTick": 1749299302595,
  "refEthCount": 7.261499999999979,
  "refUserCount": 317,
  "last7dReset": 1748788581689
}