{
  "ethCount": 166.25349999999943,
  "userCount": 7487,
  "lastTick": 1749299302595,
  "refEthCount": 7.261499999999979,
  "refUserCount": 317,
  "last7dReset": 1748788581689
}