{
  "ethCount": 257.35130000000544,
  "userCount": 11535,
  "lastTick": 1749299302595,
  "refEthCount": 7.261499999999979,
  "refUserCount": 317,
  "last7dReset": 1748788581689
}