{
  "ethCount": 397.09090000005716,
  "userCount": 17769,
  "lastTick": 1749299302595,
  "refEthCount": 7.261499999999979,
  "refUserCount": 317,
  "last7dReset": 1748788581689
}