{
  "ethCount": 442.4911000000708,
  "userCount": 19830,
  "lastTick": 1749299302595,
  "refEthCount": 7.261499999999979,
  "refUserCount": 317,
  "last7dReset": 1748788581689
}