{
  "ethCount": 426.86420000006615,
  "userCount": 19119,
  "lastTick": 1749299302595,
  "refEthCount": 7.261499999999979,
  "refUserCount": 317,
  "last7dReset": 1748788581689
}