{
  "ethCount": 511.22290000009485,
  "userCount": 22942,
  "lastTick": 1749299302595,
  "refEthCount": 7.261499999999979,
  "refUserCount": 317,
  "last7dReset": 1748788581689
}