{
  "ethCount": 274.85960000001245,
  "userCount": 12306,
  "lastTick": 1749299302595,
  "refEthCount": 7.261499999999979,
  "refUserCount": 317,
  "last7dReset": 1748788581689
}