{
  "ethCount": 601.0499000000272,
  "userCount": 27000,
  "lastTick": 1749299302595,
  "refEthCount": 7.261499999999979,
  "refUserCount": 317,
  "last7dReset": 1748788581689
}