{
  "ethCount": 581.9618000000435,
  "userCount": 26161,
  "lastTick": 1749299302595,
  "refEthCount": 7.261499999999979,
  "refUserCount": 317,
  "last7dReset": 1748788581689
}