{
  "ethCount": 159.29609999999911,
  "userCount": 7179,
  "lastTick": 1749299302595,
  "refEthCount": 7.261499999999979,
  "refUserCount": 317,
  "last7dReset": 1748788581689
}