{
  "ethCount": 189.64880000000085,
  "userCount": 8516,
  "lastTick": 1749299302595,
  "refEthCount": 7.261499999999979,
  "refUserCount": 317,
  "last7dReset": 1748788581689
}