{
  "ethCount": 307.14270000002443,
  "userCount": 13748,
  "lastTick": 1749299302595,
  "refEthCount": 7.261499999999979,
  "refUserCount": 317,
  "last7dReset": 1748788581689
}