{
  "ethCount": 360.2622000000442,
  "userCount": 16112,
  "lastTick": 1749299302595,
  "refEthCount": 7.261499999999979,
  "refUserCount": 317,
  "last7dReset": 1748788581689
}