{
  "ethCount": 188.33390000000074,
  "userCount": 8462,
  "lastTick": 1749299302595,
  "refEthCount": 7.261499999999979,
  "refUserCount": 317,
  "last7dReset": 1748788581689
}