{
  "ethCount": 285.9377000000168,
  "userCount": 12796,
  "lastTick": 1749299302595,
  "refEthCount": 7.261499999999979,
  "refUserCount": 317,
  "last7dReset": 1748788581689
}