{
  "ethCount": 342.65230000003834,
  "userCount": 15325,
  "lastTick": 1749299302595,
  "refEthCount": 7.261499999999979,
  "refUserCount": 317,
  "last7dReset": 1748788581689
}