{
  "ethCount": 438.81550000006985,
  "userCount": 19657,
  "lastTick": 1749299302595,
  "refEthCount": 7.261499999999979,
  "refUserCount": 317,
  "last7dReset": 1748788581689
}