{
  "ethCount": 604.8455000000245,
  "userCount": 27179,
  "lastTick": 1749299302595,
  "refEthCount": 7.261499999999979,
  "refUserCount": 317,
  "last7dReset": 1748788581689
}