{
  "ethCount": 85.23609999999884,
  "userCount": 3825,
  "lastTick": 1749299302595,
  "refEthCount": 7.261499999999979,
  "refUserCount": 317,
  "last7dReset": 1748788581689
}