{
  "ethCount": 384.1971000000523,
  "userCount": 17188,
  "lastTick": 1749299302595,
  "refEthCount": 7.261499999999979,
  "refUserCount": 317,
  "last7dReset": 1748788581689
}