{
  "ethCount": 509.6482000000938,
  "userCount": 22877,
  "lastTick": 1749299302595,
  "refEthCount": 7.261499999999979,
  "refUserCount": 317,
  "last7dReset": 1748788581689
}