{
  "ethCount": 433.25160000006827,
  "userCount": 19402,
  "lastTick": 1749299302595,
  "refEthCount": 7.261499999999979,
  "refUserCount": 317,
  "last7dReset": 1748788581689
}