{
  "ethCount": 446.78310000007224,
  "userCount": 20027,
  "lastTick": 1749299302595,
  "refEthCount": 7.261499999999979,
  "refUserCount": 317,
  "last7dReset": 1748788581689
}