{
  "ethCount": 442.45190000007074,
  "userCount": 19828,
  "lastTick": 1749299302595,
  "refEthCount": 7.261499999999979,
  "refUserCount": 317,
  "last7dReset": 1748788581689
}