{
  "ethCount": 404.21480000006005,
  "userCount": 18087,
  "lastTick": 1749299302595,
  "refEthCount": 7.261499999999979,
  "refUserCount": 317,
  "last7dReset": 1748788581689
}