{
  "ethCount": 120.24249999999766,
  "userCount": 5396,
  "lastTick": 1749299302595,
  "refEthCount": 7.261499999999979,
  "refUserCount": 317,
  "last7dReset": 1748788581689
}