{
  "ethCount": 328.1100000000336,
  "userCount": 14670,
  "lastTick": 1749299302595,
  "refEthCount": 7.261499999999979,
  "refUserCount": 317,
  "last7dReset": 1748788581689
}