{
  "ethCount": 312.73370000002717,
  "userCount": 13993,
  "lastTick": 1749299302595,
  "refEthCount": 7.261499999999979,
  "refUserCount": 317,
  "last7dReset": 1748788581689
}