{
  "ethCount": 466.2737000000798,
  "userCount": 20903,
  "lastTick": 1749299302595,
  "refEthCount": 7.261499999999979,
  "refUserCount": 317,
  "last7dReset": 1748788581689
}