{
  "ethCount": 177.13540000000006,
  "userCount": 7971,
  "lastTick": 1749299302595,
  "refEthCount": 7.261499999999979,
  "refUserCount": 317,
  "last7dReset": 1748788581689
}