{
  "ethCount": 258.41310000000595,
  "userCount": 11580,
  "lastTick": 1749299302595,
  "refEthCount": 7.261499999999979,
  "refUserCount": 317,
  "last7dReset": 1748788581689
}