{
  "ethCount": 281.54410000001513,
  "userCount": 12600,
  "lastTick": 1749299302595,
  "refEthCount": 7.261499999999979,
  "refUserCount": 317,
  "last7dReset": 1748788581689
}