{
  "ethCount": 500.0553000000901,
  "userCount": 22456,
  "lastTick": 1749299302595,
  "refEthCount": 7.261499999999979,
  "refUserCount": 317,
  "last7dReset": 1748788581689
}