{
  "ethCount": 256.5374000000051,
  "userCount": 11497,
  "lastTick": 1749299302595,
  "refEthCount": 7.261499999999979,
  "refUserCount": 317,
  "last7dReset": 1748788581689
}