{
  "ethCount": 96.46279999999844,
  "userCount": 4326,
  "lastTick": 1749299302595,
  "refEthCount": 7.261499999999979,
  "refUserCount": 317,
  "last7dReset": 1748788581689
}