{
  "ethCount": 244.83670000000419,
  "userCount": 10974,
  "lastTick": 1749299302595,
  "refEthCount": 7.261499999999979,
  "refUserCount": 317,
  "last7dReset": 1748788581689
}