{
  "ethCount": 61.162299999999576,
  "userCount": 2743,
  "lastTick": 1749299302595,
  "refEthCount": 7.261499999999979,
  "refUserCount": 317,
  "last7dReset": 1748788581689
}