{
  "ethCount": 575.3807000000489,
  "userCount": 25867,
  "lastTick": 1749299302595,
  "refEthCount": 7.261499999999979,
  "refUserCount": 317,
  "last7dReset": 1748788581689
}