{
  "ethCount": 149.85709999999855,
  "userCount": 6750,
  "lastTick": 1749299302595,
  "refEthCount": 7.261499999999979,
  "refUserCount": 317,
  "last7dReset": 1748788581689
}