{
  "ethCount": 281.02030000001497,
  "userCount": 12578,
  "lastTick": 1749299302595,
  "refEthCount": 7.261499999999979,
  "refUserCount": 317,
  "last7dReset": 1748788581689
}