{
  "ethCount": 340.54450000003766,
  "userCount": 15231,
  "lastTick": 1749299302595,
  "refEthCount": 7.261499999999979,
  "refUserCount": 317,
  "last7dReset": 1748788581689
}