{
  "ethCount": 563.8233000000583,
  "userCount": 25360,
  "lastTick": 1749299302595,
  "refEthCount": 7.261499999999979,
  "refUserCount": 317,
  "last7dReset": 1748788581689
}