{
  "ethCount": 491.5032000000878,
  "userCount": 22059,
  "lastTick": 1749299302595,
  "refEthCount": 7.261499999999979,
  "refUserCount": 317,
  "last7dReset": 1748788581689
}