{
  "ethCount": 328.36730000003377,
  "userCount": 14683,
  "lastTick": 1749299302595,
  "refEthCount": 7.261499999999979,
  "refUserCount": 317,
  "last7dReset": 1748788581689
}