{
  "ethCount": 253.06130000000465,
  "userCount": 11346,
  "lastTick": 1749299302595,
  "refEthCount": 7.261499999999979,
  "refUserCount": 317,
  "last7dReset": 1748788581689
}