{
  "ethCount": 289.95580000001814,
  "userCount": 12978,
  "lastTick": 1749299302595,
  "refEthCount": 7.261499999999979,
  "refUserCount": 317,
  "last7dReset": 1748788581689
}