{
  "ethCount": 483.53510000008606,
  "userCount": 21680,
  "lastTick": 1749299302595,
  "refEthCount": 7.261499999999979,
  "refUserCount": 317,
  "last7dReset": 1748788581689
}