{
  "ethCount": 61.83719999999956,
  "userCount": 2775,
  "lastTick": 1749299302595,
  "refEthCount": 7.261499999999979,
  "refUserCount": 317,
  "last7dReset": 1748788581689
}