{
  "ethCount": 327.43580000003334,
  "userCount": 14640,
  "lastTick": 1749299302595,
  "refEthCount": 7.261499999999979,
  "refUserCount": 317,
  "last7dReset": 1748788581689
}