{
  "ethCount": 485.5203000000865,
  "userCount": 21772,
  "lastTick": 1749299302595,
  "refEthCount": 7.261499999999979,
  "refUserCount": 317,
  "last7dReset": 1748788581689
}