{
  "ethCount": 324.5839000000319,
  "userCount": 14519,
  "lastTick": 1749299302595,
  "refEthCount": 7.261499999999979,
  "refUserCount": 317,
  "last7dReset": 1748788581689
}