{
  "ethCount": 326.57980000003283,
  "userCount": 14606,
  "lastTick": 1749299302595,
  "refEthCount": 7.261499999999979,
  "refUserCount": 317,
  "last7dReset": 1748788581689
}