{
  "ethCount": 465.87070000007947,
  "userCount": 20887,
  "lastTick": 1749299302595,
  "refEthCount": 7.261499999999979,
  "refUserCount": 317,
  "last7dReset": 1748788581689
}