{
  "ethCount": 348.9662000000409,
  "userCount": 15597,
  "lastTick": 1749299302595,
  "refEthCount": 7.261499999999979,
  "refUserCount": 317,
  "last7dReset": 1748788581689
}