{
  "ethCount": 436.05520000006896,
  "userCount": 19531,
  "lastTick": 1749299302595,
  "refEthCount": 7.261499999999979,
  "refUserCount": 317,
  "last7dReset": 1748788581689
}