{
  "ethCount": 205.30480000000188,
  "userCount": 9204,
  "lastTick": 1749299302595,
  "refEthCount": 7.261499999999979,
  "refUserCount": 317,
  "last7dReset": 1748788581689
}