{
  "ethCount": 322.7544000000312,
  "userCount": 14440,
  "lastTick": 1749299302595,
  "refEthCount": 7.261499999999979,
  "refUserCount": 317,
  "last7dReset": 1748788581689
}