{
  "ethCount": 581.6641000000438,
  "userCount": 26149,
  "lastTick": 1749299302595,
  "refEthCount": 7.261499999999979,
  "refUserCount": 317,
  "last7dReset": 1748788581689
}