{
  "ethCount": 273.1407000000121,
  "userCount": 12227,
  "lastTick": 1749299302595,
  "refEthCount": 7.261499999999979,
  "refUserCount": 317,
  "last7dReset": 1748788581689
}