{
  "ethCount": 385.1975000000526,
  "userCount": 17232,
  "lastTick": 1749299302595,
  "refEthCount": 7.261499999999979,
  "refUserCount": 317,
  "last7dReset": 1748788581689
}