{
  "ethCount": 356.12870000004295,
  "userCount": 15924,
  "lastTick": 1749299302595,
  "refEthCount": 7.261499999999979,
  "refUserCount": 317,
  "last7dReset": 1748788581689
}