{
  "ethCount": 479.99150000008495,
  "userCount": 21517,
  "lastTick": 1749299302595,
  "refEthCount": 7.261499999999979,
  "refUserCount": 317,
  "last7dReset": 1748788581689
}