{
  "ethCount": 417.0757000000642,
  "userCount": 18667,
  "lastTick": 1749299302595,
  "refEthCount": 7.261499999999979,
  "refUserCount": 317,
  "last7dReset": 1748788581689
}