{
  "ethCount": 147.16419999999846,
  "userCount": 6620,
  "lastTick": 1749299302595,
  "refEthCount": 7.261499999999979,
  "refUserCount": 317,
  "last7dReset": 1748788581689
}