{
  "ethCount": 59.44199999999959,
  "userCount": 2670,
  "lastTick": 1749299302595,
  "refEthCount": 7.261499999999979,
  "refUserCount": 317,
  "last7dReset": 1748788581689
}