{
  "ethCount": 424.42570000006555,
  "userCount": 19008,
  "lastTick": 1749299302595,
  "refEthCount": 7.261499999999979,
  "refUserCount": 317,
  "last7dReset": 1748788581689
}