{
  "ethCount": 470.33040000008197,
  "userCount": 21077,
  "lastTick": 1749299302595,
  "refEthCount": 7.261499999999979,
  "refUserCount": 317,
  "last7dReset": 1748788581689
}