{
  "ethCount": 312.10470000002664,
  "userCount": 13966,
  "lastTick": 1749299302595,
  "refEthCount": 7.261499999999979,
  "refUserCount": 317,
  "last7dReset": 1748788581689
}