{
  "ethCount": 447.07680000007224,
  "userCount": 20041,
  "lastTick": 1749299302595,
  "refEthCount": 7.261499999999979,
  "refUserCount": 317,
  "last7dReset": 1748788581689
}