{
  "ethCount": 365.35840000004634,
  "userCount": 16336,
  "lastTick": 1749299302595,
  "refEthCount": 7.261499999999979,
  "refUserCount": 317,
  "last7dReset": 1748788581689
}