{
  "ethCount": 477.48630000008416,
  "userCount": 21404,
  "lastTick": 1749299302595,
  "refEthCount": 7.261499999999979,
  "refUserCount": 317,
  "last7dReset": 1748788581689
}