{
  "ethCount": 215.65490000000264,
  "userCount": 9656,
  "lastTick": 1749299302595,
  "refEthCount": 7.261499999999979,
  "refUserCount": 317,
  "last7dReset": 1748788581689
}