{
  "ethCount": 180.42840000000024,
  "userCount": 8124,
  "lastTick": 1749299302595,
  "refEthCount": 7.261499999999979,
  "refUserCount": 317,
  "last7dReset": 1748788581689
}