{
  "ethCount": 289.76880000001813,
  "userCount": 12969,
  "lastTick": 1749299302595,
  "refEthCount": 7.261499999999979,
  "refUserCount": 317,
  "last7dReset": 1748788581689
}