{
  "ethCount": 75.07559999999917,
  "userCount": 3377,
  "lastTick": 1749299302595,
  "refEthCount": 7.261499999999979,
  "refUserCount": 317,
  "last7dReset": 1748788581689
}