{
  "ethCount": 318.91480000002997,
  "userCount": 14261,
  "lastTick": 1749299302595,
  "refEthCount": 7.261499999999979,
  "refUserCount": 317,
  "last7dReset": 1748788581689
}