{
  "ethCount": 302.5666000000231,
  "userCount": 13540,
  "lastTick": 1749299302595,
  "refEthCount": 7.261499999999979,
  "refUserCount": 317,
  "last7dReset": 1748788581689
}