{
  "ethCount": 374.72150000004893,
  "userCount": 16768,
  "lastTick": 1749299302595,
  "refEthCount": 7.261499999999979,
  "refUserCount": 317,
  "last7dReset": 1748788581689
}