{
  "ethCount": 461.7950000000782,
  "userCount": 20705,
  "lastTick": 1749299302595,
  "refEthCount": 7.261499999999979,
  "refUserCount": 317,
  "last7dReset": 1748788581689
}