{
  "ethCount": 187.7094000000007,
  "userCount": 8436,
  "lastTick": 1749299302595,
  "refEthCount": 7.261499999999979,
  "refUserCount": 317,
  "last7dReset": 1748788581689
}