{
  "ethCount": 481.9873000000855,
  "userCount": 21609,
  "lastTick": 1749299302595,
  "refEthCount": 7.261499999999979,
  "refUserCount": 317,
  "last7dReset": 1748788581689
}