{
  "ethCount": 257.6561000000057,
  "userCount": 11548,
  "lastTick": 1749299302595,
  "refEthCount": 7.261499999999979,
  "refUserCount": 317,
  "last7dReset": 1748788581689
}