{
  "ethCount": 47.26289999999982,
  "userCount": 2114,
  "lastTick": 1749299302595,
  "refEthCount": 7.261499999999979,
  "refUserCount": 317,
  "last7dReset": 1748788581689
}