{
  "ethCount": 433.0050000000682,
  "userCount": 19390,
  "lastTick": 1749299302595,
  "refEthCount": 7.261499999999979,
  "refUserCount": 317,
  "last7dReset": 1748788581689
}