{
  "ethCount": 40.00269999999996,
  "userCount": 1805,
  "lastTick": 1749299302595,
  "refEthCount": 7.261499999999979,
  "refUserCount": 317,
  "last7dReset": 1748788581689
}