{
  "ethCount": 300.9322000000227,
  "userCount": 13464,
  "lastTick": 1749299302595,
  "refEthCount": 7.261499999999979,
  "refUserCount": 317,
  "last7dReset": 1748788581689
}