{
  "ethCount": 49.773299999999736,
  "userCount": 2231,
  "lastTick": 1749299302595,
  "refEthCount": 7.261499999999979,
  "refUserCount": 317,
  "last7dReset": 1748788581689
}