{
  "ethCount": 48.448099999999776,
  "userCount": 2167,
  "lastTick": 1749299302595,
  "refEthCount": 7.261499999999979,
  "refUserCount": 317,
  "last7dReset": 1748788581689
}