{
  "ethCount": 137.04239999999797,
  "userCount": 6170,
  "lastTick": 1749299302595,
  "refEthCount": 7.261499999999979,
  "refUserCount": 317,
  "last7dReset": 1748788581689
}