{
  "ethCount": 367.4825000000469,
  "userCount": 16433,
  "lastTick": 1749299302595,
  "refEthCount": 7.261499999999979,
  "refUserCount": 317,
  "last7dReset": 1748788581689
}