{
  "ethCount": 176.03259999999997,
  "userCount": 7926,
  "lastTick": 1749299302595,
  "refEthCount": 7.261499999999979,
  "refUserCount": 317,
  "last7dReset": 1748788581689
}