{
  "ethCount": 299.05000000002156,
  "userCount": 13387,
  "lastTick": 1749299302595,
  "refEthCount": 7.261499999999979,
  "refUserCount": 317,
  "last7dReset": 1748788581689
}