{
  "ethCount": 309.41550000002565,
  "userCount": 13841,
  "lastTick": 1749299302595,
  "refEthCount": 7.261499999999979,
  "refUserCount": 317,
  "last7dReset": 1748788581689
}