{
  "ethCount": 517.899000000091,
  "userCount": 23249,
  "lastTick": 1749299302595,
  "refEthCount": 7.261499999999979,
  "refUserCount": 317,
  "last7dReset": 1748788581689
}