{
  "ethCount": 344.39400000003934,
  "userCount": 15395,
  "lastTick": 1749299302595,
  "refEthCount": 7.261499999999979,
  "refUserCount": 317,
  "last7dReset": 1748788581689
}