{
  "ethCount": 146.99279999999845,
  "userCount": 6611,
  "lastTick": 1749299302595,
  "refEthCount": 7.261499999999979,
  "refUserCount": 317,
  "last7dReset": 1748788581689
}