{
  "ethCount": 475.86060000008376,
  "userCount": 21328,
  "lastTick": 1749299302595,
  "refEthCount": 7.261499999999979,
  "refUserCount": 317,
  "last7dReset": 1748788581689
}