{
  "ethCount": 376.72960000004934,
  "userCount": 16862,
  "lastTick": 1749299302595,
  "refEthCount": 7.261499999999979,
  "refUserCount": 317,
  "last7dReset": 1748788581689
}