{
  "ethCount": 505.25820000009213,
  "userCount": 22680,
  "lastTick": 1749299302595,
  "refEthCount": 7.261499999999979,
  "refUserCount": 317,
  "last7dReset": 1748788581689
}