{
  "ethCount": 269.5444000000103,
  "userCount": 12079,
  "lastTick": 1749299302595,
  "refEthCount": 7.261499999999979,
  "refUserCount": 317,
  "last7dReset": 1748788581689
}