{
  "ethCount": 339.05100000003716,
  "userCount": 15163,
  "lastTick": 1749299302595,
  "refEthCount": 7.261499999999979,
  "refUserCount": 317,
  "last7dReset": 1748788581689
}