{
  "ethCount": 158.75839999999903,
  "userCount": 7158,
  "lastTick": 1749299302595,
  "refEthCount": 7.261499999999979,
  "refUserCount": 317,
  "last7dReset": 1748788581689
}