{
  "ethCount": 560.1351000000607,
  "userCount": 25189,
  "lastTick": 1749299302595,
  "refEthCount": 7.261499999999979,
  "refUserCount": 317,
  "last7dReset": 1748788581689
}