{
  "ethCount": 271.293400000011,
  "userCount": 12152,
  "lastTick": 1749299302595,
  "refEthCount": 7.261499999999979,
  "refUserCount": 317,
  "last7dReset": 1748788581689
}