{
  "ethCount": 381.7701000000511,
  "userCount": 17080,
  "lastTick": 1749299302595,
  "refEthCount": 7.261499999999979,
  "refUserCount": 317,
  "last7dReset": 1748788581689
}