{
  "ethCount": 323.8952000000316,
  "userCount": 14491,
  "lastTick": 1749299302595,
  "refEthCount": 7.261499999999979,
  "refUserCount": 317,
  "last7dReset": 1748788581689
}