{
  "ethCount": 580.5497000000448,
  "userCount": 26103,
  "lastTick": 1749299302595,
  "refEthCount": 7.261499999999979,
  "refUserCount": 317,
  "last7dReset": 1748788581689
}