{
  "ethCount": 365.72390000004646,
  "userCount": 16352,
  "lastTick": 1749299302595,
  "refEthCount": 7.261499999999979,
  "refUserCount": 317,
  "last7dReset": 1748788581689
}