{
  "ethCount": 98.72249999999835,
  "userCount": 4421,
  "lastTick": 1749299302595,
  "refEthCount": 7.261499999999979,
  "refUserCount": 317,
  "last7dReset": 1748788581689
}