{
  "ethCount": 506.5467000000927,
  "userCount": 22735,
  "lastTick": 1749299302595,
  "refEthCount": 7.261499999999979,
  "refUserCount": 317,
  "last7dReset": 1748788581689
}