{
  "ethCount": 215.74330000000265,
  "userCount": 9658,
  "lastTick": 1749299302595,
  "refEthCount": 7.261499999999979,
  "refUserCount": 317,
  "last7dReset": 1748788581689
}