{
  "ethCount": 332.1467000000349,
  "userCount": 14851,
  "lastTick": 1749299302595,
  "refEthCount": 7.261499999999979,
  "refUserCount": 317,
  "last7dReset": 1748788581689
}