{
  "ethCount": 468.7954000000815,
  "userCount": 21011,
  "lastTick": 1749299302595,
  "refEthCount": 7.261499999999979,
  "refUserCount": 317,
  "last7dReset": 1748788581689
}