{
  "ethCount": 392.16670000005547,
  "userCount": 17546,
  "lastTick": 1749299302595,
  "refEthCount": 7.261499999999979,
  "refUserCount": 317,
  "last7dReset": 1748788581689
}