{
  "ethCount": 27.769900000000025,
  "userCount": 1270,
  "lastTick": 1749299302595,
  "refEthCount": 7.261499999999979,
  "refUserCount": 317,
  "last7dReset": 1748788581689
}