{
  "ethCount": 558.0130000000618,
  "userCount": 25090,
  "lastTick": 1749299302595,
  "refEthCount": 7.261499999999979,
  "refUserCount": 317,
  "last7dReset": 1748788581689
}