{
  "ethCount": 63.03239999999956,
  "userCount": 2833,
  "lastTick": 1749299302595,
  "refEthCount": 7.261499999999979,
  "refUserCount": 317,
  "last7dReset": 1748788581689
}