{
  "ethCount": 402.21110000005933,
  "userCount": 17996,
  "lastTick": 1749299302595,
  "refEthCount": 7.261499999999979,
  "refUserCount": 317,
  "last7dReset": 1748788581689
}