{
  "ethCount": 391.37950000005515,
  "userCount": 17511,
  "lastTick": 1749299302595,
  "refEthCount": 7.261499999999979,
  "refUserCount": 317,
  "last7dReset": 1748788581689
}