{
  "ethCount": 116.80119999999779,
  "userCount": 5239,
  "lastTick": 1749299302595,
  "refEthCount": 7.261499999999979,
  "refUserCount": 317,
  "last7dReset": 1748788581689
}