{
  "ethCount": 308.34430000002527,
  "userCount": 13796,
  "lastTick": 1749299302595,
  "refEthCount": 7.261499999999979,
  "refUserCount": 317,
  "last7dReset": 1748788581689
}