{
  "ethCount": 511.7815000000951,
  "userCount": 22967,
  "lastTick": 1749299302595,
  "refEthCount": 7.261499999999979,
  "refUserCount": 317,
  "last7dReset": 1748788581689
}