{
  "ethCount": 228.93030000000326,
  "userCount": 10251,
  "lastTick": 1749299302595,
  "refEthCount": 7.261499999999979,
  "refUserCount": 317,
  "last7dReset": 1748788581689
}