{
  "ethCount": 465.1016000000792,
  "userCount": 20852,
  "lastTick": 1749299302595,
  "refEthCount": 7.261499999999979,
  "refUserCount": 317,
  "last7dReset": 1748788581689
}