{
  "ethCount": 258.22670000000596,
  "userCount": 11571,
  "lastTick": 1749299302595,
  "refEthCount": 7.261499999999979,
  "refUserCount": 317,
  "last7dReset": 1748788581689
}