{
  "ethCount": 244.68250000000418,
  "userCount": 10967,
  "lastTick": 1749299302595,
  "refEthCount": 7.261499999999979,
  "refUserCount": 317,
  "last7dReset": 1748788581689
}