{
  "ethCount": 194.1065000000011,
  "userCount": 8713,
  "lastTick": 1749299302595,
  "refEthCount": 7.261499999999979,
  "refUserCount": 317,
  "last7dReset": 1748788581689
}