{
  "ethCount": 561.3570000000594,
  "userCount": 25242,
  "lastTick": 1749299302595,
  "refEthCount": 7.261499999999979,
  "refUserCount": 317,
  "last7dReset": 1748788581689
}