{
  "ethCount": 529.5516000000812,
  "userCount": 23774,
  "lastTick": 1749299302595,
  "refEthCount": 7.261499999999979,
  "refUserCount": 317,
  "last7dReset": 1748788581689
}