{
  "ethCount": 453.3583000000746,
  "userCount": 20323,
  "lastTick": 1749299302595,
  "refEthCount": 7.261499999999979,
  "refUserCount": 317,
  "last7dReset": 1748788581689
}