{
  "ethCount": 314.68990000002793,
  "userCount": 14080,
  "lastTick": 1749299302595,
  "refEthCount": 7.261499999999979,
  "refUserCount": 317,
  "last7dReset": 1748788581689
}