{
  "ethCount": 330.55950000003446,
  "userCount": 14781,
  "lastTick": 1749299302595,
  "refEthCount": 7.261499999999979,
  "refUserCount": 317,
  "last7dReset": 1748788581689
}