{
  "ethCount": 401.68490000005914,
  "userCount": 17973,
  "lastTick": 1749299302595,
  "refEthCount": 7.261499999999979,
  "refUserCount": 317,
  "last7dReset": 1748788581689
}