{
  "ethCount": 364.42250000004594,
  "userCount": 16292,
  "lastTick": 1749299302595,
  "refEthCount": 7.261499999999979,
  "refUserCount": 317,
  "last7dReset": 1748788581689
}