{
  "ethCount": 424.2919000000655,
  "userCount": 19002,
  "lastTick": 1749299302595,
  "refEthCount": 7.261499999999979,
  "refUserCount": 317,
  "last7dReset": 1748788581689
}