{
  "ethCount": 343.34010000003883,
  "userCount": 15348,
  "lastTick": 1749299302595,
  "refEthCount": 7.261499999999979,
  "refUserCount": 317,
  "last7dReset": 1748788581689
}