{
  "ethCount": 470.92650000008217,
  "userCount": 21104,
  "lastTick": 1749299302595,
  "refEthCount": 7.261499999999979,
  "refUserCount": 317,
  "last7dReset": 1748788581689
}