{
  "ethCount": 217.12670000000278,
  "userCount": 9716,
  "lastTick": 1749299302595,
  "refEthCount": 7.261499999999979,
  "refUserCount": 317,
  "last7dReset": 1748788581689
}