{
  "ethCount": 538.0976000000745,
  "userCount": 24170,
  "lastTick": 1749299302595,
  "refEthCount": 7.261499999999979,
  "refUserCount": 317,
  "last7dReset": 1748788581689
}