{
  "ethCount": 213.49010000000249,
  "userCount": 9563,
  "lastTick": 1749299302595,
  "refEthCount": 7.261499999999979,
  "refUserCount": 317,
  "last7dReset": 1748788581689
}