{
  "ethCount": 258.0313000000059,
  "userCount": 11565,
  "lastTick": 1749299302595,
  "refEthCount": 7.261499999999979,
  "refUserCount": 317,
  "last7dReset": 1748788581689
}