{
  "ethCount": 104.19739999999821,
  "userCount": 4675,
  "lastTick": 1749299302595,
  "refEthCount": 7.261499999999979,
  "refUserCount": 317,
  "last7dReset": 1748788581689
}