{
  "ethCount": 212.32120000000242,
  "userCount": 9508,
  "lastTick": 1749299302595,
  "refEthCount": 7.261499999999979,
  "refUserCount": 317,
  "last7dReset": 1748788581689
}