{
  "ethCount": 394.69350000005625,
  "userCount": 17657,
  "lastTick": 1749299302595,
  "refEthCount": 7.261499999999979,
  "refUserCount": 317,
  "last7dReset": 1748788581689
}