{
  "ethCount": 498.10000000008904,
  "userCount": 22371,
  "lastTick": 1749299302595,
  "refEthCount": 7.261499999999979,
  "refUserCount": 317,
  "last7dReset": 1748788581689
}