{
  "ethCount": 294.55980000001966,
  "userCount": 13185,
  "lastTick": 1749299302595,
  "refEthCount": 7.261499999999979,
  "refUserCount": 317,
  "last7dReset": 1748788581689
}