{
  "ethCount": 38.17729999999997,
  "userCount": 1725,
  "lastTick": 1749299302595,
  "refEthCount": 7.261499999999979,
  "refUserCount": 317,
  "last7dReset": 1748788581689
}