{
  "ethCount": 309.37280000002556,
  "userCount": 13840,
  "lastTick": 1749299302595,
  "refEthCount": 7.261499999999979,
  "refUserCount": 317,
  "last7dReset": 1748788581689
}