{
  "ethCount": 171.29759999999973,
  "userCount": 7704,
  "lastTick": 1749299302595,
  "refEthCount": 7.261499999999979,
  "refUserCount": 317,
  "last7dReset": 1748788581689
}