{
  "ethCount": 284.84870000001644,
  "userCount": 12747,
  "lastTick": 1749299302595,
  "refEthCount": 7.261499999999979,
  "refUserCount": 317,
  "last7dReset": 1748788581689
}