{
  "ethCount": 285.1689000000165,
  "userCount": 12762,
  "lastTick": 1749299302595,
  "refEthCount": 7.261499999999979,
  "refUserCount": 317,
  "last7dReset": 1748788581689
}