{
  "ethCount": 493.57460000008837,
  "userCount": 22156,
  "lastTick": 1749299302595,
  "refEthCount": 7.261499999999979,
  "refUserCount": 317,
  "last7dReset": 1748788581689
}