{
  "ethCount": 513.8788000000939,
  "userCount": 23066,
  "lastTick": 1749299302595,
  "refEthCount": 7.261499999999979,
  "refUserCount": 317,
  "last7dReset": 1748788581689
}