{
  "ethCount": 573.9604000000501,
  "userCount": 25803,
  "lastTick": 1749299302595,
  "refEthCount": 7.261499999999979,
  "refUserCount": 317,
  "last7dReset": 1748788581689
}