{
  "ethCount": 346.37890000003983,
  "userCount": 15483,
  "lastTick": 1749299302595,
  "refEthCount": 7.261499999999979,
  "refUserCount": 317,
  "last7dReset": 1748788581689
}