{
  "ethCount": 105.17209999999817,
  "userCount": 4720,
  "lastTick": 1749299302595,
  "refEthCount": 7.261499999999979,
  "refUserCount": 317,
  "last7dReset": 1748788581689
}