{
  "ethCount": 295.1929000000199,
  "userCount": 13215,
  "lastTick": 1749299302595,
  "refEthCount": 7.261499999999979,
  "refUserCount": 317,
  "last7dReset": 1748788581689
}