{
  "ethCount": 399.7343000000587,
  "userCount": 17883,
  "lastTick": 1749299302595,
  "refEthCount": 7.261499999999979,
  "refUserCount": 317,
  "last7dReset": 1748788581689
}