{
  "ethCount": 544.7525000000703,
  "userCount": 24477,
  "lastTick": 1749299302595,
  "refEthCount": 7.261499999999979,
  "refUserCount": 317,
  "last7dReset": 1748788581689
}