{
  "ethCount": 383.52630000005183,
  "userCount": 17160,
  "lastTick": 1749299302595,
  "refEthCount": 7.261499999999979,
  "refUserCount": 317,
  "last7dReset": 1748788581689
}