{
  "ethCount": 238.25960000000384,
  "userCount": 10667,
  "lastTick": 1749299302595,
  "refEthCount": 7.261499999999979,
  "refUserCount": 317,
  "last7dReset": 1748788581689
}