{
  "ethCount": 424.92900000006557,
  "userCount": 19033,
  "lastTick": 1749299302595,
  "refEthCount": 7.261499999999979,
  "refUserCount": 317,
  "last7dReset": 1748788581689
}