{
  "ethCount": 64.52349999999954,
  "userCount": 2900,
  "lastTick": 1749299302595,
  "refEthCount": 7.261499999999979,
  "refUserCount": 317,
  "last7dReset": 1748788581689
}