{
  "ethCount": 463.78120000007897,
  "userCount": 20792,
  "lastTick": 1749299302595,
  "refEthCount": 7.261499999999979,
  "refUserCount": 317,
  "last7dReset": 1748788581689
}