{
  "ethCount": 98.24719999999837,
  "userCount": 4400,
  "lastTick": 1749299302595,
  "refEthCount": 7.261499999999979,
  "refUserCount": 317,
  "last7dReset": 1748788581689
}