{
  "ethCount": 412.30840000006236,
  "userCount": 18457,
  "lastTick": 1749299302595,
  "refEthCount": 7.261499999999979,
  "refUserCount": 317,
  "last7dReset": 1748788581689
}