{
  "ethCount": 396.99150000005716,
  "userCount": 17764,
  "lastTick": 1749299302595,
  "refEthCount": 7.261499999999979,
  "refUserCount": 317,
  "last7dReset": 1748788581689
}