{
  "ethCount": 388.9883000000547,
  "userCount": 17398,
  "lastTick": 1749299302595,
  "refEthCount": 7.261499999999979,
  "refUserCount": 317,
  "last7dReset": 1748788581689
}