{
  "ethCount": 166.46379999999945,
  "userCount": 7494,
  "lastTick": 1749299302595,
  "refEthCount": 7.261499999999979,
  "refUserCount": 317,
  "last7dReset": 1748788581689
}