{
  "ethCount": 322.73480000003116,
  "userCount": 14439,
  "lastTick": 1749299302595,
  "refEthCount": 7.261499999999979,
  "refUserCount": 317,
  "last7dReset": 1748788581689
}