{
  "ethCount": 72.07179999999927,
  "userCount": 3238,
  "lastTick": 1749299302595,
  "refEthCount": 7.261499999999979,
  "refUserCount": 317,
  "last7dReset": 1748788581689
}