{
  "ethCount": 385.27390000005266,
  "userCount": 17235,
  "lastTick": 1749299302595,
  "refEthCount": 7.261499999999979,
  "refUserCount": 317,
  "last7dReset": 1748788581689
}