{
  "ethCount": 131.52249999999762,
  "userCount": 5915,
  "lastTick": 1749299302595,
  "refEthCount": 7.261499999999979,
  "refUserCount": 317,
  "last7dReset": 1748788581689
}