{
  "ethCount": 441.19870000007035,
  "userCount": 19770,
  "lastTick": 1749299302595,
  "refEthCount": 7.261499999999979,
  "refUserCount": 317,
  "last7dReset": 1748788581689
}