{
  "ethCount": 374.9322000000491,
  "userCount": 16777,
  "lastTick": 1749299302595,
  "refEthCount": 7.261499999999979,
  "refUserCount": 317,
  "last7dReset": 1748788581689
}