{
  "ethCount": 46.328399999999824,
  "userCount": 2074,
  "lastTick": 1749299302595,
  "refEthCount": 7.261499999999979,
  "refUserCount": 317,
  "last7dReset": 1748788581689
}