{
  "ethCount": 145.88289999999841,
  "userCount": 6557,
  "lastTick": 1749299302595,
  "refEthCount": 7.261499999999979,
  "refUserCount": 317,
  "last7dReset": 1748788581689
}