{
  "ethCount": 575.9228000000484,
  "userCount": 25892,
  "lastTick": 1749299302595,
  "refEthCount": 7.261499999999979,
  "refUserCount": 317,
  "last7dReset": 1748788581689
}