{
  "ethCount": 277.67970000001384,
  "userCount": 12429,
  "lastTick": 1749299302595,
  "refEthCount": 7.261499999999979,
  "refUserCount": 317,
  "last7dReset": 1748788581689
}