{
  "ethCount": 316.1125000000289,
  "userCount": 14140,
  "lastTick": 1749299302595,
  "refEthCount": 7.261499999999979,
  "refUserCount": 317,
  "last7dReset": 1748788581689
}