{
  "ethCount": 85.00989999999885,
  "userCount": 3814,
  "lastTick": 1749299302595,
  "refEthCount": 7.261499999999979,
  "refUserCount": 317,
  "last7dReset": 1748788581689
}