{
  "ethCount": 508.1612000000934,
  "userCount": 22807,
  "lastTick": 1749299302595,
  "refEthCount": 7.261499999999979,
  "refUserCount": 317,
  "last7dReset": 1748788581689
}