{
  "ethCount": 383.7571000000522,
  "userCount": 17167,
  "lastTick": 1749299302595,
  "refEthCount": 7.261499999999979,
  "refUserCount": 317,
  "last7dReset": 1748788581689
}