{
  "ethCount": 491.54240000008787,
  "userCount": 22061,
  "lastTick": 1749299302595,
  "refEthCount": 7.261499999999979,
  "refUserCount": 317,
  "last7dReset": 1748788581689
}