{
  "ethCount": 380.5678000000508,
  "userCount": 17029,
  "lastTick": 1749299302595,
  "refEthCount": 7.261499999999979,
  "refUserCount": 317,
  "last7dReset": 1748788581689
}