{
  "ethCount": 18.004500000000004,
  "userCount": 821,
  "lastTick": 1749299302595,
  "refEthCount": 7.261499999999979,
  "refUserCount": 317,
  "last7dReset": 1748788581689
}