{
  "ethCount": 403.88930000005996,
  "userCount": 18073,
  "lastTick": 1749299302595,
  "refEthCount": 7.261499999999979,
  "refUserCount": 317,
  "last7dReset": 1748788581689
}