{
  "ethCount": 320.04920000003017,
  "userCount": 14316,
  "lastTick": 1749299302595,
  "refEthCount": 7.261499999999979,
  "refUserCount": 317,
  "last7dReset": 1748788581689
}