{
  "ethCount": 493.52730000008836,
  "userCount": 22154,
  "lastTick": 1749299302595,
  "refEthCount": 7.261499999999979,
  "refUserCount": 317,
  "last7dReset": 1748788581689
}