{
  "ethCount": 270.0521000000104,
  "userCount": 12102,
  "lastTick": 1749299302595,
  "refEthCount": 7.261499999999979,
  "refUserCount": 317,
  "last7dReset": 1748788581689
}