{
  "ethCount": 95.27529999999851,
  "userCount": 4273,
  "lastTick": 1749299302595,
  "refEthCount": 7.261499999999979,
  "refUserCount": 317,
  "last7dReset": 1748788581689
}