{
  "ethCount": 108.99439999999811,
  "userCount": 4896,
  "lastTick": 1749299302595,
  "refEthCount": 7.261499999999979,
  "refUserCount": 317,
  "last7dReset": 1748788581689
}