{
  "ethCount": 263.04200000000776,
  "userCount": 11784,
  "lastTick": 1749299302595,
  "refEthCount": 7.261499999999979,
  "refUserCount": 317,
  "last7dReset": 1748788581689
}