{
  "ethCount": 406.99410000006077,
  "userCount": 18216,
  "lastTick": 1749299302595,
  "refEthCount": 7.261499999999979,
  "refUserCount": 317,
  "last7dReset": 1748788581689
}