{
  "ethCount": 152.30199999999869,
  "userCount": 6865,
  "lastTick": 1749299302595,
  "refEthCount": 7.261499999999979,
  "refUserCount": 317,
  "last7dReset": 1748788581689
}