{
  "ethCount": 488.01730000008695,
  "userCount": 21895,
  "lastTick": 1749299302595,
  "refEthCount": 7.261499999999979,
  "refUserCount": 317,
  "last7dReset": 1748788581689
}