{
  "ethCount": 95.90839999999848,
  "userCount": 4301,
  "lastTick": 1749299302595,
  "refEthCount": 7.261499999999979,
  "refUserCount": 317,
  "last7dReset": 1748788581689
}