{
  "ethCount": 584.1308000000417,
  "userCount": 26260,
  "lastTick": 1749299302595,
  "refEthCount": 7.261499999999979,
  "refUserCount": 317,
  "last7dReset": 1748788581689
}