{
  "ethCount": 414.2953000000631,
  "userCount": 18544,
  "lastTick": 1749299302595,
  "refEthCount": 7.261499999999979,
  "refUserCount": 317,
  "last7dReset": 1748788581689
}