{
  "ethCount": 515.2625000000932,
  "userCount": 23127,
  "lastTick": 1749299302595,
  "refEthCount": 7.261499999999979,
  "refUserCount": 317,
  "last7dReset": 1748788581689
}