{
  "ethCount": 290.8438000000184,
  "userCount": 13019,
  "lastTick": 1749299302595,
  "refEthCount": 7.261499999999979,
  "refUserCount": 317,
  "last7dReset": 1748788581689
}