{
  "ethCount": 329.7220000000343,
  "userCount": 14742,
  "lastTick": 1749299302595,
  "refEthCount": 7.261499999999979,
  "refUserCount": 317,
  "last7dReset": 1748788581689
}