{
  "ethCount": 465.96070000007956,
  "userCount": 20890,
  "lastTick": 1749299302595,
  "refEthCount": 7.261499999999979,
  "refUserCount": 317,
  "last7dReset": 1748788581689
}