{
  "ethCount": 30.249800000000036,
  "userCount": 1376,
  "lastTick": 1749299302595,
  "refEthCount": 7.261499999999979,
  "refUserCount": 317,
  "last7dReset": 1748788581689
}