{
  "ethCount": 272.22180000001157,
  "userCount": 12191,
  "lastTick": 1749299302595,
  "refEthCount": 7.261499999999979,
  "refUserCount": 317,
  "last7dReset": 1748788581689
}