{
  "ethCount": 539.5160000000731,
  "userCount": 24231,
  "lastTick": 1749299302595,
  "refEthCount": 7.261499999999979,
  "refUserCount": 317,
  "last7dReset": 1748788581689
}