{
  "ethCount": 51.00169999999971,
  "userCount": 2286,
  "lastTick": 1749299302595,
  "refEthCount": 7.261499999999979,
  "refUserCount": 317,
  "last7dReset": 1748788581689
}