{
  "ethCount": 365.23330000004614,
  "userCount": 16330,
  "lastTick": 1749299302595,
  "refEthCount": 7.261499999999979,
  "refUserCount": 317,
  "last7dReset": 1748788581689
}