{
  "ethCount": 310.3772000000261,
  "userCount": 13884,
  "lastTick": 1749299302595,
  "refEthCount": 7.261499999999979,
  "refUserCount": 317,
  "last7dReset": 1748788581689
}