{
  "ethCount": 254.11250000000476,
  "userCount": 11391,
  "lastTick": 1749299302595,
  "refEthCount": 7.261499999999979,
  "refUserCount": 317,
  "last7dReset": 1748788581689
}