{
  "ethCount": 335.06070000003615,
  "userCount": 14982,
  "lastTick": 1749299302595,
  "refEthCount": 7.261499999999979,
  "refUserCount": 317,
  "last7dReset": 1748788581689
}