{
  "ethCount": 572.1061000000516,
  "userCount": 25721,
  "lastTick": 1749299302595,
  "refEthCount": 7.261499999999979,
  "refUserCount": 317,
  "last7dReset": 1748788581689
}