{
  "ethCount": 487.3428000000868,
  "userCount": 21862,
  "lastTick": 1749299302595,
  "refEthCount": 7.261499999999979,
  "refUserCount": 317,
  "last7dReset": 1748788581689
}