{
  "ethCount": 384.20920000005225,
  "userCount": 17189,
  "lastTick": 1749299302595,
  "refEthCount": 7.261499999999979,
  "refUserCount": 317,
  "last7dReset": 1748788581689
}