{
  "ethCount": 347.18660000004024,
  "userCount": 15516,
  "lastTick": 1749299302595,
  "refEthCount": 7.261499999999979,
  "refUserCount": 317,
  "last7dReset": 1748788581689
}