{
  "ethCount": 396.82010000005715,
  "userCount": 17755,
  "lastTick": 1749299302595,
  "refEthCount": 7.261499999999979,
  "refUserCount": 317,
  "last7dReset": 1748788581689
}