{
  "ethCount": 272.83840000001175,
  "userCount": 12216,
  "lastTick": 1749299302595,
  "refEthCount": 7.261499999999979,
  "refUserCount": 317,
  "last7dReset": 1748788581689
}