{
  "ethCount": 67.51859999999938,
  "userCount": 3025,
  "lastTick": 1749299302595,
  "refEthCount": 7.261499999999979,
  "refUserCount": 317,
  "last7dReset": 1748788581689
}