{
  "ethCount": 535.3041000000766,
  "userCount": 24037,
  "lastTick": 1749299302595,
  "refEthCount": 7.261499999999979,
  "refUserCount": 317,
  "last7dReset": 1748788581689
}