{
  "ethCount": 194.59980000000118,
  "userCount": 8727,
  "lastTick": 1749299302595,
  "refEthCount": 7.261499999999979,
  "refUserCount": 317,
  "last7dReset": 1748788581689
}