{
  "ethCount": 146.97319999999846,
  "userCount": 6610,
  "lastTick": 1749299302595,
  "refEthCount": 7.261499999999979,
  "refUserCount": 317,
  "last7dReset": 1748788581689
}