{
  "ethCount": 594.4103000000331,
  "userCount": 26711,
  "lastTick": 1749299302595,
  "refEthCount": 7.261499999999979,
  "refUserCount": 317,
  "last7dReset": 1748788581689
}