{
  "ethCount": 283.38880000001586,
  "userCount": 12683,
  "lastTick": 1749299302595,
  "refEthCount": 7.261499999999979,
  "refUserCount": 317,
  "last7dReset": 1748788581689
}