{
  "ethCount": 456.6524000000761,
  "userCount": 20467,
  "lastTick": 1749299302595,
  "refEthCount": 7.261499999999979,
  "refUserCount": 317,
  "last7dReset": 1748788581689
}