{
  "ethCount": 491.7767000000879,
  "userCount": 22072,
  "lastTick": 1749299302595,
  "refEthCount": 7.261499999999979,
  "refUserCount": 317,
  "last7dReset": 1748788581689
}