{
  "ethCount": 579.3002000000461,
  "userCount": 26047,
  "lastTick": 1749299302595,
  "refEthCount": 7.261499999999979,
  "refUserCount": 317,
  "last7dReset": 1748788581689
}