{
  "ethCount": 411.32050000006194,
  "userCount": 18415,
  "lastTick": 1749299302595,
  "refEthCount": 7.261499999999979,
  "refUserCount": 317,
  "last7dReset": 1748788581689
}