{
  "ethCount": 355.45110000004274,
  "userCount": 15893,
  "lastTick": 1749299302595,
  "refEthCount": 7.261499999999979,
  "refUserCount": 317,
  "last7dReset": 1748788581689
}