{
  "ethCount": 320.46940000003025,
  "userCount": 14336,
  "lastTick": 1749299302595,
  "refEthCount": 7.261499999999979,
  "refUserCount": 317,
  "last7dReset": 1748788581689
}