{
  "ethCount": 275.7990000000126,
  "userCount": 12350,
  "lastTick": 1749299302595,
  "refEthCount": 7.261499999999979,
  "refUserCount": 317,
  "last7dReset": 1748788581689
}