{
  "ethCount": 302.21680000002294,
  "userCount": 13524,
  "lastTick": 1749299302595,
  "refEthCount": 7.261499999999979,
  "refUserCount": 317,
  "last7dReset": 1748788581689
}