{
  "ethCount": 599.5915000000284,
  "userCount": 26934,
  "lastTick": 1749299302595,
  "refEthCount": 7.261499999999979,
  "refUserCount": 317,
  "last7dReset": 1748788581689
}