{
  "ethCount": 584.8447000000411,
  "userCount": 26293,
  "lastTick": 1749299302595,
  "refEthCount": 7.261499999999979,
  "refUserCount": 317,
  "last7dReset": 1748788581689
}