{
  "ethCount": 366.88180000004655,
  "userCount": 16409,
  "lastTick": 1749299302595,
  "refEthCount": 7.261499999999979,
  "refUserCount": 317,
  "last7dReset": 1748788581689
}