{
  "ethCount": 305.45840000002386,
  "userCount": 13671,
  "lastTick": 1749299302595,
  "refEthCount": 7.261499999999979,
  "refUserCount": 317,
  "last7dReset": 1748788581689
}