{
  "ethCount": 466.60260000008026,
  "userCount": 20915,
  "lastTick": 1749299302595,
  "refEthCount": 7.261499999999979,
  "refUserCount": 317,
  "last7dReset": 1748788581689
}