{
  "ethCount": 473.06380000008284,
  "userCount": 21203,
  "lastTick": 1749299302595,
  "refEthCount": 7.261499999999979,
  "refUserCount": 317,
  "last7dReset": 1748788581689
}