{
  "ethCount": 578.9215000000468,
  "userCount": 26033,
  "lastTick": 1749299302595,
  "refEthCount": 7.261499999999979,
  "refUserCount": 317,
  "last7dReset": 1748788581689
}