{
  "ethCount": 459.14110000007713,
  "userCount": 20583,
  "lastTick": 1749299302595,
  "refEthCount": 7.261499999999979,
  "refUserCount": 317,
  "last7dReset": 1748788581689
}