{
  "ethCount": 24.079900000000013,
  "userCount": 1102,
  "lastTick": 1749299302595,
  "refEthCount": 7.261499999999979,
  "refUserCount": 317,
  "last7dReset": 1748788581689
}