{
  "ethCount": 385.46050000005283,
  "userCount": 17240,
  "lastTick": 1749299302595,
  "refEthCount": 7.261499999999979,
  "refUserCount": 317,
  "last7dReset": 1748788581689
}