{
  "ethCount": 569.3285000000536,
  "userCount": 25592,
  "lastTick": 1749299302595,
  "refEthCount": 7.261499999999979,
  "refUserCount": 317,
  "last7dReset": 1748788581689
}