{
  "ethCount": 395.46720000005683,
  "userCount": 17690,
  "lastTick": 1749299302595,
  "refEthCount": 7.261499999999979,
  "refUserCount": 317,
  "last7dReset": 1748788581689
}