{
  "ethCount": 398.6927000000585,
  "userCount": 17832,
  "lastTick": 1749299302595,
  "refEthCount": 7.261499999999979,
  "refUserCount": 317,
  "last7dReset": 1748788581689
}