{
  "ethCount": 411.75900000006214,
  "userCount": 18434,
  "lastTick": 1749299302595,
  "refEthCount": 7.261499999999979,
  "refUserCount": 317,
  "last7dReset": 1748788581689
}