{
  "ethCount": 292.62850000001856,
  "userCount": 13103,
  "lastTick": 1749299302595,
  "refEthCount": 7.261499999999979,
  "refUserCount": 317,
  "last7dReset": 1748788581689
}