{
  "ethCount": 516.8922000000919,
  "userCount": 23205,
  "lastTick": 1749299302595,
  "refEthCount": 7.261499999999979,
  "refUserCount": 317,
  "last7dReset": 1748788581689
}