{
  "ethCount": 251.91610000000455,
  "userCount": 11292,
  "lastTick": 1749299302595,
  "refEthCount": 7.261499999999979,
  "refUserCount": 317,
  "last7dReset": 1748788581689
}