{
  "ethCount": 51.874099999999686,
  "userCount": 2322,
  "lastTick": 1749299302595,
  "refEthCount": 7.261499999999979,
  "refUserCount": 317,
  "last7dReset": 1748788581689
}