{
  "ethCount": 597.5810000000309,
  "userCount": 26856,
  "lastTick": 1749299302595,
  "refEthCount": 7.261499999999979,
  "refUserCount": 317,
  "last7dReset": 1748788581689
}