{
  "ethCount": 555.7237000000631,
  "userCount": 24981,
  "lastTick": 1749299302595,
  "refEthCount": 7.261499999999979,
  "refUserCount": 317,
  "last7dReset": 1748788581689
}