{
  "ethCount": 485.37070000008634,
  "userCount": 21766,
  "lastTick": 1749299302595,
  "refEthCount": 7.261499999999979,
  "refUserCount": 317,
  "last7dReset": 1748788581689
}