{
  "ethCount": 51.068599999999705,
  "userCount": 2289,
  "lastTick": 1749299302595,
  "refEthCount": 7.261499999999979,
  "refUserCount": 317,
  "last7dReset": 1748788581689
}