{
  "ethCount": 595.2257000000326,
  "userCount": 26747,
  "lastTick": 1749299302595,
  "refEthCount": 7.261499999999979,
  "refUserCount": 317,
  "last7dReset": 1748788581689
}