{
  "ethCount": 402.24630000005936,
  "userCount": 17997,
  "lastTick": 1749299302595,
  "refEthCount": 7.261499999999979,
  "refUserCount": 317,
  "last7dReset": 1748788581689
}