{
  "ethCount": 120.50149999999763,
  "userCount": 5406,
  "lastTick": 1749299302595,
  "refEthCount": 7.261499999999979,
  "refUserCount": 317,
  "last7dReset": 1748788581689
}