{
  "ethCount": 129.72269999999753,
  "userCount": 5828,
  "lastTick": 1749299302595,
  "refEthCount": 7.261499999999979,
  "refUserCount": 317,
  "last7dReset": 1748788581689
}