{
  "ethCount": 378.1677000000499,
  "userCount": 16923,
  "lastTick": 1749299302595,
  "refEthCount": 7.261499999999979,
  "refUserCount": 317,
  "last7dReset": 1748788581689
}