{
  "ethCount": 407.61860000006095,
  "userCount": 18245,
  "lastTick": 1749299302595,
  "refEthCount": 7.261499999999979,
  "refUserCount": 317,
  "last7dReset": 1748788581689
}