{
  "ethCount": 500.32080000009034,
  "userCount": 22465,
  "lastTick": 1749299302595,
  "refEthCount": 7.261499999999979,
  "refUserCount": 317,
  "last7dReset": 1748788581689
}