{
  "ethCount": 475.9431000000838,
  "userCount": 21331,
  "lastTick": 1749299302595,
  "refEthCount": 7.261499999999979,
  "refUserCount": 317,
  "last7dReset": 1748788581689
}