{
  "ethCount": 385.04570000005265,
  "userCount": 17224,
  "lastTick": 1749299302595,
  "refEthCount": 7.261499999999979,
  "refUserCount": 317,
  "last7dReset": 1748788581689
}