{
  "ethCount": 465.91340000007955,
  "userCount": 20888,
  "lastTick": 1749299302595,
  "refEthCount": 7.261499999999979,
  "refUserCount": 317,
  "last7dReset": 1748788581689
}