{
  "ethCount": 136.41279999999793,
  "userCount": 6141,
  "lastTick": 1749299302595,
  "refEthCount": 7.261499999999979,
  "refUserCount": 317,
  "last7dReset": 1748788581689
}