{
  "ethCount": 467.0019000000805,
  "userCount": 20932,
  "lastTick": 1749299302595,
  "refEthCount": 7.261499999999979,
  "refUserCount": 317,
  "last7dReset": 1748788581689
}