{
  "ethCount": 273.0040000000119,
  "userCount": 12222,
  "lastTick": 1749299302595,
  "refEthCount": 7.261499999999979,
  "refUserCount": 317,
  "last7dReset": 1748788581689
}