{
  "ethCount": 117.43149999999775,
  "userCount": 5270,
  "lastTick": 1749299302595,
  "refEthCount": 7.261499999999979,
  "refUserCount": 317,
  "last7dReset": 1748788581689
}