{
  "ethCount": 288.62230000001773,
  "userCount": 12915,
  "lastTick": 1749299302595,
  "refEthCount": 7.261499999999979,
  "refUserCount": 317,
  "last7dReset": 1748788581689
}