{
  "ethCount": 538.6265000000739,
  "userCount": 24191,
  "lastTick": 1749299302595,
  "refEthCount": 7.261499999999979,
  "refUserCount": 317,
  "last7dReset": 1748788581689
}