{
  "ethCount": 153.94479999999876,
  "userCount": 6939,
  "lastTick": 1749299302595,
  "refEthCount": 7.261499999999979,
  "refUserCount": 317,
  "last7dReset": 1748788581689
}