{
  "ethCount": 177.9807000000001,
  "userCount": 8009,
  "lastTick": 1749299302595,
  "refEthCount": 7.261499999999979,
  "refUserCount": 317,
  "last7dReset": 1748788581689
}