{
  "ethCount": 132.88629999999768,
  "userCount": 5975,
  "lastTick": 1749299302595,
  "refEthCount": 7.261499999999979,
  "refUserCount": 317,
  "last7dReset": 1748788581689
}