{
  "ethCount": 219.0548000000028,
  "userCount": 9803,
  "lastTick": 1749299302595,
  "refEthCount": 7.261499999999979,
  "refUserCount": 317,
  "last7dReset": 1748788581689
}