{
  "ethCount": 356.45150000004327,
  "userCount": 15938,
  "lastTick": 1749299302595,
  "refEthCount": 7.261499999999979,
  "refUserCount": 317,
  "last7dReset": 1748788581689
}