{
  "ethCount": 564.6627000000573,
  "userCount": 25392,
  "lastTick": 1749299302595,
  "refEthCount": 7.261499999999979,
  "refUserCount": 317,
  "last7dReset": 1748788581689
}