{
  "ethCount": 110.65069999999807,
  "userCount": 4972,
  "lastTick": 1749299302595,
  "refEthCount": 7.261499999999979,
  "refUserCount": 317,
  "last7dReset": 1748788581689
}