{
  "ethCount": 309.3607000000256,
  "userCount": 13839,
  "lastTick": 1749299302595,
  "refEthCount": 7.261499999999979,
  "refUserCount": 317,
  "last7dReset": 1748788581689
}