{
  "ethCount": 571.3595000000523,
  "userCount": 25688,
  "lastTick": 1749299302595,
  "refEthCount": 7.261499999999979,
  "refUserCount": 317,
  "last7dReset": 1748788581689
}