{
  "ethCount": 251.94030000000456,
  "userCount": 11294,
  "lastTick": 1749299302595,
  "refEthCount": 7.261499999999979,
  "refUserCount": 317,
  "last7dReset": 1748788581689
}