{
  "ethCount": 353.85330000004234,
  "userCount": 15823,
  "lastTick": 1749299302595,
  "refEthCount": 7.261499999999979,
  "refUserCount": 317,
  "last7dReset": 1748788581689
}