{
  "ethCount": 33.847800000000014,
  "userCount": 1539,
  "lastTick": 1749299302595,
  "refEthCount": 7.261499999999979,
  "refUserCount": 317,
  "last7dReset": 1748788581689
}