{
  "ethCount": 221.58790000000295,
  "userCount": 9910,
  "lastTick": 1749299302595,
  "refEthCount": 7.261499999999979,
  "refUserCount": 317,
  "last7dReset": 1748788581689
}