{
  "ethCount": 562.6358000000589,
  "userCount": 25303,
  "lastTick": 1749299302595,
  "refEthCount": 7.261499999999979,
  "refUserCount": 317,
  "last7dReset": 1748788581689
}