{
  "ethCount": 244.33340000000416,
  "userCount": 10949,
  "lastTick": 1749299302595,
  "refEthCount": 7.261499999999979,
  "refUserCount": 317,
  "last7dReset": 1748788581689
}