{
  "ethCount": 281.5245000000151,
  "userCount": 12599,
  "lastTick": 1749299302595,
  "refEthCount": 7.261499999999979,
  "refUserCount": 317,
  "last7dReset": 1748788581689
}