{
  "ethCount": 549.2487000000676,
  "userCount": 24685,
  "lastTick": 1749299302595,
  "refEthCount": 7.261499999999979,
  "refUserCount": 317,
  "last7dReset": 1748788581689
}