{
  "ethCount": 272.72220000001164,
  "userCount": 12213,
  "lastTick": 1749299302595,
  "refEthCount": 7.261499999999979,
  "refUserCount": 317,
  "last7dReset": 1748788581689
}