{
  "ethCount": 517.9354000000909,
  "userCount": 23250,
  "lastTick": 1749299302595,
  "refEthCount": 7.261499999999979,
  "refUserCount": 317,
  "last7dReset": 1748788581689
}