{
  "ethCount": 587.4325000000387,
  "userCount": 26406,
  "lastTick": 1749299302595,
  "refEthCount": 7.261499999999979,
  "refUserCount": 317,
  "last7dReset": 1748788581689
}