{
  "ethCount": 79.87629999999895,
  "userCount": 3588,
  "lastTick": 1749299302595,
  "refEthCount": 7.261499999999979,
  "refUserCount": 317,
  "last7dReset": 1748788581689
}