{
  "ethCount": 356.0422000000429,
  "userCount": 15920,
  "lastTick": 1749299302595,
  "refEthCount": 7.261499999999979,
  "refUserCount": 317,
  "last7dReset": 1748788581689
}