{
  "ethCount": 232.7917000000035,
  "userCount": 10417,
  "lastTick": 1749299302595,
  "refEthCount": 7.261499999999979,
  "refUserCount": 317,
  "last7dReset": 1748788581689
}