{
  "ethCount": 110.98529999999803,
  "userCount": 4987,
  "lastTick": 1749299302595,
  "refEthCount": 7.261499999999979,
  "refUserCount": 317,
  "last7dReset": 1748788581689
}