{
  "ethCount": 386.7427000000534,
  "userCount": 17297,
  "lastTick": 1749299302595,
  "refEthCount": 7.261499999999979,
  "refUserCount": 317,
  "last7dReset": 1748788581689
}