{
  "ethCount": 498.46160000008916,
  "userCount": 22386,
  "lastTick": 1749299302595,
  "refEthCount": 7.261499999999979,
  "refUserCount": 317,
  "last7dReset": 1748788581689
}