{
  "ethCount": 367.6677000000469,
  "userCount": 16442,
  "lastTick": 1749299302595,
  "refEthCount": 7.261499999999979,
  "refUserCount": 317,
  "last7dReset": 1748788581689
}