{
  "ethCount": 312.2732000000269,
  "userCount": 13971,
  "lastTick": 1749299302595,
  "refEthCount": 7.261499999999979,
  "refUserCount": 317,
  "last7dReset": 1748788581689
}