{
  "ethCount": 517.6704000000913,
  "userCount": 23239,
  "lastTick": 1749299302595,
  "refEthCount": 7.261499999999979,
  "refUserCount": 317,
  "last7dReset": 1748788581689
}