{
  "ethCount": 333.6065000000358,
  "userCount": 14916,
  "lastTick": 1749299302595,
  "refEthCount": 7.261499999999979,
  "refUserCount": 317,
  "last7dReset": 1748788581689
}