{
  "ethCount": 430.68770000006737,
  "userCount": 19290,
  "lastTick": 1749299302595,
  "refEthCount": 7.261499999999979,
  "refUserCount": 317,
  "last7dReset": 1748788581689
}