{
  "ethCount": 362.60570000004526,
  "userCount": 16214,
  "lastTick": 1749299302595,
  "refEthCount": 7.261499999999979,
  "refUserCount": 317,
  "last7dReset": 1748788581689
}