{
  "ethCount": 249.91490000000442,
  "userCount": 11198,
  "lastTick": 1749299302595,
  "refEthCount": 7.261499999999979,
  "refUserCount": 317,
  "last7dReset": 1748788581689
}