{
  "ethCount": 505.59790000009235,
  "userCount": 22694,
  "lastTick": 1749299302595,
  "refEthCount": 7.261499999999979,
  "refUserCount": 317,
  "last7dReset": 1748788581689
}