{
  "ethCount": 519.0212000000895,
  "userCount": 23295,
  "lastTick": 1749299302595,
  "refEthCount": 7.261499999999979,
  "refUserCount": 317,
  "last7dReset": 1748788581689
}