{
  "ethCount": 423.8392000000653,
  "userCount": 18982,
  "lastTick": 1749299302595,
  "refEthCount": 7.261499999999979,
  "refUserCount": 317,
  "last7dReset": 1748788581689
}