{
  "ethCount": 592.5033000000352,
  "userCount": 26632,
  "lastTick": 1749299302595,
  "refEthCount": 7.261499999999979,
  "refUserCount": 317,
  "last7dReset": 1748788581689
}