{
  "ethCount": 149.55909999999855,
  "userCount": 6737,
  "lastTick": 1749299302595,
  "refEthCount": 7.261499999999979,
  "refUserCount": 317,
  "last7dReset": 1748788581689
}