{
  "ethCount": 416.40450000006376,
  "userCount": 18640,
  "lastTick": 1749299302595,
  "refEthCount": 7.261499999999979,
  "refUserCount": 317,
  "last7dReset": 1748788581689
}