{
  "ethCount": 410.78110000006177,
  "userCount": 18393,
  "lastTick": 1749299302595,
  "refEthCount": 7.261499999999979,
  "refUserCount": 317,
  "last7dReset": 1748788581689
}