{
  "ethCount": 286.1564000000168,
  "userCount": 12807,
  "lastTick": 1749299302595,
  "refEthCount": 7.261499999999979,
  "refUserCount": 317,
  "last7dReset": 1748788581689
}