{
  "ethCount": 499.17410000008954,
  "userCount": 22419,
  "lastTick": 1749299302595,
  "refEthCount": 7.261499999999979,
  "refUserCount": 317,
  "last7dReset": 1748788581689
}