{
  "ethCount": 507.6550000000931,
  "userCount": 22785,
  "lastTick": 1749299302595,
  "refEthCount": 7.261499999999979,
  "refUserCount": 317,
  "last7dReset": 1748788581689
}