{
  "ethCount": 309.63120000002584,
  "userCount": 13850,
  "lastTick": 1749299302595,
  "refEthCount": 7.261499999999979,
  "refUserCount": 317,
  "last7dReset": 1748788581689
}