{
  "ethCount": 451.69560000007414,
  "userCount": 20248,
  "lastTick": 1749299302595,
  "refEthCount": 7.261499999999979,
  "refUserCount": 317,
  "last7dReset": 1748788581689
}