{
  "ethCount": 3.0701000000000005,
  "userCount": 140,
  "lastTick": 1749299302595,
  "refEthCount": 7.261499999999979,
  "refUserCount": 317,
  "last7dReset": 1748788581689
}