{
  "ethCount": 261.5751000000071,
  "userCount": 11721,
  "lastTick": 1749299302595,
  "refEthCount": 7.261499999999979,
  "refUserCount": 317,
  "last7dReset": 1748788581689
}