{
  "ethCount": 188.75230000000076,
  "userCount": 8478,
  "lastTick": 1749299302595,
  "refEthCount": 7.261499999999979,
  "refUserCount": 317,
  "last7dReset": 1748788581689
}