{
  "ethCount": 393.08290000005564,
  "userCount": 17589,
  "lastTick": 1749299302595,
  "refEthCount": 7.261499999999979,
  "refUserCount": 317,
  "last7dReset": 1748788581689
}