{
  "ethCount": 545.1760000000701,
  "userCount": 24496,
  "lastTick": 1749299302595,
  "refEthCount": 7.261499999999979,
  "refUserCount": 317,
  "last7dReset": 1748788581689
}