{
  "ethCount": 85.53349999999884,
  "userCount": 3838,
  "lastTick": 1749299302595,
  "refEthCount": 7.261499999999979,
  "refUserCount": 317,
  "last7dReset": 1748788581689
}