{
  "ethCount": 413.86410000006293,
  "userCount": 18525,
  "lastTick": 1749299302595,
  "refEthCount": 7.261499999999979,
  "refUserCount": 317,
  "last7dReset": 1748788581689
}