{
  "ethCount": 155.55249999999884,
  "userCount": 7013,
  "lastTick": 1749299302595,
  "refEthCount": 7.261499999999979,
  "refUserCount": 317,
  "last7dReset": 1748788581689
}