{
  "ethCount": 292.83990000001864,
  "userCount": 13112,
  "lastTick": 1749299302595,
  "refEthCount": 7.261499999999979,
  "refUserCount": 317,
  "last7dReset": 1748788581689
}