{
  "ethCount": 130.54959999999758,
  "userCount": 5869,
  "lastTick": 1749299302595,
  "refEthCount": 7.261499999999979,
  "refUserCount": 317,
  "last7dReset": 1748788581689
}