{
  "ethCount": 424.5920000000656,
  "userCount": 19016,
  "lastTick": 1749299302595,
  "refEthCount": 7.261499999999979,
  "refUserCount": 317,
  "last7dReset": 1748788581689
}