{
  "ethCount": 26.206000000000024,
  "userCount": 1201,
  "lastTick": 1749299302595,
  "refEthCount": 7.261499999999979,
  "refUserCount": 317,
  "last7dReset": 1748788581689
}