{
  "ethCount": 96.72089999999842,
  "userCount": 4335,
  "lastTick": 1749299302595,
  "refEthCount": 7.261499999999979,
  "refUserCount": 317,
  "last7dReset": 1748788581689
}