{
  "ethCount": 454.9858000000753,
  "userCount": 20397,
  "lastTick": 1749299302595,
  "refEthCount": 7.261499999999979,
  "refUserCount": 317,
  "last7dReset": 1748788581689
}