{
  "ethCount": 116.64579999999779,
  "userCount": 5232,
  "lastTick": 1749299302595,
  "refEthCount": 7.261499999999979,
  "refUserCount": 317,
  "last7dReset": 1748788581689
}