{
  "ethCount": 62.84719999999956,
  "userCount": 2824,
  "lastTick": 1749299302595,
  "refEthCount": 7.261499999999979,
  "refUserCount": 317,
  "last7dReset": 1748788581689
}