{
  "ethCount": 580.7015000000448,
  "userCount": 26111,
  "lastTick": 1749299302595,
  "refEthCount": 7.261499999999979,
  "refUserCount": 317,
  "last7dReset": 1748788581689
}