{
  "ethCount": 533.2421000000783,
  "userCount": 23942,
  "lastTick": 1749299302595,
  "refEthCount": 7.261499999999979,
  "refUserCount": 317,
  "last7dReset": 1748788581689
}