{
  "ethCount": 293.62390000001915,
  "userCount": 13142,
  "lastTick": 1749299302595,
  "refEthCount": 7.261499999999979,
  "refUserCount": 317,
  "last7dReset": 1748788581689
}