{
  "ethCount": 287.52380000001716,
  "userCount": 12872,
  "lastTick": 1749299302595,
  "refEthCount": 7.261499999999979,
  "refUserCount": 317,
  "last7dReset": 1748788581689
}