{
  "ethCount": 85.37579999999883,
  "userCount": 3832,
  "lastTick": 1749299302595,
  "refEthCount": 7.261499999999979,
  "refUserCount": 317,
  "last7dReset": 1748788581689
}