{
  "ethCount": 351.3038000000415,
  "userCount": 15703,
  "lastTick": 1749299302595,
  "refEthCount": 7.261499999999979,
  "refUserCount": 317,
  "last7dReset": 1748788581689
}