{
  "ethCount": 125.46119999999749,
  "userCount": 5636,
  "lastTick": 1749299302595,
  "refEthCount": 7.261499999999979,
  "refUserCount": 317,
  "last7dReset": 1748788581689
}