{
  "ethCount": 400.53500000005886,
  "userCount": 17920,
  "lastTick": 1749299302595,
  "refEthCount": 7.261499999999979,
  "refUserCount": 317,
  "last7dReset": 1748788581689
}