{
  "ethCount": 249.89530000000443,
  "userCount": 11197,
  "lastTick": 1749299302595,
  "refEthCount": 7.261499999999979,
  "refUserCount": 317,
  "last7dReset": 1748788581689
}