{
  "ethCount": 132.65079999999764,
  "userCount": 5964,
  "lastTick": 1749299302595,
  "refEthCount": 7.261499999999979,
  "refUserCount": 317,
  "last7dReset": 1748788581689
}