{
  "ethCount": 424.16020000006534,
  "userCount": 18997,
  "lastTick": 1749299302595,
  "refEthCount": 7.261499999999979,
  "refUserCount": 317,
  "last7dReset": 1748788581689
}