{
  "ethCount": 473.76050000008297,
  "userCount": 21234,
  "lastTick": 1749299302595,
  "refEthCount": 7.261499999999979,
  "refUserCount": 317,
  "last7dReset": 1748788581689
}