{
  "ethCount": 168.3534999999996,
  "userCount": 7578,
  "lastTick": 1749299302595,
  "refEthCount": 7.261499999999979,
  "refUserCount": 317,
  "last7dReset": 1748788581689
}