{
  "ethCount": 379.16180000005016,
  "userCount": 16970,
  "lastTick": 1749299302595,
  "refEthCount": 7.261499999999979,
  "refUserCount": 317,
  "last7dReset": 1748788581689
}