{
  "ethCount": 250.25550000000445,
  "userCount": 11214,
  "lastTick": 1749299302595,
  "refEthCount": 7.261499999999979,
  "refUserCount": 317,
  "last7dReset": 1748788581689
}