{
  "ethCount": 502.8313000000912,
  "userCount": 22576,
  "lastTick": 1749299302595,
  "refEthCount": 7.261499999999979,
  "refUserCount": 317,
  "last7dReset": 1748788581689
}