{
  "ethCount": 99.67829999999832,
  "userCount": 4466,
  "lastTick": 1749299302595,
  "refEthCount": 7.261499999999979,
  "refUserCount": 317,
  "last7dReset": 1748788581689
}