{
  "ethCount": 591.2634000000361,
  "userCount": 26579,
  "lastTick": 1749299302595,
  "refEthCount": 7.261499999999979,
  "refUserCount": 317,
  "last7dReset": 1748788581689
}