{
  "ethCount": 272.0261000000115,
  "userCount": 12182,
  "lastTick": 1749299302595,
  "refEthCount": 7.261499999999979,
  "refUserCount": 317,
  "last7dReset": 1748788581689
}