{
  "ethCount": 256.9296000000052,
  "userCount": 11516,
  "lastTick": 1749299302595,
  "refEthCount": 7.261499999999979,
  "refUserCount": 317,
  "last7dReset": 1748788581689
}