{
  "ethCount": 271.22650000001096,
  "userCount": 12149,
  "lastTick": 1749299302595,
  "refEthCount": 7.261499999999979,
  "refUserCount": 317,
  "last7dReset": 1748788581689
}