{
  "ethCount": 318.7931000000299,
  "userCount": 14256,
  "lastTick": 1749299302595,
  "refEthCount": 7.261499999999979,
  "refUserCount": 317,
  "last7dReset": 1748788581689
}