{
  "ethCount": 49.898999999999724,
  "userCount": 2237,
  "lastTick": 1749299302595,
  "refEthCount": 7.261499999999979,
  "refUserCount": 317,
  "last7dReset": 1748788581689
}