{
  "ethCount": 491.13150000008767,
  "userCount": 22043,
  "lastTick": 1749299302595,
  "refEthCount": 7.261499999999979,
  "refUserCount": 317,
  "last7dReset": 1748788581689
}