{
  "ethCount": 109.14109999999812,
  "userCount": 4903,
  "lastTick": 1749299302595,
  "refEthCount": 7.261499999999979,
  "refUserCount": 317,
  "last7dReset": 1748788581689
}