{
  "ethCount": 114.97279999999786,
  "userCount": 5155,
  "lastTick": 1749299302595,
  "refEthCount": 7.261499999999979,
  "refUserCount": 317,
  "last7dReset": 1748788581689
}