{
  "ethCount": 500.24640000009026,
  "userCount": 22462,
  "lastTick": 1749299302595,
  "refEthCount": 7.261499999999979,
  "refUserCount": 317,
  "last7dReset": 1748788581689
}