{
  "ethCount": 399.7234000000587,
  "userCount": 17882,
  "lastTick": 1749299302595,
  "refEthCount": 7.261499999999979,
  "refUserCount": 317,
  "last7dReset": 1748788581689
}