{
  "ethCount": 24.08210000000001,
  "userCount": 1103,
  "lastTick": 1749299302595,
  "refEthCount": 7.261499999999979,
  "refUserCount": 317,
  "last7dReset": 1748788581689
}