{
  "ethCount": 284.8182000000164,
  "userCount": 12745,
  "lastTick": 1749299302595,
  "refEthCount": 7.261499999999979,
  "refUserCount": 317,
  "last7dReset": 1748788581689
}