{
  "ethCount": 343.99920000003914,
  "userCount": 15377,
  "lastTick": 1749299302595,
  "refEthCount": 7.261499999999979,
  "refUserCount": 317,
  "last7dReset": 1748788581689
}