{
  "ethCount": 104.88289999999816,
  "userCount": 4707,
  "lastTick": 1749299302595,
  "refEthCount": 7.261499999999979,
  "refUserCount": 317,
  "last7dReset": 1748788581689
}