{
  "ethCount": 489.81820000008724,
  "userCount": 21981,
  "lastTick": 1749299302595,
  "refEthCount": 7.261499999999979,
  "refUserCount": 317,
  "last7dReset": 1748788581689
}