{
  "ethCount": 567.8153000000556,
  "userCount": 25532,
  "lastTick": 1749299302595,
  "refEthCount": 7.261499999999979,
  "refUserCount": 317,
  "last7dReset": 1748788581689
}