{
  "ethCount": 520.0872000000883,
  "userCount": 23341,
  "lastTick": 1749299302595,
  "refEthCount": 7.261499999999979,
  "refUserCount": 317,
  "last7dReset": 1748788581689
}