{
  "ethCount": 518.3517000000904,
  "userCount": 23269,
  "lastTick": 1749299302595,
  "refEthCount": 7.261499999999979,
  "refUserCount": 317,
  "last7dReset": 1748788581689
}