{
  "ethCount": 592.6695000000349,
  "userCount": 26638,
  "lastTick": 1749299302595,
  "refEthCount": 7.261499999999979,
  "refUserCount": 317,
  "last7dReset": 1748788581689
}