{
  "ethCount": 270.96300000001077,
  "userCount": 12141,
  "lastTick": 1749299302595,
  "refEthCount": 7.261499999999979,
  "refUserCount": 317,
  "last7dReset": 1748788581689
}