{
  "ethCount": 77.43779999999907,
  "userCount": 3477,
  "lastTick": 1749299302595,
  "refEthCount": 7.261499999999979,
  "refUserCount": 317,
  "last7dReset": 1748788581689
}