{
  "ethCount": 159.61079999999913,
  "userCount": 7192,
  "lastTick": 1749299302595,
  "refEthCount": 7.261499999999979,
  "refUserCount": 317,
  "last7dReset": 1748788581689
}