{
  "ethCount": 499.98370000009004,
  "userCount": 22454,
  "lastTick": 1749299302595,
  "refEthCount": 7.261499999999979,
  "refUserCount": 317,
  "last7dReset": 1748788581689
}