{
  "ethCount": 129.3298999999975,
  "userCount": 5812,
  "lastTick": 1749299302595,
  "refEthCount": 7.261499999999979,
  "refUserCount": 317,
  "last7dReset": 1748788581689
}