{
  "ethCount": 397.5616000000575,
  "userCount": 17789,
  "lastTick": 1749299302595,
  "refEthCount": 7.261499999999979,
  "refUserCount": 317,
  "last7dReset": 1748788581689
}