{
  "ethCount": 449.6940000000728,
  "userCount": 20163,
  "lastTick": 1749299302595,
  "refEthCount": 7.261499999999979,
  "refUserCount": 317,
  "last7dReset": 1748788581689
}