{
  "ethCount": 498.5008000000892,
  "userCount": 22388,
  "lastTick": 1749299302595,
  "refEthCount": 7.261499999999979,
  "refUserCount": 317,
  "last7dReset": 1748788581689
}