{
  "ethCount": 397.88350000005767,
  "userCount": 17801,
  "lastTick": 1749299302595,
  "refEthCount": 7.261499999999979,
  "refUserCount": 317,
  "last7dReset": 1748788581689
}