{
  "ethCount": 355.1983000000426,
  "userCount": 15883,
  "lastTick": 1749299302595,
  "refEthCount": 7.261499999999979,
  "refUserCount": 317,
  "last7dReset": 1748788581689
}