{
  "ethCount": 184.74340000000046,
  "userCount": 8310,
  "lastTick": 1749299302595,
  "refEthCount": 7.261499999999979,
  "refUserCount": 317,
  "last7dReset": 1748788581689
}