{
  "ethCount": 191.57110000000102,
  "userCount": 8598,
  "lastTick": 1749299302595,
  "refEthCount": 7.261499999999979,
  "refUserCount": 317,
  "last7dReset": 1748788581689
}