{
  "ethCount": 163.26499999999928,
  "userCount": 7355,
  "lastTick": 1749299302595,
  "refEthCount": 7.261499999999979,
  "refUserCount": 317,
  "last7dReset": 1748788581689
}