{
  "ethCount": 254.3501000000048,
  "userCount": 11400,
  "lastTick": 1749299302595,
  "refEthCount": 7.261499999999979,
  "refUserCount": 317,
  "last7dReset": 1748788581689
}