{
  "ethCount": 134.56649999999783,
  "userCount": 6052,
  "lastTick": 1749299302595,
  "refEthCount": 7.261499999999979,
  "refUserCount": 317,
  "last7dReset": 1748788581689
}