{
  "ethCount": 471.90740000008276,
  "userCount": 21147,
  "lastTick": 1749299302595,
  "refEthCount": 7.261499999999979,
  "refUserCount": 317,
  "last7dReset": 1748788581689
}