{
  "ethCount": 333.24120000003546,
  "userCount": 14901,
  "lastTick": 1749299302595,
  "refEthCount": 7.261499999999979,
  "refUserCount": 317,
  "last7dReset": 1748788581689
}