{
  "ethCount": 576.2358000000481,
  "userCount": 25907,
  "lastTick": 1749299302595,
  "refEthCount": 7.261499999999979,
  "refUserCount": 317,
  "last7dReset": 1748788581689
}