{
  "ethCount": 478.71970000008434,
  "userCount": 21461,
  "lastTick": 1749299302595,
  "refEthCount": 7.261499999999979,
  "refUserCount": 317,
  "last7dReset": 1748788581689
}