{
  "ethCount": 268.17260000000954,
  "userCount": 12017,
  "lastTick": 1749299302595,
  "refEthCount": 7.261499999999979,
  "refUserCount": 317,
  "last7dReset": 1748788581689
}