{
  "ethCount": 457.42270000007653,
  "userCount": 20504,
  "lastTick": 1749299302595,
  "refEthCount": 7.261499999999979,
  "refUserCount": 317,
  "last7dReset": 1748788581689
}