{
  "ethCount": 352.39800000004163,
  "userCount": 15755,
  "lastTick": 1749299302595,
  "refEthCount": 7.261499999999979,
  "refUserCount": 317,
  "last7dReset": 1748788581689
}