{
  "ethCount": 64.54309999999954,
  "userCount": 2901,
  "lastTick": 1749299302595,
  "refEthCount": 7.261499999999979,
  "refUserCount": 317,
  "last7dReset": 1748788581689
}