{
  "ethCount": 445.2769000000715,
  "userCount": 19958,
  "lastTick": 1749299302595,
  "refEthCount": 7.261499999999979,
  "refUserCount": 317,
  "last7dReset": 1748788581689
}