{
  "ethCount": 190.0531000000009,
  "userCount": 8533,
  "lastTick": 1749299302595,
  "refEthCount": 7.261499999999979,
  "refUserCount": 317,
  "last7dReset": 1748788581689
}