{
  "ethCount": 464.93530000007917,
  "userCount": 20844,
  "lastTick": 1749299302595,
  "refEthCount": 7.261499999999979,
  "refUserCount": 317,
  "last7dReset": 1748788581689
}