{
  "ethCount": 109.27489999999813,
  "userCount": 4909,
  "lastTick": 1749299302595,
  "refEthCount": 7.261499999999979,
  "refUserCount": 317,
  "last7dReset": 1748788581689
}