{
  "ethCount": 370.2478000000476,
  "userCount": 16563,
  "lastTick": 1749299302595,
  "refEthCount": 7.261499999999979,
  "refUserCount": 317,
  "last7dReset": 1748788581689
}