{
  "ethCount": 445.60280000007174,
  "userCount": 19973,
  "lastTick": 1749299302595,
  "refEthCount": 7.261499999999979,
  "refUserCount": 317,
  "last7dReset": 1748788581689
}