{
  "ethCount": 292.61760000001857,
  "userCount": 13102,
  "lastTick": 1749299302595,
  "refEthCount": 7.261499999999979,
  "refUserCount": 317,
  "last7dReset": 1748788581689
}