{
  "ethCount": 387.51410000005393,
  "userCount": 17331,
  "lastTick": 1749299302595,
  "refEthCount": 7.261499999999979,
  "refUserCount": 317,
  "last7dReset": 1748788581689
}