{
  "ethCount": 453.04250000007454,
  "userCount": 20310,
  "lastTick": 1749299302595,
  "refEthCount": 7.261499999999979,
  "refUserCount": 317,
  "last7dReset": 1748788581689
}