{
  "ethCount": 341.64260000003816,
  "userCount": 15279,
  "lastTick": 1749299302595,
  "refEthCount": 7.261499999999979,
  "refUserCount": 317,
  "last7dReset": 1748788581689
}