{
  "ethCount": 259.54010000000625,
  "userCount": 11632,
  "lastTick": 1749299302595,
  "refEthCount": 7.261499999999979,
  "refUserCount": 317,
  "last7dReset": 1748788581689
}