{
  "ethCount": 28.143300000000025,
  "userCount": 1288,
  "lastTick": 1749299302595,
  "refEthCount": 7.261499999999979,
  "refUserCount": 317,
  "last7dReset": 1748788581689
}