{
  "ethCount": 201.75620000000166,
  "userCount": 9045,
  "lastTick": 1749299302595,
  "refEthCount": 7.261499999999979,
  "refUserCount": 317,
  "last7dReset": 1748788581689
}