{
  "ethCount": 71.06549999999928,
  "userCount": 3194,
  "lastTick": 1749299302595,
  "refEthCount": 7.261499999999979,
  "refUserCount": 317,
  "last7dReset": 1748788581689
}