{
  "ethCount": 488.3664000000869,
  "userCount": 21913,
  "lastTick": 1749299302595,
  "refEthCount": 7.261499999999979,
  "refUserCount": 317,
  "last7dReset": 1748788581689
}