{
  "ethCount": 219.60190000000281,
  "userCount": 9826,
  "lastTick": 1749299302595,
  "refEthCount": 7.261499999999979,
  "refUserCount": 317,
  "last7dReset": 1748788581689
}