{
  "ethCount": 358.87290000004384,
  "userCount": 16050,
  "lastTick": 1749299302595,
  "refEthCount": 7.261499999999979,
  "refUserCount": 317,
  "last7dReset": 1748788581689
}