{
  "ethCount": 479.32200000008464,
  "userCount": 21488,
  "lastTick": 1749299302595,
  "refEthCount": 7.261499999999979,
  "refUserCount": 317,
  "last7dReset": 1748788581689
}