{
  "ethCount": 332.50490000003504,
  "userCount": 14868,
  "lastTick": 1749299302595,
  "refEthCount": 7.261499999999979,
  "refUserCount": 317,
  "last7dReset": 1748788581689
}