{
  "ethCount": 467.0607000000806,
  "userCount": 20935,
  "lastTick": 1749299302595,
  "refEthCount": 7.261499999999979,
  "refUserCount": 317,
  "last7dReset": 1748788581689
}