{
  "ethCount": 496.35040000008877,
  "userCount": 22287,
  "lastTick": 1749299302595,
  "refEthCount": 7.261499999999979,
  "refUserCount": 317,
  "last7dReset": 1748788581689
}