{
  "ethCount": 299.3629000000216,
  "userCount": 13402,
  "lastTick": 1749299302595,
  "refEthCount": 7.261499999999979,
  "refUserCount": 317,
  "last7dReset": 1748788581689
}