{
  "ethCount": 356.21140000004306,
  "userCount": 15927,
  "lastTick": 1749299302595,
  "refEthCount": 7.261499999999979,
  "refUserCount": 317,
  "last7dReset": 1748788581689
}