{
  "ethCount": 51.230799999999704,
  "userCount": 2296,
  "lastTick": 1749299302595,
  "refEthCount": 7.261499999999979,
  "refUserCount": 317,
  "last7dReset": 1748788581689
}