{
  "ethCount": 196.59060000000127,
  "userCount": 8821,
  "lastTick": 1749299302595,
  "refEthCount": 7.261499999999979,
  "refUserCount": 317,
  "last7dReset": 1748788581689
}