{
  "ethCount": 63.94059999999955,
  "userCount": 2875,
  "lastTick": 1749299302595,
  "refEthCount": 7.261499999999979,
  "refUserCount": 317,
  "last7dReset": 1748788581689
}