{
  "ethCount": 83.40299999999887,
  "userCount": 3742,
  "lastTick": 1749299302595,
  "refEthCount": 7.261499999999979,
  "refUserCount": 317,
  "last7dReset": 1748788581689
}