{
  "ethCount": 267.0649000000092,
  "userCount": 11965,
  "lastTick": 1749299302595,
  "refEthCount": 7.261499999999979,
  "refUserCount": 317,
  "last7dReset": 1748788581689
}