{
  "ethCount": 141.91259999999815,
  "userCount": 6386,
  "lastTick": 1749299302595,
  "refEthCount": 7.261499999999979,
  "refUserCount": 317,
  "last7dReset": 1748788581689
}