{
  "ethCount": 298.72630000002147,
  "userCount": 13373,
  "lastTick": 1749299302595,
  "refEthCount": 7.261499999999979,
  "refUserCount": 317,
  "last7dReset": 1748788581689
}