{
  "ethCount": 253.67630000000472,
  "userCount": 11371,
  "lastTick": 1749299302595,
  "refEthCount": 7.261499999999979,
  "refUserCount": 317,
  "last7dReset": 1748788581689
}