{
  "ethCount": 492.61230000008817,
  "userCount": 22110,
  "lastTick": 1749299302595,
  "refEthCount": 7.261499999999979,
  "refUserCount": 317,
  "last7dReset": 1748788581689
}