{
  "ethCount": 258.01760000000587,
  "userCount": 11563,
  "lastTick": 1749299302595,
  "refEthCount": 7.261499999999979,
  "refUserCount": 317,
  "last7dReset": 1748788581689
}