{
  "ethCount": 442.27410000007063,
  "userCount": 19819,
  "lastTick": 1749299302595,
  "refEthCount": 7.261499999999979,
  "refUserCount": 317,
  "last7dReset": 1748788581689
}