{
  "ethCount": 251.1695000000045,
  "userCount": 11257,
  "lastTick": 1749299302595,
  "refEthCount": 7.261499999999979,
  "refUserCount": 317,
  "last7dReset": 1748788581689
}