{
  "ethCount": 216.39260000000272,
  "userCount": 9683,
  "lastTick": 1749299302595,
  "refEthCount": 7.261499999999979,
  "refUserCount": 317,
  "last7dReset": 1748788581689
}