{
  "ethCount": 264.50680000000875,
  "userCount": 11844,
  "lastTick": 1749299302595,
  "refEthCount": 7.261499999999979,
  "refUserCount": 317,
  "last7dReset": 1748788581689
}