{
  "ethCount": 478.98390000008436,
  "userCount": 21474,
  "lastTick": 1749299302595,
  "refEthCount": 7.261499999999979,
  "refUserCount": 317,
  "last7dReset": 1748788581689
}