{
  "ethCount": 335.4048000000361,
  "userCount": 14998,
  "lastTick": 1749299302595,
  "refEthCount": 7.261499999999979,
  "refUserCount": 317,
  "last7dReset": 1748788581689
}