{
  "ethCount": 169.95799999999966,
  "userCount": 7651,
  "lastTick": 1749299302595,
  "refEthCount": 7.261499999999979,
  "refUserCount": 317,
  "last7dReset": 1748788581689
}