{
  "ethCount": 273.40450000001215,
  "userCount": 12239,
  "lastTick": 1749299302595,
  "refEthCount": 7.261499999999979,
  "refUserCount": 317,
  "last7dReset": 1748788581689
}