{
  "ethCount": 567.5895000000559,
  "userCount": 25523,
  "lastTick": 1749299302595,
  "refEthCount": 7.261499999999979,
  "refUserCount": 317,
  "last7dReset": 1748788581689
}