{
  "ethCount": 144.30979999999826,
  "userCount": 6496,
  "lastTick": 1749299302595,
  "refEthCount": 7.261499999999979,
  "refUserCount": 317,
  "last7dReset": 1748788581689
}