{
  "ethCount": 466.28920000007975,
  "userCount": 20905,
  "lastTick": 1749299302595,
  "refEthCount": 7.261499999999979,
  "refUserCount": 317,
  "last7dReset": 1748788581689
}