{
  "ethCount": 387.34970000005376,
  "userCount": 17325,
  "lastTick": 1749299302595,
  "refEthCount": 7.261499999999979,
  "refUserCount": 317,
  "last7dReset": 1748788581689
}