{
  "ethCount": 301.0695000000228,
  "userCount": 13469,
  "lastTick": 1749299302595,
  "refEthCount": 7.261499999999979,
  "refUserCount": 317,
  "last7dReset": 1748788581689
}