{
  "ethCount": 231.45980000000344,
  "userCount": 10358,
  "lastTick": 1749299302595,
  "refEthCount": 7.261499999999979,
  "refUserCount": 317,
  "last7dReset": 1748788581689
}