{
  "ethCount": 152.88559999999873,
  "userCount": 6892,
  "lastTick": 1749299302595,
  "refEthCount": 7.261499999999979,
  "refUserCount": 317,
  "last7dReset": 1748788581689
}