{
  "ethCount": 299.94160000002205,
  "userCount": 13425,
  "lastTick": 1749299302595,
  "refEthCount": 7.261499999999979,
  "refUserCount": 317,
  "last7dReset": 1748788581689
}