{
  "ethCount": 231.24280000000343,
  "userCount": 10349,
  "lastTick": 1749299302595,
  "refEthCount": 7.261499999999979,
  "refUserCount": 317,
  "last7dReset": 1748788581689
}