{
  "ethCount": 420.53260000006503,
  "userCount": 18822,
  "lastTick": 1749299302595,
  "refEthCount": 7.261499999999979,
  "refUserCount": 317,
  "last7dReset": 1748788581689
}