{
  "ethCount": 449.12260000007274,
  "userCount": 20135,
  "lastTick": 1749299302595,
  "refEthCount": 7.261499999999979,
  "refUserCount": 317,
  "last7dReset": 1748788581689
}