{
  "ethCount": 75.85849999999914,
  "userCount": 3408,
  "lastTick": 1749299302595,
  "refEthCount": 7.261499999999979,
  "refUserCount": 317,
  "last7dReset": 1748788581689
}