{
  "ethCount": 134.94679999999786,
  "userCount": 6070,
  "lastTick": 1749299302595,
  "refEthCount": 7.261499999999979,
  "refUserCount": 317,
  "last7dReset": 1748788581689
}