{
  "ethCount": 568.5778000000546,
  "userCount": 25565,
  "lastTick": 1749299302595,
  "refEthCount": 7.261499999999979,
  "refUserCount": 317,
  "last7dReset": 1748788581689
}