{
  "ethCount": 330.82030000003454,
  "userCount": 14793,
  "lastTick": 1749299302595,
  "refEthCount": 7.261499999999979,
  "refUserCount": 317,
  "last7dReset": 1748788581689
}