{
  "ethCount": 498.7173000000894,
  "userCount": 22397,
  "lastTick": 1749299302595,
  "refEthCount": 7.261499999999979,
  "refUserCount": 317,
  "last7dReset": 1748788581689
}