{
  "ethCount": 254.94740000000485,
  "userCount": 11425,
  "lastTick": 1749299302595,
  "refEthCount": 7.261499999999979,
  "refUserCount": 317,
  "last7dReset": 1748788581689
}