{
  "ethCount": 293.20300000001885,
  "userCount": 13126,
  "lastTick": 1749299302595,
  "refEthCount": 7.261499999999979,
  "refUserCount": 317,
  "last7dReset": 1748788581689
}