{
  "ethCount": 91.37859999999861,
  "userCount": 4104,
  "lastTick": 1749299302595,
  "refEthCount": 7.261499999999979,
  "refUserCount": 317,
  "last7dReset": 1748788581689
}