{
  "ethCount": 208.5731000000021,
  "userCount": 9347,
  "lastTick": 1749299302595,
  "refEthCount": 7.261499999999979,
  "refUserCount": 317,
  "last7dReset": 1748788581689
}