{
  "ethCount": 472.05920000008274,
  "userCount": 21155,
  "lastTick": 1749299302595,
  "refEthCount": 7.261499999999979,
  "refUserCount": 317,
  "last7dReset": 1748788581689
}