{
  "ethCount": 136.64709999999795,
  "userCount": 6152,
  "lastTick": 1749299302595,
  "refEthCount": 7.261499999999979,
  "refUserCount": 317,
  "last7dReset": 1748788581689
}