{
  "ethCount": 490.55520000008744,
  "userCount": 22015,
  "lastTick": 1749299302595,
  "refEthCount": 7.261499999999979,
  "refUserCount": 317,
  "last7dReset": 1748788581689
}