{
  "ethCount": 369.17870000004734,
  "userCount": 16512,
  "lastTick": 1749299302595,
  "refEthCount": 7.261499999999979,
  "refUserCount": 317,
  "last7dReset": 1748788581689
}