{
  "ethCount": 481.76290000008544,
  "userCount": 21598,
  "lastTick": 1749299302595,
  "refEthCount": 7.261499999999979,
  "refUserCount": 317,
  "last7dReset": 1748788581689
}