{
  "ethCount": 273.86730000001234,
  "userCount": 12260,
  "lastTick": 1749299302595,
  "refEthCount": 7.261499999999979,
  "refUserCount": 317,
  "last7dReset": 1748788581689
}