{
  "ethCount": 472.8736000000829,
  "userCount": 21194,
  "lastTick": 1749299302595,
  "refEthCount": 7.261499999999979,
  "refUserCount": 317,
  "last7dReset": 1748788581689
}