{
  "ethCount": 128.92679999999748,
  "userCount": 5796,
  "lastTick": 1749299302595,
  "refEthCount": 7.261499999999979,
  "refUserCount": 317,
  "last7dReset": 1748788581689
}