{
  "ethCount": 295.64310000002007,
  "userCount": 13235,
  "lastTick": 1749299302595,
  "refEthCount": 7.261499999999979,
  "refUserCount": 317,
  "last7dReset": 1748788581689
}