{
  "ethCount": 306.55700000002435,
  "userCount": 13720,
  "lastTick": 1749299302595,
  "refEthCount": 7.261499999999979,
  "refUserCount": 317,
  "last7dReset": 1748788581689
}