{
  "ethCount": 534.4021000000773,
  "userCount": 23995,
  "lastTick": 1749299302595,
  "refEthCount": 7.261499999999979,
  "refUserCount": 317,
  "last7dReset": 1748788581689
}