{
  "ethCount": 450.9169000000738,
  "userCount": 20213,
  "lastTick": 1749299302595,
  "refEthCount": 7.261499999999979,
  "refUserCount": 317,
  "last7dReset": 1748788581689
}