{
  "ethCount": 470.68460000008207,
  "userCount": 21093,
  "lastTick": 1749299302595,
  "refEthCount": 7.261499999999979,
  "refUserCount": 317,
  "last7dReset": 1748788581689
}