{
  "ethCount": 468.0579000000809,
  "userCount": 20978,
  "lastTick": 1749299302595,
  "refEthCount": 7.261499999999979,
  "refUserCount": 317,
  "last7dReset": 1748788581689
}