{
  "ethCount": 405.43140000006065,
  "userCount": 18142,
  "lastTick": 1749299302595,
  "refEthCount": 7.261499999999979,
  "refUserCount": 317,
  "last7dReset": 1748788581689
}