{
  "ethCount": 482.00070000008554,
  "userCount": 21608,
  "lastTick": 1749299302595,
  "refEthCount": 7.261499999999979,
  "refUserCount": 317,
  "last7dReset": 1748788581689
}