{
  "ethCount": 42.75969999999992,
  "userCount": 1928,
  "lastTick": 1749299302595,
  "refEthCount": 7.261499999999979,
  "refUserCount": 317,
  "last7dReset": 1748788581689
}