{
  "ethCount": 153.36119999999875,
  "userCount": 6914,
  "lastTick": 1749299302595,
  "refEthCount": 7.261499999999979,
  "refUserCount": 317,
  "last7dReset": 1748788581689
}