{
  "ethCount": 246.03750000000426,
  "userCount": 11025,
  "lastTick": 1749299302595,
  "refEthCount": 7.261499999999979,
  "refUserCount": 317,
  "last7dReset": 1748788581689
}