{
  "ethCount": 327.56080000003345,
  "userCount": 14643,
  "lastTick": 1749299302595,
  "refEthCount": 7.261499999999979,
  "refUserCount": 317,
  "last7dReset": 1748788581689
}