{
  "ethCount": 464.16060000007894,
  "userCount": 20809,
  "lastTick": 1749299302595,
  "refEthCount": 7.261499999999979,
  "refUserCount": 317,
  "last7dReset": 1748788581689
}