{
  "ethCount": 521.921400000087,
  "userCount": 23428,
  "lastTick": 1749299302595,
  "refEthCount": 7.261499999999979,
  "refUserCount": 317,
  "last7dReset": 1748788581689
}