{
  "ethCount": 318.75790000002985,
  "userCount": 14255,
  "lastTick": 1749299302595,
  "refEthCount": 7.261499999999979,
  "refUserCount": 317,
  "last7dReset": 1748788581689
}