{
  "ethCount": 358.92970000004385,
  "userCount": 16052,
  "lastTick": 1749299302595,
  "refEthCount": 7.261499999999979,
  "refUserCount": 317,
  "last7dReset": 1748788581689
}