{
  "ethCount": 270.59760000001063,
  "userCount": 12125,
  "lastTick": 1749299302595,
  "refEthCount": 7.261499999999979,
  "refUserCount": 317,
  "last7dReset": 1748788581689
}