{
  "ethCount": 437.40080000006924,
  "userCount": 19594,
  "lastTick": 1749299302595,
  "refEthCount": 7.261499999999979,
  "refUserCount": 317,
  "last7dReset": 1748788581689
}