{
  "ethCount": 325.95340000003216,
  "userCount": 14583,
  "lastTick": 1749299302595,
  "refEthCount": 7.261499999999979,
  "refUserCount": 317,
  "last7dReset": 1748788581689
}