{
  "ethCount": 299.47710000002166,
  "userCount": 13407,
  "lastTick": 1749299302595,
  "refEthCount": 7.261499999999979,
  "refUserCount": 317,
  "last7dReset": 1748788581689
}