{
  "ethCount": 189.35620000000083,
  "userCount": 8504,
  "lastTick": 1749299302595,
  "refEthCount": 7.261499999999979,
  "refUserCount": 317,
  "last7dReset": 1748788581689
}