{
  "ethCount": 535.1448000000767,
  "userCount": 24029,
  "lastTick": 1749299302595,
  "refEthCount": 7.261499999999979,
  "refUserCount": 317,
  "last7dReset": 1748788581689
}