{
  "ethCount": 456.0294000000758,
  "userCount": 20442,
  "lastTick": 1749299302595,
  "refEthCount": 7.261499999999979,
  "refUserCount": 317,
  "last7dReset": 1748788581689
}