{
  "ethCount": 387.39700000005377,
  "userCount": 17327,
  "lastTick": 1749299302595,
  "refEthCount": 7.261499999999979,
  "refUserCount": 317,
  "last7dReset": 1748788581689
}