{
  "ethCount": 506.0030000000925,
  "userCount": 22712,
  "lastTick": 1749299302595,
  "refEthCount": 7.261499999999979,
  "refUserCount": 317,
  "last7dReset": 1748788581689
}