{
  "ethCount": 326.2012000000326,
  "userCount": 14590,
  "lastTick": 1749299302595,
  "refEthCount": 7.261499999999979,
  "refUserCount": 317,
  "last7dReset": 1748788581689
}