{
  "ethCount": 215.0853000000026,
  "userCount": 9630,
  "lastTick": 1749299302595,
  "refEthCount": 7.261499999999979,
  "refUserCount": 317,
  "last7dReset": 1748788581689
}