{
  "ethCount": 297.87240000002106,
  "userCount": 13333,
  "lastTick": 1749299302595,
  "refEthCount": 7.261499999999979,
  "refUserCount": 317,
  "last7dReset": 1748788581689
}