{
  "ethCount": 479.0855000000846,
  "userCount": 21476,
  "lastTick": 1749299302595,
  "refEthCount": 7.261499999999979,
  "refUserCount": 317,
  "last7dReset": 1748788581689
}