{
  "ethCount": 263.8905000000082,
  "userCount": 11820,
  "lastTick": 1749299302595,
  "refEthCount": 7.261499999999979,
  "refUserCount": 317,
  "last7dReset": 1748788581689
}