{
  "ethCount": 203.14190000000175,
  "userCount": 9105,
  "lastTick": 1749299302595,
  "refEthCount": 7.261499999999979,
  "refUserCount": 317,
  "last7dReset": 1748788581689
}