{
  "ethCount": 332.72180000003505,
  "userCount": 14879,
  "lastTick": 1749299302595,
  "refEthCount": 7.261499999999979,
  "refUserCount": 317,
  "last7dReset": 1748788581689
}