{
  "ethCount": 364.32310000004594,
  "userCount": 16287,
  "lastTick": 1749299302595,
  "refEthCount": 7.261499999999979,
  "refUserCount": 317,
  "last7dReset": 1748788581689
}