{
  "ethCount": 294.08540000001943,
  "userCount": 13163,
  "lastTick": 1749299302595,
  "refEthCount": 7.261499999999979,
  "refUserCount": 317,
  "last7dReset": 1748788581689
}