{
  "ethCount": 316.4197000000289,
  "userCount": 14155,
  "lastTick": 1749299302595,
  "refEthCount": 7.261499999999979,
  "refUserCount": 317,
  "last7dReset": 1748788581689
}