{
  "ethCount": 104.26399999999819,
  "userCount": 4677,
  "lastTick": 1749299302595,
  "refEthCount": 7.261499999999979,
  "refUserCount": 317,
  "last7dReset": 1748788581689
}