{
  "ethCount": 245.62330000000424,
  "userCount": 11007,
  "lastTick": 1749299302595,
  "refEthCount": 7.261499999999979,
  "refUserCount": 317,
  "last7dReset": 1748788581689
}