{
  "ethCount": 398.08200000005775,
  "userCount": 17811,
  "lastTick": 1749299302595,
  "refEthCount": 7.261499999999979,
  "refUserCount": 317,
  "last7dReset": 1748788581689
}