{
  "ethCount": 599.2302000000293,
  "userCount": 26928,
  "lastTick": 1749299302595,
  "refEthCount": 7.261499999999979,
  "refUserCount": 317,
  "last7dReset": 1748788581689
}