{
  "ethCount": 58.896399999999595,
  "userCount": 2645,
  "lastTick": 1749299302595,
  "refEthCount": 7.261499999999979,
  "refUserCount": 317,
  "last7dReset": 1748788581689
}