{
  "ethCount": 433.66760000006843,
  "userCount": 19421,
  "lastTick": 1749299302595,
  "refEthCount": 7.261499999999979,
  "refUserCount": 317,
  "last7dReset": 1748788581689
}