{
  "ethCount": 248.46460000000434,
  "userCount": 11133,
  "lastTick": 1749299302595,
  "refEthCount": 7.261499999999979,
  "refUserCount": 317,
  "last7dReset": 1748788581689
}