{
  "ethCount": 598.1182000000301,
  "userCount": 26878,
  "lastTick": 1749299302595,
  "refEthCount": 7.261499999999979,
  "refUserCount": 317,
  "last7dReset": 1748788581689
}