{
  "ethCount": 276.5658000000133,
  "userCount": 12378,
  "lastTick": 1749299302595,
  "refEthCount": 7.261499999999979,
  "refUserCount": 317,
  "last7dReset": 1748788581689
}