{
  "ethCount": 94.55969999999853,
  "userCount": 4241,
  "lastTick": 1749299302595,
  "refEthCount": 7.261499999999979,
  "refUserCount": 317,
  "last7dReset": 1748788581689
}