{
  "ethCount": 336.75860000003615,
  "userCount": 15063,
  "lastTick": 1749299302595,
  "refEthCount": 7.261499999999979,
  "refUserCount": 317,
  "last7dReset": 1748788581689
}