{
  "ethCount": 360.5820000000442,
  "userCount": 16127,
  "lastTick": 1749299302595,
  "refEthCount": 7.261499999999979,
  "refUserCount": 317,
  "last7dReset": 1748788581689
}