{
  "ethCount": 310.60220000002624,
  "userCount": 13893,
  "lastTick": 1749299302595,
  "refEthCount": 7.261499999999979,
  "refUserCount": 317,
  "last7dReset": 1748788581689
}