{
  "ethCount": 323.45400000003133,
  "userCount": 14474,
  "lastTick": 1749299302595,
  "refEthCount": 7.261499999999979,
  "refUserCount": 317,
  "last7dReset": 1748788581689
}