{
  "ethCount": 155.51329999999885,
  "userCount": 7011,
  "lastTick": 1749299302595,
  "refEthCount": 7.261499999999979,
  "refUserCount": 317,
  "last7dReset": 1748788581689
}