{
  "ethCount": 351.68850000004153,
  "userCount": 15721,
  "lastTick": 1749299302595,
  "refEthCount": 7.261499999999979,
  "refUserCount": 317,
  "last7dReset": 1748788581689
}