{
  "ethCount": 368.04300000004724,
  "userCount": 16459,
  "lastTick": 1749299302595,
  "refEthCount": 7.261499999999979,
  "refUserCount": 317,
  "last7dReset": 1748788581689
}