{
  "ethCount": 416.2527000000638,
  "userCount": 18632,
  "lastTick": 1749299302595,
  "refEthCount": 7.261499999999979,
  "refUserCount": 317,
  "last7dReset": 1748788581689
}