{
  "ethCount": 160.97539999999918,
  "userCount": 7254,
  "lastTick": 1749299302595,
  "refEthCount": 7.261499999999979,
  "refUserCount": 317,
  "last7dReset": 1748788581689
}