{
  "ethCount": 483.83290000008617,
  "userCount": 21693,
  "lastTick": 1749299302595,
  "refEthCount": 7.261499999999979,
  "refUserCount": 317,
  "last7dReset": 1748788581689
}