{
  "ethCount": 65.22849999999949,
  "userCount": 2931,
  "lastTick": 1749299302595,
  "refEthCount": 7.261499999999979,
  "refUserCount": 317,
  "last7dReset": 1748788581689
}