{
  "ethCount": 189.90390000000087,
  "userCount": 8528,
  "lastTick": 1749299302595,
  "refEthCount": 7.261499999999979,
  "refUserCount": 317,
  "last7dReset": 1748788581689
}