{
  "ethCount": 333.46230000003555,
  "userCount": 14911,
  "lastTick": 1749299302595,
  "refEthCount": 7.261499999999979,
  "refUserCount": 317,
  "last7dReset": 1748788581689
}