{
  "ethCount": 298.12220000002117,
  "userCount": 13346,
  "lastTick": 1749299302595,
  "refEthCount": 7.261499999999979,
  "refUserCount": 317,
  "last7dReset": 1748788581689
}