{
  "ethCount": 288.8305000000179,
  "userCount": 12924,
  "lastTick": 1749299302595,
  "refEthCount": 7.261499999999979,
  "refUserCount": 317,
  "last7dReset": 1748788581689
}