{
  "ethCount": 119.34799999999768,
  "userCount": 5354,
  "lastTick": 1749299302595,
  "refEthCount": 7.261499999999979,
  "refUserCount": 317,
  "last7dReset": 1748788581689
}