{
  "ethCount": 603.6597000000254,
  "userCount": 27122,
  "lastTick": 1749299302595,
  "refEthCount": 7.261499999999979,
  "refUserCount": 317,
  "last7dReset": 1748788581689
}