{
  "ethCount": 418.80820000006463,
  "userCount": 18745,
  "lastTick": 1749299302595,
  "refEthCount": 7.261499999999979,
  "refUserCount": 317,
  "last7dReset": 1748788581689
}