{
  "ethCount": 419.23110000006466,
  "userCount": 18766,
  "lastTick": 1749299302595,
  "refEthCount": 7.261499999999979,
  "refUserCount": 317,
  "last7dReset": 1748788581689
}