{
  "ethCount": 471.51270000008253,
  "userCount": 21131,
  "lastTick": 1749299302595,
  "refEthCount": 7.261499999999979,
  "refUserCount": 317,
  "last7dReset": 1748788581689
}