{
  "ethCount": 360.9746000000444,
  "userCount": 16144,
  "lastTick": 1749299302595,
  "refEthCount": 7.261499999999979,
  "refUserCount": 317,
  "last7dReset": 1748788581689
}