{
  "ethCount": 486.21440000008664,
  "userCount": 21806,
  "lastTick": 1749299302595,
  "refEthCount": 7.261499999999979,
  "refUserCount": 317,
  "last7dReset": 1748788581689
}