{
  "ethCount": 454.90330000007526,
  "userCount": 20394,
  "lastTick": 1749299302595,
  "refEthCount": 7.261499999999979,
  "refUserCount": 317,
  "last7dReset": 1748788581689
}