{
  "ethCount": 338.8369000000371,
  "userCount": 15153,
  "lastTick": 1749299302595,
  "refEthCount": 7.261499999999979,
  "refUserCount": 317,
  "last7dReset": 1748788581689
}