{
  "ethCount": 209.61480000000222,
  "userCount": 9390,
  "lastTick": 1749299302595,
  "refEthCount": 7.261499999999979,
  "refUserCount": 317,
  "last7dReset": 1748788581689
}