{
  "ethCount": 293.9522000000193,
  "userCount": 13157,
  "lastTick": 1749299302595,
  "refEthCount": 7.261499999999979,
  "refUserCount": 317,
  "last7dReset": 1748788581689
}