{
  "ethCount": 415.65560000006366,
  "userCount": 18606,
  "lastTick": 1749299302595,
  "refEthCount": 7.261499999999979,
  "refUserCount": 317,
  "last7dReset": 1748788581689
}