{
  "ethCount": 27.309900000000024,
  "userCount": 1250,
  "lastTick": 1749299302595,
  "refEthCount": 7.261499999999979,
  "refUserCount": 317,
  "last7dReset": 1748788581689
}