{
  "ethCount": 241.79990000000404,
  "userCount": 10833,
  "lastTick": 1749299302595,
  "refEthCount": 7.261499999999979,
  "refUserCount": 317,
  "last7dReset": 1748788581689
}