{
  "ethCount": 442.4127000000707,
  "userCount": 19826,
  "lastTick": 1749299302595,
  "refEthCount": 7.261499999999979,
  "refUserCount": 317,
  "last7dReset": 1748788581689
}