{
  "ethCount": 472.5751000000829,
  "userCount": 21179,
  "lastTick": 1749299302595,
  "refEthCount": 7.261499999999979,
  "refUserCount": 317,
  "last7dReset": 1748788581689
}