{
  "ethCount": 159.93479999999917,
  "userCount": 7203,
  "lastTick": 1749299302595,
  "refEthCount": 7.261499999999979,
  "refUserCount": 317,
  "last7dReset": 1748788581689
}