{
  "ethCount": 450.3630000000734,
  "userCount": 20190,
  "lastTick": 1749299302595,
  "refEthCount": 7.261499999999979,
  "refUserCount": 317,
  "last7dReset": 1748788581689
}