{
  "ethCount": 300.57260000002253,
  "userCount": 13447,
  "lastTick": 1749299302595,
  "refEthCount": 7.261499999999979,
  "refUserCount": 317,
  "last7dReset": 1748788581689
}