{
  "ethCount": 466.0480000000796,
  "userCount": 20894,
  "lastTick": 1749299302595,
  "refEthCount": 7.261499999999979,
  "refUserCount": 317,
  "last7dReset": 1748788581689
}