{
  "ethCount": 121.89109999999759,
  "userCount": 5471,
  "lastTick": 1749299302595,
  "refEthCount": 7.261499999999979,
  "refUserCount": 317,
  "last7dReset": 1748788581689
}