{
  "ethCount": 521.0879000000879,
  "userCount": 23391,
  "lastTick": 1749299302595,
  "refEthCount": 7.261499999999979,
  "refUserCount": 317,
  "last7dReset": 1748788581689
}