{
  "ethCount": 64.21539999999955,
  "userCount": 2886,
  "lastTick": 1749299302595,
  "refEthCount": 7.261499999999979,
  "refUserCount": 317,
  "last7dReset": 1748788581689
}