{
  "ethCount": 47.232399999999814,
  "userCount": 2112,
  "lastTick": 1749299302595,
  "refEthCount": 7.261499999999979,
  "refUserCount": 317,
  "last7dReset": 1748788581689
}