{
  "ethCount": 341.6155000000381,
  "userCount": 15278,
  "lastTick": 1749299302595,
  "refEthCount": 7.261499999999979,
  "refUserCount": 317,
  "last7dReset": 1748788581689
}