{
  "ethCount": 452.67150000007445,
  "userCount": 20294,
  "lastTick": 1749299302595,
  "refEthCount": 7.261499999999979,
  "refUserCount": 317,
  "last7dReset": 1748788581689
}