{
  "ethCount": 358.31390000004353,
  "userCount": 16026,
  "lastTick": 1749299302595,
  "refEthCount": 7.261499999999979,
  "refUserCount": 317,
  "last7dReset": 1748788581689
}