{
  "ethCount": 571.1155000000524,
  "userCount": 25676,
  "lastTick": 1749299302595,
  "refEthCount": 7.261499999999979,
  "refUserCount": 317,
  "last7dReset": 1748788581689
}