{
  "ethCount": 320.82210000003033,
  "userCount": 14351,
  "lastTick": 1749299302595,
  "refEthCount": 7.261499999999979,
  "refUserCount": 317,
  "last7dReset": 1748788581689
}