{
  "ethCount": 507.72940000009316,
  "userCount": 22788,
  "lastTick": 1749299302595,
  "refEthCount": 7.261499999999979,
  "refUserCount": 317,
  "last7dReset": 1748788581689
}