{
  "ethCount": 56.16559999999964,
  "userCount": 2518,
  "lastTick": 1749299302595,
  "refEthCount": 7.261499999999979,
  "refUserCount": 317,
  "last7dReset": 1748788581689
}