{
  "ethCount": 463.10180000007875,
  "userCount": 20763,
  "lastTick": 1749299302595,
  "refEthCount": 7.261499999999979,
  "refUserCount": 317,
  "last7dReset": 1748788581689
}