{
  "ethCount": 392.9964000000556,
  "userCount": 17585,
  "lastTick": 1749299302595,
  "refEthCount": 7.261499999999979,
  "refUserCount": 317,
  "last7dReset": 1748788581689
}