{
  "ethCount": 475.03300000008335,
  "userCount": 21293,
  "lastTick": 1749299302595,
  "refEthCount": 7.261499999999979,
  "refUserCount": 317,
  "last7dReset": 1748788581689
}