{
  "ethCount": 407.13200000006094,
  "userCount": 18221,
  "lastTick": 1749299302595,
  "refEthCount": 7.261499999999979,
  "refUserCount": 317,
  "last7dReset": 1748788581689
}