{
  "ethCount": 238.39940000000385,
  "userCount": 10672,
  "lastTick": 1749299302595,
  "refEthCount": 7.261499999999979,
  "refUserCount": 317,
  "last7dReset": 1748788581689
}