{
  "ethCount": 268.85870000000983,
  "userCount": 12049,
  "lastTick": 1749299302595,
  "refEthCount": 7.261499999999979,
  "refUserCount": 317,
  "last7dReset": 1748788581689
}