{
  "ethCount": 200.74340000000157,
  "userCount": 9000,
  "lastTick": 1749299302595,
  "refEthCount": 7.261499999999979,
  "refUserCount": 317,
  "last7dReset": 1748788581689
}