{
  "ethCount": 393.61000000005595,
  "userCount": 17610,
  "lastTick": 1749299302595,
  "refEthCount": 7.261499999999979,
  "refUserCount": 317,
  "last7dReset": 1748788581689
}