{
  "ethCount": 376.74920000004937,
  "userCount": 16863,
  "lastTick": 1749299302595,
  "refEthCount": 7.261499999999979,
  "refUserCount": 317,
  "last7dReset": 1748788581689
}