{
  "ethCount": 256.0441000000049,
  "userCount": 11474,
  "lastTick": 1749299302595,
  "refEthCount": 7.261499999999979,
  "refUserCount": 317,
  "last7dReset": 1748788581689
}