{
  "ethCount": 266.7920000000091,
  "userCount": 11952,
  "lastTick": 1749299302595,
  "refEthCount": 7.261499999999979,
  "refUserCount": 317,
  "last7dReset": 1748788581689
}