{
  "ethCount": 113.37209999999794,
  "userCount": 5092,
  "lastTick": 1749299302595,
  "refEthCount": 7.261499999999979,
  "refUserCount": 317,
  "last7dReset": 1748788581689
}