{
  "ethCount": 335.85720000003613,
  "userCount": 15020,
  "lastTick": 1749299302595,
  "refEthCount": 7.261499999999979,
  "refUserCount": 317,
  "last7dReset": 1748788581689
}