{
  "ethCount": 200.8698000000016,
  "userCount": 9004,
  "lastTick": 1749299302595,
  "refEthCount": 7.261499999999979,
  "refUserCount": 317,
  "last7dReset": 1748788581689
}