{
  "ethCount": 275.8781000000127,
  "userCount": 12352,
  "lastTick": 1749299302595,
  "refEthCount": 7.261499999999979,
  "refUserCount": 317,
  "last7dReset": 1748788581689
}