{
  "ethCount": 460.58750000007785,
  "userCount": 20650,
  "lastTick": 1749299302595,
  "refEthCount": 7.261499999999979,
  "refUserCount": 317,
  "last7dReset": 1748788581689
}