{
  "ethCount": 51.650999999999684,
  "userCount": 2312,
  "lastTick": 1749299302595,
  "refEthCount": 7.261499999999979,
  "refUserCount": 317,
  "last7dReset": 1748788581689
}