{
  "ethCount": 561.0231000000599,
  "userCount": 25230,
  "lastTick": 1749299302595,
  "refEthCount": 7.261499999999979,
  "refUserCount": 317,
  "last7dReset": 1748788581689
}