{
  "ethCount": 183.72190000000037,
  "userCount": 8267,
  "lastTick": 1749299302595,
  "refEthCount": 7.261499999999979,
  "refUserCount": 317,
  "last7dReset": 1748788581689
}