{
  "ethCount": 133.95839999999777,
  "userCount": 6024,
  "lastTick": 1749299302595,
  "refEthCount": 7.261499999999979,
  "refUserCount": 317,
  "last7dReset": 1748788581689
}