{
  "ethCount": 397.1572000000573,
  "userCount": 17772,
  "lastTick": 1749299302595,
  "refEthCount": 7.261499999999979,
  "refUserCount": 317,
  "last7dReset": 1748788581689
}