{
  "ethCount": 594.9290000000328,
  "userCount": 26736,
  "lastTick": 1749299302595,
  "refEthCount": 7.261499999999979,
  "refUserCount": 317,
  "last7dReset": 1748788581689
}