{
  "ethCount": 124.65329999999753,
  "userCount": 5598,
  "lastTick": 1749299302595,
  "refEthCount": 7.261499999999979,
  "refUserCount": 317,
  "last7dReset": 1748788581689
}