{
  "ethCount": 510.16320000009426,
  "userCount": 22897,
  "lastTick": 1749299302595,
  "refEthCount": 7.261499999999979,
  "refUserCount": 317,
  "last7dReset": 1748788581689
}