{
  "ethCount": 474.7268000000832,
  "userCount": 21280,
  "lastTick": 1749299302595,
  "refEthCount": 7.261499999999979,
  "refUserCount": 317,
  "last7dReset": 1748788581689
}