{
  "ethCount": 246.9539000000043,
  "userCount": 11068,
  "lastTick": 1749299302595,
  "refEthCount": 7.261499999999979,
  "refUserCount": 317,
  "last7dReset": 1748788581689
}