{
  "ethCount": 39.990599999999965,
  "userCount": 1804,
  "lastTick": 1749299302595,
  "refEthCount": 7.261499999999979,
  "refUserCount": 317,
  "last7dReset": 1748788581689
}