{
  "ethCount": 539.2247000000732,
  "userCount": 24217,
  "lastTick": 1749299302595,
  "refEthCount": 7.261499999999979,
  "refUserCount": 317,
  "last7dReset": 1748788581689
}