{
  "ethCount": 568.5115000000548,
  "userCount": 25562,
  "lastTick": 1749299302595,
  "refEthCount": 7.261499999999979,
  "refUserCount": 317,
  "last7dReset": 1748788581689
}