{
  "ethCount": 529.1044000000815,
  "userCount": 23753,
  "lastTick": 1749299302595,
  "refEthCount": 7.261499999999979,
  "refUserCount": 317,
  "last7dReset": 1748788581689
}