{
  "ethCount": 164.73479999999938,
  "userCount": 7425,
  "lastTick": 1749299302595,
  "refEthCount": 7.261499999999979,
  "refUserCount": 317,
  "last7dReset": 1748788581689
}