{
  "ethCount": 182.42380000000034,
  "userCount": 8207,
  "lastTick": 1749299302595,
  "refEthCount": 7.261499999999979,
  "refUserCount": 317,
  "last7dReset": 1748788581689
}