{
  "ethCount": 146.18809999999843,
  "userCount": 6572,
  "lastTick": 1749299302595,
  "refEthCount": 7.261499999999979,
  "refUserCount": 317,
  "last7dReset": 1748788581689
}