{
  "ethCount": 384.16660000005226,
  "userCount": 17186,
  "lastTick": 1749299302595,
  "refEthCount": 7.261499999999979,
  "refUserCount": 317,
  "last7dReset": 1748788581689
}