{
  "ethCount": 456.22680000007585,
  "userCount": 20450,
  "lastTick": 1749299302595,
  "refEthCount": 7.261499999999979,
  "refUserCount": 317,
  "last7dReset": 1748788581689
}