{
  "ethCount": 498.91460000008937,
  "userCount": 22407,
  "lastTick": 1749299302595,
  "refEthCount": 7.261499999999979,
  "refUserCount": 317,
  "last7dReset": 1748788581689
}