{
  "ethCount": 375.99300000004916,
  "userCount": 16828,
  "lastTick": 1749299302595,
  "refEthCount": 7.261499999999979,
  "refUserCount": 317,
  "last7dReset": 1748788581689
}