{
  "ethCount": 221.3281000000029,
  "userCount": 9899,
  "lastTick": 1749299302595,
  "refEthCount": 7.261499999999979,
  "refUserCount": 317,
  "last7dReset": 1748788581689
}