{
  "ethCount": 327.75930000003353,
  "userCount": 14653,
  "lastTick": 1749299302595,
  "refEthCount": 7.261499999999979,
  "refUserCount": 317,
  "last7dReset": 1748788581689
}