{
  "ethCount": 542.7882000000719,
  "userCount": 24392,
  "lastTick": 1749299302595,
  "refEthCount": 7.261499999999979,
  "refUserCount": 317,
  "last7dReset": 1748788581689
}