{
  "ethCount": 464.5821000000791,
  "userCount": 20827,
  "lastTick": 1749299302595,
  "refEthCount": 7.261499999999979,
  "refUserCount": 317,
  "last7dReset": 1748788581689
}