{
  "ethCount": 535.7316000000765,
  "userCount": 24059,
  "lastTick": 1749299302595,
  "refEthCount": 7.261499999999979,
  "refUserCount": 317,
  "last7dReset": 1748788581689
}