{
  "ethCount": 482.60960000008555,
  "userCount": 21637,
  "lastTick": 1749299302595,
  "refEthCount": 7.261499999999979,
  "refUserCount": 317,
  "last7dReset": 1748788581689
}