{
  "ethCount": 371.74100000004796,
  "userCount": 16630,
  "lastTick": 1749299302595,
  "refEthCount": 7.261499999999979,
  "refUserCount": 317,
  "last7dReset": 1748788581689
}