{
  "ethCount": 88.24869999999879,
  "userCount": 3964,
  "lastTick": 1749299302595,
  "refEthCount": 7.261499999999979,
  "refUserCount": 317,
  "last7dReset": 1748788581689
}