{
  "ethCount": 53.042899999999676,
  "userCount": 2372,
  "lastTick": 1749299302595,
  "refEthCount": 7.261499999999979,
  "refUserCount": 317,
  "last7dReset": 1748788581689
}