{
  "ethCount": 83.35569999999886,
  "userCount": 3740,
  "lastTick": 1749299302595,
  "refEthCount": 7.261499999999979,
  "refUserCount": 317,
  "last7dReset": 1748788581689
}