{
  "ethCount": 513.448300000094,
  "userCount": 23045,
  "lastTick": 1749299302595,
  "refEthCount": 7.261499999999979,
  "refUserCount": 317,
  "last7dReset": 1748788581689
}