{
  "ethCount": 373.68240000004874,
  "userCount": 16719,
  "lastTick": 1749299302595,
  "refEthCount": 7.261499999999979,
  "refUserCount": 317,
  "last7dReset": 1748788581689
}