{
  "ethCount": 139.79829999999814,
  "userCount": 6299,
  "lastTick": 1749299302595,
  "refEthCount": 7.261499999999979,
  "refUserCount": 317,
  "last7dReset": 1748788581689
}