{
  "ethCount": 278.54040000001424,
  "userCount": 12466,
  "lastTick": 1749299302595,
  "refEthCount": 7.261499999999979,
  "refUserCount": 317,
  "last7dReset": 1748788581689
}