{
  "ethCount": 304.52330000002354,
  "userCount": 13629,
  "lastTick": 1749299302595,
  "refEthCount": 7.261499999999979,
  "refUserCount": 317,
  "last7dReset": 1748788581689
}