{
  "ethCount": 273.07090000001193,
  "userCount": 12225,
  "lastTick": 1749299302595,
  "refEthCount": 7.261499999999979,
  "refUserCount": 317,
  "last7dReset": 1748788581689
}