{
  "ethCount": 512.8574000000946,
  "userCount": 23018,
  "lastTick": 1749299302595,
  "refEthCount": 7.261499999999979,
  "refUserCount": 317,
  "last7dReset": 1748788581689
}