{
  "ethCount": 382.4482000000514,
  "userCount": 17110,
  "lastTick": 1749299302595,
  "refEthCount": 7.261499999999979,
  "refUserCount": 317,
  "last7dReset": 1748788581689
}