{
  "ethCount": 437.50260000006926,
  "userCount": 19597,
  "lastTick": 1749299302595,
  "refEthCount": 7.261499999999979,
  "refUserCount": 317,
  "last7dReset": 1748788581689
}