{
  "ethCount": 242.78100000000407,
  "userCount": 10881,
  "lastTick": 1749299302595,
  "refEthCount": 7.261499999999979,
  "refUserCount": 317,
  "last7dReset": 1748788581689
}