{
  "ethCount": 288.20990000001746,
  "userCount": 12900,
  "lastTick": 1749299302595,
  "refEthCount": 7.261499999999979,
  "refUserCount": 317,
  "last7dReset": 1748788581689
}