{
  "ethCount": 469.31870000008166,
  "userCount": 21032,
  "lastTick": 1749299302595,
  "refEthCount": 7.261499999999979,
  "refUserCount": 317,
  "last7dReset": 1748788581689
}