{
  "ethCount": 365.9483000000465,
  "userCount": 16363,
  "lastTick": 1749299302595,
  "refEthCount": 7.261499999999979,
  "refUserCount": 317,
  "last7dReset": 1748788581689
}