{
  "ethCount": 263.2035000000078,
  "userCount": 11791,
  "lastTick": 1749299302595,
  "refEthCount": 7.261499999999979,
  "refUserCount": 317,
  "last7dReset": 1748788581689
}