{
  "ethCount": 465.57470000007936,
  "userCount": 20874,
  "lastTick": 1749299302595,
  "refEthCount": 7.261499999999979,
  "refUserCount": 317,
  "last7dReset": 1748788581689
}