{
  "ethCount": 263.30100000000795,
  "userCount": 11794,
  "lastTick": 1749299302595,
  "refEthCount": 7.261499999999979,
  "refUserCount": 317,
  "last7dReset": 1748788581689
}