{
  "ethCount": 331.19280000003465,
  "userCount": 14809,
  "lastTick": 1749299302595,
  "refEthCount": 7.261499999999979,
  "refUserCount": 317,
  "last7dReset": 1748788581689
}