{
  "ethCount": 507.70980000009314,
  "userCount": 22787,
  "lastTick": 1749299302595,
  "refEthCount": 7.261499999999979,
  "refUserCount": 317,
  "last7dReset": 1748788581689
}