{
  "ethCount": 405.39500000006063,
  "userCount": 18141,
  "lastTick": 1749299302595,
  "refEthCount": 7.261499999999979,
  "refUserCount": 317,
  "last7dReset": 1748788581689
}