{
  "ethCount": 440.57430000007025,
  "userCount": 19740,
  "lastTick": 1749299302595,
  "refEthCount": 7.261499999999979,
  "refUserCount": 317,
  "last7dReset": 1748788581689
}