{
  "ethCount": 511.83630000009515,
  "userCount": 22969,
  "lastTick": 1749299302595,
  "refEthCount": 7.261499999999979,
  "refUserCount": 317,
  "last7dReset": 1748788581689
}