{
  "ethCount": 185.33590000000055,
  "userCount": 8335,
  "lastTick": 1749299302595,
  "refEthCount": 7.261499999999979,
  "refUserCount": 317,
  "last7dReset": 1748788581689
}