{
  "ethCount": 474.3746000000831,
  "userCount": 21263,
  "lastTick": 1749299302595,
  "refEthCount": 7.261499999999979,
  "refUserCount": 317,
  "last7dReset": 1748788581689
}