{
  "ethCount": 236.8387000000037,
  "userCount": 10602,
  "lastTick": 1749299302595,
  "refEthCount": 7.261499999999979,
  "refUserCount": 317,
  "last7dReset": 1748788581689
}