{
  "ethCount": 351.23820000004156,
  "userCount": 15698,
  "lastTick": 1749299302595,
  "refEthCount": 7.261499999999979,
  "refUserCount": 317,
  "last7dReset": 1748788581689
}