{
  "ethCount": 325.9333000000323,
  "userCount": 14580,
  "lastTick": 1749299302595,
  "refEthCount": 7.261499999999979,
  "refUserCount": 317,
  "last7dReset": 1748788581689
}