{
  "ethCount": 269.14670000000996,
  "userCount": 12062,
  "lastTick": 1749299302595,
  "refEthCount": 7.261499999999979,
  "refUserCount": 317,
  "last7dReset": 1748788581689
}