{
  "ethCount": 454.38340000007486,
  "userCount": 20370,
  "lastTick": 1749299302595,
  "refEthCount": 7.261499999999979,
  "refUserCount": 317,
  "last7dReset": 1748788581689
}