{
  "ethCount": 143.53139999999823,
  "userCount": 6461,
  "lastTick": 1749299302595,
  "refEthCount": 7.261499999999979,
  "refUserCount": 317,
  "last7dReset": 1748788581689
}