{
  "ethCount": 546.6970000000691,
  "userCount": 24564,
  "lastTick": 1749299302595,
  "refEthCount": 7.261499999999979,
  "refUserCount": 317,
  "last7dReset": 1748788581689
}