{
  "ethCount": 69.01199999999933,
  "userCount": 3098,
  "lastTick": 1749299302595,
  "refEthCount": 7.261499999999979,
  "refUserCount": 317,
  "last7dReset": 1748788581689
}