{
  "ethCount": 289.36990000001794,
  "userCount": 12950,
  "lastTick": 1749299302595,
  "refEthCount": 7.261499999999979,
  "refUserCount": 317,
  "last7dReset": 1748788581689
}