{
  "ethCount": 576.9315000000477,
  "userCount": 25940,
  "lastTick": 1749299302595,
  "refEthCount": 7.261499999999979,
  "refUserCount": 317,
  "last7dReset": 1748788581689
}