{
  "ethCount": 498.01730000008894,
  "userCount": 22368,
  "lastTick": 1749299302595,
  "refEthCount": 7.261499999999979,
  "refUserCount": 317,
  "last7dReset": 1748788581689
}