{
  "ethCount": 420.2763000000649,
  "userCount": 18811,
  "lastTick": 1749299302595,
  "refEthCount": 7.261499999999979,
  "refUserCount": 317,
  "last7dReset": 1748788581689
}