{
  "ethCount": 92.94199999999859,
  "userCount": 4171,
  "lastTick": 1749299302595,
  "refEthCount": 7.261499999999979,
  "refUserCount": 317,
  "last7dReset": 1748788581689
}