{
  "ethCount": 220.08330000000285,
  "userCount": 9847,
  "lastTick": 1749299302595,
  "refEthCount": 7.261499999999979,
  "refUserCount": 317,
  "last7dReset": 1748788581689
}