{
  "ethCount": 165.89289999999943,
  "userCount": 7470,
  "lastTick": 1749299302595,
  "refEthCount": 7.261499999999979,
  "refUserCount": 317,
  "last7dReset": 1748788581689
}