{
  "ethCount": 216.54440000000272,
  "userCount": 9691,
  "lastTick": 1749299302595,
  "refEthCount": 7.261499999999979,
  "refUserCount": 317,
  "last7dReset": 1748788581689
}