{
  "ethCount": 60.04059999999958,
  "userCount": 2697,
  "lastTick": 1749299302595,
  "refEthCount": 7.261499999999979,
  "refUserCount": 317,
  "last7dReset": 1748788581689
}