{
  "ethCount": 519.1829000000893,
  "userCount": 23302,
  "lastTick": 1749299302595,
  "refEthCount": 7.261499999999979,
  "refUserCount": 317,
  "last7dReset": 1748788581689
}