{
  "ethCount": 404.98570000006055,
  "userCount": 18122,
  "lastTick": 1749299302595,
  "refEthCount": 7.261499999999979,
  "refUserCount": 317,
  "last7dReset": 1748788581689
}