{
  "ethCount": 153.14249999999873,
  "userCount": 6903,
  "lastTick": 1749299302595,
  "refEthCount": 7.261499999999979,
  "refUserCount": 317,
  "last7dReset": 1748788581689
}