{
  "ethCount": 449.89940000007306,
  "userCount": 20171,
  "lastTick": 1749299302595,
  "refEthCount": 7.261499999999979,
  "refUserCount": 317,
  "last7dReset": 1748788581689
}