{
  "ethCount": 120.46229999999764,
  "userCount": 5404,
  "lastTick": 1749299302595,
  "refEthCount": 7.261499999999979,
  "refUserCount": 317,
  "last7dReset": 1748788581689
}