{
  "ethCount": 440.0364000000702,
  "userCount": 19714,
  "lastTick": 1749299302595,
  "refEthCount": 7.261499999999979,
  "refUserCount": 317,
  "last7dReset": 1748788581689
}