{
  "ethCount": 287.89790000001733,
  "userCount": 12888,
  "lastTick": 1749299302595,
  "refEthCount": 7.261499999999979,
  "refUserCount": 317,
  "last7dReset": 1748788581689
}