{
  "ethCount": 338.65980000003685,
  "userCount": 15146,
  "lastTick": 1749299302595,
  "refEthCount": 7.261499999999979,
  "refUserCount": 317,
  "last7dReset": 1748788581689
}