{
  "ethCount": 245.54420000000422,
  "userCount": 11005,
  "lastTick": 1749299302595,
  "refEthCount": 7.261499999999979,
  "refUserCount": 317,
  "last7dReset": 1748788581689
}