{
  "ethCount": 590.7728000000365,
  "userCount": 26557,
  "lastTick": 1749299302595,
  "refEthCount": 7.261499999999979,
  "refUserCount": 317,
  "last7dReset": 1748788581689
}