{
  "ethCount": 411.7394000000621,
  "userCount": 18433,
  "lastTick": 1749299302595,
  "refEthCount": 7.261499999999979,
  "refUserCount": 317,
  "last7dReset": 1748788581689
}