{
  "ethCount": 500.89100000009057,
  "userCount": 22491,
  "lastTick": 1749299302595,
  "refEthCount": 7.261499999999979,
  "refUserCount": 317,
  "last7dReset": 1748788581689
}