{
  "ethCount": 220.74770000000288,
  "userCount": 9877,
  "lastTick": 1749299302595,
  "refEthCount": 7.261499999999979,
  "refUserCount": 317,
  "last7dReset": 1748788581689
}