{
  "ethCount": 298.27100000002133,
  "userCount": 13352,
  "lastTick": 1749299302595,
  "refEthCount": 7.261499999999979,
  "refUserCount": 317,
  "last7dReset": 1748788581689
}