{
  "ethCount": 190.39040000000097,
  "userCount": 8547,
  "lastTick": 1749299302595,
  "refEthCount": 7.261499999999979,
  "refUserCount": 317,
  "last7dReset": 1748788581689
}