{
  "ethCount": 376.61340000004935,
  "userCount": 16857,
  "lastTick": 1749299302595,
  "refEthCount": 7.261499999999979,
  "refUserCount": 317,
  "last7dReset": 1748788581689
}