{
  "ethCount": 199.31720000000146,
  "userCount": 8936,
  "lastTick": 1749299302595,
  "refEthCount": 7.261499999999979,
  "refUserCount": 317,
  "last7dReset": 1748788581689
}