{
  "ethCount": 75.87809999999914,
  "userCount": 3409,
  "lastTick": 1749299302595,
  "refEthCount": 7.261499999999979,
  "refUserCount": 317,
  "last7dReset": 1748788581689
}