{
  "ethCount": 421.05610000006516,
  "userCount": 18846,
  "lastTick": 1749299302595,
  "refEthCount": 7.261499999999979,
  "refUserCount": 317,
  "last7dReset": 1748788581689
}