{
  "ethCount": 230.3640000000034,
  "userCount": 10307,
  "lastTick": 1749299302595,
  "refEthCount": 7.261499999999979,
  "refUserCount": 317,
  "last7dReset": 1748788581689
}