{
  "ethCount": 446.1021000000721,
  "userCount": 19995,
  "lastTick": 1749299302595,
  "refEthCount": 7.261499999999979,
  "refUserCount": 317,
  "last7dReset": 1748788581689
}