{
  "ethCount": 379.93770000005065,
  "userCount": 17000,
  "lastTick": 1749299302595,
  "refEthCount": 7.261499999999979,
  "refUserCount": 317,
  "last7dReset": 1748788581689
}