{
  "ethCount": 223.58160000000305,
  "userCount": 10003,
  "lastTick": 1749299302595,
  "refEthCount": 7.261499999999979,
  "refUserCount": 317,
  "last7dReset": 1748788581689
}