{
  "ethCount": 267.8598000000095,
  "userCount": 12002,
  "lastTick": 1749299302595,
  "refEthCount": 7.261499999999979,
  "refUserCount": 317,
  "last7dReset": 1748788581689
}