{
  "ethCount": 395.2392000000566,
  "userCount": 17680,
  "lastTick": 1749299302595,
  "refEthCount": 7.261499999999979,
  "refUserCount": 317,
  "last7dReset": 1748788581689
}