{
  "ethCount": 329.09120000003406,
  "userCount": 14713,
  "lastTick": 1749299302595,
  "refEthCount": 7.261499999999979,
  "refUserCount": 317,
  "last7dReset": 1748788581689
}