{
  "ethCount": 379.50400000005044,
  "userCount": 16985,
  "lastTick": 1749299302595,
  "refEthCount": 7.261499999999979,
  "refUserCount": 317,
  "last7dReset": 1748788581689
}