{
  "ethCount": 83.27729999999887,
  "userCount": 3736,
  "lastTick": 1749299302595,
  "refEthCount": 7.261499999999979,
  "refUserCount": 317,
  "last7dReset": 1748788581689
}