{
  "ethCount": 257.53320000000565,
  "userCount": 11543,
  "lastTick": 1749299302595,
  "refEthCount": 7.261499999999979,
  "refUserCount": 317,
  "last7dReset": 1748788581689
}