{
  "ethCount": 88.22739999999877,
  "userCount": 3961,
  "lastTick": 1749299302595,
  "refEthCount": 7.261499999999979,
  "refUserCount": 317,
  "last7dReset": 1748788581689
}