{
  "ethCount": 302.96470000002324,
  "userCount": 13557,
  "lastTick": 1749299302595,
  "refEthCount": 7.261499999999979,
  "refUserCount": 317,
  "last7dReset": 1748788581689
}