{
  "ethCount": 386.5563000000533,
  "userCount": 17288,
  "lastTick": 1749299302595,
  "refEthCount": 7.261499999999979,
  "refUserCount": 317,
  "last7dReset": 1748788581689
}