{
  "ethCount": 107.18679999999813,
  "userCount": 4811,
  "lastTick": 1749299302595,
  "refEthCount": 7.261499999999979,
  "refUserCount": 317,
  "last7dReset": 1748788581689
}