{
  "ethCount": 189.82020000000085,
  "userCount": 8525,
  "lastTick": 1749299302595,
  "refEthCount": 7.261499999999979,
  "refUserCount": 317,
  "last7dReset": 1748788581689
}