{
  "ethCount": 354.07610000004235,
  "userCount": 15833,
  "lastTick": 1749299302595,
  "refEthCount": 7.261499999999979,
  "refUserCount": 317,
  "last7dReset": 1748788581689
}