{
  "ethCount": 244.17570000000413,
  "userCount": 10942,
  "lastTick": 1749299302595,
  "refEthCount": 7.261499999999979,
  "refUserCount": 317,
  "last7dReset": 1748788581689
}