{
  "ethCount": 492.99900000008824,
  "userCount": 22129,
  "lastTick": 1749299302595,
  "refEthCount": 7.261499999999979,
  "refUserCount": 317,
  "last7dReset": 1748788581689
}