{
  "ethCount": 593.4370000000339,
  "userCount": 26667,
  "lastTick": 1749299302595,
  "refEthCount": 7.261499999999979,
  "refUserCount": 317,
  "last7dReset": 1748788581689
}