{
  "ethCount": 294.02660000001936,
  "userCount": 13160,
  "lastTick": 1749299302595,
  "refEthCount": 7.261499999999979,
  "refUserCount": 317,
  "last7dReset": 1748788581689
}