{
  "ethCount": 130.16459999999756,
  "userCount": 5850,
  "lastTick": 1749299302595,
  "refEthCount": 7.261499999999979,
  "refUserCount": 317,
  "last7dReset": 1748788581689
}