{
  "ethCount": 283.01430000001557,
  "userCount": 12668,
  "lastTick": 1749299302595,
  "refEthCount": 7.261499999999979,
  "refUserCount": 317,
  "last7dReset": 1748788581689
}