{
  "ethCount": 300.47300000002247,
  "userCount": 13445,
  "lastTick": 1749299302595,
  "refEthCount": 7.261499999999979,
  "refUserCount": 317,
  "last7dReset": 1748788581689
}