{
  "ethCount": 378.4068000000499,
  "userCount": 16935,
  "lastTick": 1749299302595,
  "refEthCount": 7.261499999999979,
  "refUserCount": 317,
  "last7dReset": 1748788581689
}