{
  "ethCount": 245.72270000000424,
  "userCount": 11012,
  "lastTick": 1749299302595,
  "refEthCount": 7.261499999999979,
  "refUserCount": 317,
  "last7dReset": 1748788581689
}