{
  "ethCount": 289.64230000001805,
  "userCount": 12963,
  "lastTick": 1749299302595,
  "refEthCount": 7.261499999999979,
  "refUserCount": 317,
  "last7dReset": 1748788581689
}