{
  "ethCount": 272.9567000000119,
  "userCount": 12220,
  "lastTick": 1749299302595,
  "refEthCount": 7.261499999999979,
  "refUserCount": 317,
  "last7dReset": 1748788581689
}