{
  "ethCount": 378.2671000000499,
  "userCount": 16928,
  "lastTick": 1749299302595,
  "refEthCount": 7.261499999999979,
  "refUserCount": 317,
  "last7dReset": 1748788581689
}