{
  "ethCount": 438.64410000006984,
  "userCount": 19648,
  "lastTick": 1749299302595,
  "refEthCount": 7.261499999999979,
  "refUserCount": 317,
  "last7dReset": 1748788581689
}