{
  "ethCount": 60.783199999999596,
  "userCount": 2727,
  "lastTick": 1749299302595,
  "refEthCount": 7.261499999999979,
  "refUserCount": 317,
  "last7dReset": 1748788581689
}