{
  "ethCount": 310.55490000002624,
  "userCount": 13891,
  "lastTick": 1749299302595,
  "refEthCount": 7.261499999999979,
  "refUserCount": 317,
  "last7dReset": 1748788581689
}