{
  "ethCount": 80.41139999999895,
  "userCount": 3611,
  "lastTick": 1749299302595,
  "refEthCount": 7.261499999999979,
  "refUserCount": 317,
  "last7dReset": 1748788581689
}