{
  "ethCount": 440.05600000007024,
  "userCount": 19715,
  "lastTick": 1749299302595,
  "refEthCount": 7.261499999999979,
  "refUserCount": 317,
  "last7dReset": 1748788581689
}