{
  "ethCount": 389.20520000005473,
  "userCount": 17409,
  "lastTick": 1749299302595,
  "refEthCount": 7.261499999999979,
  "refUserCount": 317,
  "last7dReset": 1748788581689
}