{
  "ethCount": 295.2050000000199,
  "userCount": 13216,
  "lastTick": 1749299302595,
  "refEthCount": 7.261499999999979,
  "refUserCount": 317,
  "last7dReset": 1748788581689
}