{
  "ethCount": 378.56510000005005,
  "userCount": 16941,
  "lastTick": 1749299302595,
  "refEthCount": 7.261499999999979,
  "refUserCount": 317,
  "last7dReset": 1748788581689
}