{
  "ethCount": 249.20840000000436,
  "userCount": 11164,
  "lastTick": 1749299302595,
  "refEthCount": 7.261499999999979,
  "refUserCount": 317,
  "last7dReset": 1748788581689
}