{
  "ethCount": 318.3769000000298,
  "userCount": 14237,
  "lastTick": 1749299302595,
  "refEthCount": 7.261499999999979,
  "refUserCount": 317,
  "last7dReset": 1748788581689
}