{
  "ethCount": 471.18260000008223,
  "userCount": 21117,
  "lastTick": 1749299302595,
  "refEthCount": 7.261499999999979,
  "refUserCount": 317,
  "last7dReset": 1748788581689
}