{
  "ethCount": 573.5839000000504,
  "userCount": 25786,
  "lastTick": 1749299302595,
  "refEthCount": 7.261499999999979,
  "refUserCount": 317,
  "last7dReset": 1748788581689
}