{
  "ethCount": 492.6475000000882,
  "userCount": 22111,
  "lastTick": 1749299302595,
  "refEthCount": 7.261499999999979,
  "refUserCount": 317,
  "last7dReset": 1748788581689
}