{
  "ethCount": 123.84959999999752,
  "userCount": 5559,
  "lastTick": 1749299302595,
  "refEthCount": 7.261499999999979,
  "refUserCount": 317,
  "last7dReset": 1748788581689
}