{
  "ethCount": 197.37090000000134,
  "userCount": 8858,
  "lastTick": 1749299302595,
  "refEthCount": 7.261499999999979,
  "refUserCount": 317,
  "last7dReset": 1748788581689
}