{
  "ethCount": 307.22590000002464,
  "userCount": 13749,
  "lastTick": 1749299302595,
  "refEthCount": 7.261499999999979,
  "refUserCount": 317,
  "last7dReset": 1748788581689
}