{
  "ethCount": 597.0192000000314,
  "userCount": 26831,
  "lastTick": 1749299302595,
  "refEthCount": 7.261499999999979,
  "refUserCount": 317,
  "last7dReset": 1748788581689
}