{
  "ethCount": 523.6618000000855,
  "userCount": 23506,
  "lastTick": 1749299302595,
  "refEthCount": 7.261499999999979,
  "refUserCount": 317,
  "last7dReset": 1748788581689
}