{
  "ethCount": 280.2180000000147,
  "userCount": 12544,
  "lastTick": 1749299302595,
  "refEthCount": 7.261499999999979,
  "refUserCount": 317,
  "last7dReset": 1748788581689
}