{
  "ethCount": 570.4090000000531,
  "userCount": 25644,
  "lastTick": 1749299302595,
  "refEthCount": 7.261499999999979,
  "refUserCount": 317,
  "last7dReset": 1748788581689
}