{
  "ethCount": 507.82420000009324,
  "userCount": 22792,
  "lastTick": 1749299302595,
  "refEthCount": 7.261499999999979,
  "refUserCount": 317,
  "last7dReset": 1748788581689
}