{
  "ethCount": 451.4100000000741,
  "userCount": 20234,
  "lastTick": 1749299302595,
  "refEthCount": 7.261499999999979,
  "refUserCount": 317,
  "last7dReset": 1748788581689
}