{
  "ethCount": 561.1370000000599,
  "userCount": 25234,
  "lastTick": 1749299302595,
  "refEthCount": 7.261499999999979,
  "refUserCount": 317,
  "last7dReset": 1748788581689
}