{
  "ethCount": 53.95639999999966,
  "userCount": 2414,
  "lastTick": 1749299302595,
  "refEthCount": 7.261499999999979,
  "refUserCount": 317,
  "last7dReset": 1748788581689
}