{
  "ethCount": 171.04369999999972,
  "userCount": 7692,
  "lastTick": 1749299302595,
  "refEthCount": 7.261499999999979,
  "refUserCount": 317,
  "last7dReset": 1748788581689
}