{
  "ethCount": 603.5435000000255,
  "userCount": 27117,
  "lastTick": 1749299302595,
  "refEthCount": 7.261499999999979,
  "refUserCount": 317,
  "last7dReset": 1748788581689
}