{
  "ethCount": 153.38079999999874,
  "userCount": 6915,
  "lastTick": 1749299302595,
  "refEthCount": 7.261499999999979,
  "refUserCount": 317,
  "last7dReset": 1748788581689
}