{
  "ethCount": 295.57620000002004,
  "userCount": 13232,
  "lastTick": 1749299302595,
  "refEthCount": 7.261499999999979,
  "refUserCount": 317,
  "last7dReset": 1748788581689
}