{
  "ethCount": 3.8619000000000003,
  "userCount": 178,
  "lastTick": 1749299302595,
  "refEthCount": 7.261499999999979,
  "refUserCount": 317,
  "last7dReset": 1748788581689
}