{
  "ethCount": 452.0902000000743,
  "userCount": 20266,
  "lastTick": 1749299302595,
  "refEthCount": 7.261499999999979,
  "refUserCount": 317,
  "last7dReset": 1748788581689
}