{
  "ethCount": 351.1612000000415,
  "userCount": 15697,
  "lastTick": 1749299302595,
  "refEthCount": 7.261499999999979,
  "refUserCount": 317,
  "last7dReset": 1748788581689
}