{
  "ethCount": 199.31250000000145,
  "userCount": 8937,
  "lastTick": 1749299302595,
  "refEthCount": 7.261499999999979,
  "refUserCount": 317,
  "last7dReset": 1748788581689
}