{
  "ethCount": 352.26420000004157,
  "userCount": 15749,
  "lastTick": 1749299302595,
  "refEthCount": 7.261499999999979,
  "refUserCount": 317,
  "last7dReset": 1748788581689
}