{
  "ethCount": 536.3895000000759,
  "userCount": 24091,
  "lastTick": 1749299302595,
  "refEthCount": 7.261499999999979,
  "refUserCount": 317,
  "last7dReset": 1748788581689
}