{
  "ethCount": 181.74470000000034,
  "userCount": 8181,
  "lastTick": 1749299302595,
  "refEthCount": 7.261499999999979,
  "refUserCount": 317,
  "last7dReset": 1748788581689
}