{
  "ethCount": 331.16700000003465,
  "userCount": 14806,
  "lastTick": 1749299302595,
  "refEthCount": 7.261499999999979,
  "refUserCount": 317,
  "last7dReset": 1748788581689
}