{
  "ethCount": 485.55950000008653,
  "userCount": 21774,
  "lastTick": 1749299302595,
  "refEthCount": 7.261499999999979,
  "refUserCount": 317,
  "last7dReset": 1748788581689
}