{
  "ethCount": 555.5988000000632,
  "userCount": 24976,
  "lastTick": 1749299302595,
  "refEthCount": 7.261499999999979,
  "refUserCount": 317,
  "last7dReset": 1748788581689
}