{
  "ethCount": 49.84019999999973,
  "userCount": 2234,
  "lastTick": 1749299302595,
  "refEthCount": 7.261499999999979,
  "refUserCount": 317,
  "last7dReset": 1748788581689
}