{
  "ethCount": 479.62790000008494,
  "userCount": 21499,
  "lastTick": 1749299302595,
  "refEthCount": 7.261499999999979,
  "refUserCount": 317,
  "last7dReset": 1748788581689
}