{
  "ethCount": 215.56370000000263,
  "userCount": 9653,
  "lastTick": 1749299302595,
  "refEthCount": 7.261499999999979,
  "refUserCount": 317,
  "last7dReset": 1748788581689
}