{
  "ethCount": 355.08410000004255,
  "userCount": 15878,
  "lastTick": 1749299302595,
  "refEthCount": 7.261499999999979,
  "refUserCount": 317,
  "last7dReset": 1748788581689
}