{
  "ethCount": 154.11619999999877,
  "userCount": 6948,
  "lastTick": 1749299302595,
  "refEthCount": 7.261499999999979,
  "refUserCount": 317,
  "last7dReset": 1748788581689
}