{
  "ethCount": 465.83550000007943,
  "userCount": 20886,
  "lastTick": 1749299302595,
  "refEthCount": 7.261499999999979,
  "refUserCount": 317,
  "last7dReset": 1748788581689
}