{
  "ethCount": 315.4156000000284,
  "userCount": 14112,
  "lastTick": 1749299302595,
  "refEthCount": 7.261499999999979,
  "refUserCount": 317,
  "last7dReset": 1748788581689
}