{
  "ethCount": 382.88320000005166,
  "userCount": 17130,
  "lastTick": 1749299302595,
  "refEthCount": 7.261499999999979,
  "refUserCount": 317,
  "last7dReset": 1748788581689
}