{
  "ethCount": 289.1042000000179,
  "userCount": 12937,
  "lastTick": 1749299302595,
  "refEthCount": 7.261499999999979,
  "refUserCount": 317,
  "last7dReset": 1748788581689
}