{
  "ethCount": 524.0184000000851,
  "userCount": 23522,
  "lastTick": 1749299302595,
  "refEthCount": 7.261499999999979,
  "refUserCount": 317,
  "last7dReset": 1748788581689
}