{
  "ethCount": 71.82309999999924,
  "userCount": 3229,
  "lastTick": 1749299302595,
  "refEthCount": 7.261499999999979,
  "refUserCount": 317,
  "last7dReset": 1748788581689
}