{
  "ethCount": 72.36689999999926,
  "userCount": 3252,
  "lastTick": 1749299302595,
  "refEthCount": 7.261499999999979,
  "refUserCount": 317,
  "last7dReset": 1748788581689
}