{
  "ethCount": 69.61019999999932,
  "userCount": 3126,
  "lastTick": 1749299302595,
  "refEthCount": 7.261499999999979,
  "refUserCount": 317,
  "last7dReset": 1748788581689
}