{
  "ethCount": 425.59540000006587,
  "userCount": 19062,
  "lastTick": 1749299302595,
  "refEthCount": 7.261499999999979,
  "refUserCount": 317,
  "last7dReset": 1748788581689
}