{
  "ethCount": 414.53360000006313,
  "userCount": 18556,
  "lastTick": 1749299302595,
  "refEthCount": 7.261499999999979,
  "refUserCount": 317,
  "last7dReset": 1748788581689
}