{
  "ethCount": 599.0383000000296,
  "userCount": 26922,
  "lastTick": 1749299302595,
  "refEthCount": 7.261499999999979,
  "refUserCount": 317,
  "last7dReset": 1748788581689
}