{
  "ethCount": 288.29150000001755,
  "userCount": 12902,
  "lastTick": 1749299302595,
  "refEthCount": 7.261499999999979,
  "refUserCount": 317,
  "last7dReset": 1748788581689
}