{
  "ethCount": 354.9005000000425,
  "userCount": 15870,
  "lastTick": 1749299302595,
  "refEthCount": 7.261499999999979,
  "refUserCount": 317,
  "last7dReset": 1748788581689
}