{
  "ethCount": 346.02890000003964,
  "userCount": 15469,
  "lastTick": 1749299302595,
  "refEthCount": 7.261499999999979,
  "refUserCount": 317,
  "last7dReset": 1748788581689
}