{
  "ethCount": 345.5025000000397,
  "userCount": 15443,
  "lastTick": 1749299302595,
  "refEthCount": 7.261499999999979,
  "refUserCount": 317,
  "last7dReset": 1748788581689
}