{
  "ethCount": 9.431999999999984,
  "userCount": 437,
  "lastTick": 1749299302595,
  "refEthCount": 7.261499999999979,
  "refUserCount": 317,
  "last7dReset": 1748788581689
}