{
  "ethCount": 73.60579999999923,
  "userCount": 3311,
  "lastTick": 1749299302595,
  "refEthCount": 7.261499999999979,
  "refUserCount": 317,
  "last7dReset": 1748788581689
}