{
  "ethCount": 210.21670000000225,
  "userCount": 9420,
  "lastTick": 1749299302595,
  "refEthCount": 7.261499999999979,
  "refUserCount": 317,
  "last7dReset": 1748788581689
}