{
  "ethCount": 340.9431000000378,
  "userCount": 15250,
  "lastTick": 1749299302595,
  "refEthCount": 7.261499999999979,
  "refUserCount": 317,
  "last7dReset": 1748788581689
}