{
  "ethCount": 271.9869000000115,
  "userCount": 12180,
  "lastTick": 1749299302595,
  "refEthCount": 7.261499999999979,
  "refUserCount": 317,
  "last7dReset": 1748788581689
}