{
  "ethCount": 260.2113000000069,
  "userCount": 11658,
  "lastTick": 1749299302595,
  "refEthCount": 7.261499999999979,
  "refUserCount": 317,
  "last7dReset": 1748788581689
}