{
  "ethCount": 443.63430000007105,
  "userCount": 19883,
  "lastTick": 1749299302595,
  "refEthCount": 7.261499999999979,
  "refUserCount": 317,
  "last7dReset": 1748788581689
}