{
  "ethCount": 261.8516000000073,
  "userCount": 11731,
  "lastTick": 1749299302595,
  "refEthCount": 7.261499999999979,
  "refUserCount": 317,
  "last7dReset": 1748788581689
}