{
  "ethCount": 561.8203000000593,
  "userCount": 25265,
  "lastTick": 1749299302595,
  "refEthCount": 7.261499999999979,
  "refUserCount": 317,
  "last7dReset": 1748788581689
}