{
  "ethCount": 324.4332000000318,
  "userCount": 14515,
  "lastTick": 1749299302595,
  "refEthCount": 7.261499999999979,
  "refUserCount": 317,
  "last7dReset": 1748788581689
}