{
  "ethCount": 288.99730000001784,
  "userCount": 12932,
  "lastTick": 1749299302595,
  "refEthCount": 7.261499999999979,
  "refUserCount": 317,
  "last7dReset": 1748788581689
}