{
  "ethCount": 56.926999999999644,
  "userCount": 2552,
  "lastTick": 1749299302595,
  "refEthCount": 7.261499999999979,
  "refUserCount": 317,
  "last7dReset": 1748788581689
}