{
  "ethCount": 282.86900000001555,
  "userCount": 12662,
  "lastTick": 1749299302595,
  "refEthCount": 7.261499999999979,
  "refUserCount": 317,
  "last7dReset": 1748788581689
}