{
  "ethCount": 462.51780000007835,
  "userCount": 20737,
  "lastTick": 1749299302595,
  "refEthCount": 7.261499999999979,
  "refUserCount": 317,
  "last7dReset": 1748788581689
}