{
  "ethCount": 492.85810000008826,
  "userCount": 22122,
  "lastTick": 1749299302595,
  "refEthCount": 7.261499999999979,
  "refUserCount": 317,
  "last7dReset": 1748788581689
}