{
  "ethCount": 583.9970000000419,
  "userCount": 26254,
  "lastTick": 1749299302595,
  "refEthCount": 7.261499999999979,
  "refUserCount": 317,
  "last7dReset": 1748788581689
}