{
  "ethCount": 308.56870000002533,
  "userCount": 13805,
  "lastTick": 1749299302595,
  "refEthCount": 7.261499999999979,
  "refUserCount": 317,
  "last7dReset": 1748788581689
}