{
  "ethCount": 329.4537000000341,
  "userCount": 14730,
  "lastTick": 1749299302595,
  "refEthCount": 7.261499999999979,
  "refUserCount": 317,
  "last7dReset": 1748788581689
}