{
  "ethCount": 380.10790000005073,
  "userCount": 17007,
  "lastTick": 1749299302595,
  "refEthCount": 7.261499999999979,
  "refUserCount": 317,
  "last7dReset": 1748788581689
}