{
  "ethCount": 519.6817000000885,
  "userCount": 23322,
  "lastTick": 1749299302595,
  "refEthCount": 7.261499999999979,
  "refUserCount": 317,
  "last7dReset": 1748788581689
}