{
  "ethCount": 465.06650000007926,
  "userCount": 20849,
  "lastTick": 1749299302595,
  "refEthCount": 7.261499999999979,
  "refUserCount": 317,
  "last7dReset": 1748788581689
}