{
  "ethCount": 579.8578000000452,
  "userCount": 26070,
  "lastTick": 1749299302595,
  "refEthCount": 7.261499999999979,
  "refUserCount": 317,
  "last7dReset": 1748788581689
}