{
  "ethCount": 226.84730000000317,
  "userCount": 10152,
  "lastTick": 1749299302595,
  "refEthCount": 7.261499999999979,
  "refUserCount": 317,
  "last7dReset": 1748788581689
}