{
  "ethCount": 457.4031000000765,
  "userCount": 20503,
  "lastTick": 1749299302595,
  "refEthCount": 7.261499999999979,
  "refUserCount": 317,
  "last7dReset": 1748788581689
}