{
  "ethCount": 152.28989999999868,
  "userCount": 6864,
  "lastTick": 1749299302595,
  "refEthCount": 7.261499999999979,
  "refUserCount": 317,
  "last7dReset": 1748788581689
}