{
  "ethCount": 337.9693000000364,
  "userCount": 15120,
  "lastTick": 1749299302595,
  "refEthCount": 7.261499999999979,
  "refUserCount": 317,
  "last7dReset": 1748788581689
}