{
  "ethCount": 159.94219999999916,
  "userCount": 7205,
  "lastTick": 1749299302595,
  "refEthCount": 7.261499999999979,
  "refUserCount": 317,
  "last7dReset": 1748788581689
}