{
  "ethCount": 239.66420000000392,
  "userCount": 10733,
  "lastTick": 1749299302595,
  "refEthCount": 7.261499999999979,
  "refUserCount": 317,
  "last7dReset": 1748788581689
}