{
  "ethCount": 101.91069999999826,
  "userCount": 4564,
  "lastTick": 1749299302595,
  "refEthCount": 7.261499999999979,
  "refUserCount": 317,
  "last7dReset": 1748788581689
}