{
  "ethCount": 267.35310000000936,
  "userCount": 11978,
  "lastTick": 1749299302595,
  "refEthCount": 7.261499999999979,
  "refUserCount": 317,
  "last7dReset": 1748788581689
}