{
  "ethCount": 426.87510000006614,
  "userCount": 19120,
  "lastTick": 1749299302595,
  "refEthCount": 7.261499999999979,
  "refUserCount": 317,
  "last7dReset": 1748788581689
}