{
  "ethCount": 506.0774000000926,
  "userCount": 22715,
  "lastTick": 1749299302595,
  "refEthCount": 7.261499999999979,
  "refUserCount": 317,
  "last7dReset": 1748788581689
}