{
  "ethCount": 567.7280000000557,
  "userCount": 25528,
  "lastTick": 1749299302595,
  "refEthCount": 7.261499999999979,
  "refUserCount": 317,
  "last7dReset": 1748788581689
}