{
  "ethCount": 455.7046000000757,
  "userCount": 20426,
  "lastTick": 1749299302595,
  "refEthCount": 7.261499999999979,
  "refUserCount": 317,
  "last7dReset": 1748788581689
}