{
  "ethCount": 239.5648000000039,
  "userCount": 10728,
  "lastTick": 1749299302595,
  "refEthCount": 7.261499999999979,
  "refUserCount": 317,
  "last7dReset": 1748788581689
}