{
  "ethCount": 587.6536000000384,
  "userCount": 26416,
  "lastTick": 1749299302595,
  "refEthCount": 7.261499999999979,
  "refUserCount": 317,
  "last7dReset": 1748788581689
}