{
  "ethCount": 209.92000000000223,
  "userCount": 9405,
  "lastTick": 1749299302595,
  "refEthCount": 7.261499999999979,
  "refUserCount": 317,
  "last7dReset": 1748788581689
}