{
  "ethCount": 80.61809999999893,
  "userCount": 3619,
  "lastTick": 1749299302595,
  "refEthCount": 7.261499999999979,
  "refUserCount": 317,
  "last7dReset": 1748788581689
}