{
  "ethCount": 37.81529999999997,
  "userCount": 1708,
  "lastTick": 1749299302595,
  "refEthCount": 7.261499999999979,
  "refUserCount": 317,
  "last7dReset": 1748788581689
}