{
  "ethCount": 315.25410000002836,
  "userCount": 14105,
  "lastTick": 1749299302595,
  "refEthCount": 7.261499999999979,
  "refUserCount": 317,
  "last7dReset": 1748788581689
}