{
  "ethCount": 174.10929999999993,
  "userCount": 7836,
  "lastTick": 1749299302595,
  "refEthCount": 7.261499999999979,
  "refUserCount": 317,
  "last7dReset": 1748788581689
}