{
  "ethCount": 447.51730000007245,
  "userCount": 20058,
  "lastTick": 1749299302595,
  "refEthCount": 7.261499999999979,
  "refUserCount": 317,
  "last7dReset": 1748788581689
}