{
  "ethCount": 471.20220000008226,
  "userCount": 21118,
  "lastTick": 1749299302595,
  "refEthCount": 7.261499999999979,
  "refUserCount": 317,
  "last7dReset": 1748788581689
}