{
  "ethCount": 314.4863000000277,
  "userCount": 14072,
  "lastTick": 1749299302595,
  "refEthCount": 7.261499999999979,
  "refUserCount": 317,
  "last7dReset": 1748788581689
}