{
  "ethCount": 229.93240000000335,
  "userCount": 10286,
  "lastTick": 1749299302595,
  "refEthCount": 7.261499999999979,
  "refUserCount": 317,
  "last7dReset": 1748788581689
}