{
  "ethCount": 460.47540000007774,
  "userCount": 20646,
  "lastTick": 1749299302595,
  "refEthCount": 7.261499999999979,
  "refUserCount": 317,
  "last7dReset": 1748788581689
}