{
  "ethCount": 540.3610000000727,
  "userCount": 24274,
  "lastTick": 1749299302595,
  "refEthCount": 7.261499999999979,
  "refUserCount": 317,
  "last7dReset": 1748788581689
}