{
  "ethCount": 467.03770000008063,
  "userCount": 20933,
  "lastTick": 1749299302595,
  "refEthCount": 7.261499999999979,
  "refUserCount": 317,
  "last7dReset": 1748788581689
}