{
  "ethCount": 42.56009999999991,
  "userCount": 1921,
  "lastTick": 1749299302595,
  "refEthCount": 7.261499999999979,
  "refUserCount": 317,
  "last7dReset": 1748788581689
}