{
  "ethCount": 398.2171000000579,
  "userCount": 17815,
  "lastTick": 1749299302595,
  "refEthCount": 7.261499999999979,
  "refUserCount": 317,
  "last7dReset": 1748788581689
}