{
  "ethCount": 576.1168000000482,
  "userCount": 25901,
  "lastTick": 1749299302595,
  "refEthCount": 7.261499999999979,
  "refUserCount": 317,
  "last7dReset": 1748788581689
}