{
  "ethCount": 499.02070000008945,
  "userCount": 22412,
  "lastTick": 1749299302595,
  "refEthCount": 7.261499999999979,
  "refUserCount": 317,
  "last7dReset": 1748788581689
}