{
  "ethCount": 413.55430000006294,
  "userCount": 18512,
  "lastTick": 1749299302595,
  "refEthCount": 7.261499999999979,
  "refUserCount": 317,
  "last7dReset": 1748788581689
}