{
  "ethCount": 445.91680000007193,
  "userCount": 19986,
  "lastTick": 1749299302595,
  "refEthCount": 7.261499999999979,
  "refUserCount": 317,
  "last7dReset": 1748788581689
}