{
  "ethCount": 560.9379000000599,
  "userCount": 25224,
  "lastTick": 1749299302595,
  "refEthCount": 7.261499999999979,
  "refUserCount": 317,
  "last7dReset": 1748788581689
}