{
  "ethCount": 362.0365000000448,
  "userCount": 16192,
  "lastTick": 1749299302595,
  "refEthCount": 7.261499999999979,
  "refUserCount": 317,
  "last7dReset": 1748788581689
}