{
  "ethCount": 165.4160999999994,
  "userCount": 7453,
  "lastTick": 1749299302595,
  "refEthCount": 7.261499999999979,
  "refUserCount": 317,
  "last7dReset": 1748788581689
}