{
  "ethCount": 464.6017000000791,
  "userCount": 20828,
  "lastTick": 1749299302595,
  "refEthCount": 7.261499999999979,
  "refUserCount": 317,
  "last7dReset": 1748788581689
}