{
  "ethCount": 508.00190000009337,
  "userCount": 22799,
  "lastTick": 1749299302595,
  "refEthCount": 7.261499999999979,
  "refUserCount": 317,
  "last7dReset": 1748788581689
}