{
  "ethCount": 93.45449999999857,
  "userCount": 4192,
  "lastTick": 1749299302595,
  "refEthCount": 7.261499999999979,
  "refUserCount": 317,
  "last7dReset": 1748788581689
}