{
  "ethCount": 316.68940000002925,
  "userCount": 14165,
  "lastTick": 1749299302595,
  "refEthCount": 7.261499999999979,
  "refUserCount": 317,
  "last7dReset": 1748788581689
}