{
  "ethCount": 438.1372000000696,
  "userCount": 19626,
  "lastTick": 1749299302595,
  "refEthCount": 7.261499999999979,
  "refUserCount": 317,
  "last7dReset": 1748788581689
}