{
  "ethCount": 396.8005000000571,
  "userCount": 17754,
  "lastTick": 1749299302595,
  "refEthCount": 7.261499999999979,
  "refUserCount": 317,
  "last7dReset": 1748788581689
}