{
  "ethCount": 317.6305000000295,
  "userCount": 14206,
  "lastTick": 1749299302595,
  "refEthCount": 7.261499999999979,
  "refUserCount": 317,
  "last7dReset": 1748788581689
}