{
  "ethCount": 481.67290000008535,
  "userCount": 21595,
  "lastTick": 1749299302595,
  "refEthCount": 7.261499999999979,
  "refUserCount": 317,
  "last7dReset": 1748788581689
}