{
  "ethCount": 471.1630000000822,
  "userCount": 21116,
  "lastTick": 1749299302595,
  "refEthCount": 7.261499999999979,
  "refUserCount": 317,
  "last7dReset": 1748788581689
}