{
  "ethCount": 341.52820000003805,
  "userCount": 15274,
  "lastTick": 1749299302595,
  "refEthCount": 7.261499999999979,
  "refUserCount": 317,
  "last7dReset": 1748788581689
}