{
  "ethCount": 323.7748000000314,
  "userCount": 14489,
  "lastTick": 1749299302595,
  "refEthCount": 7.261499999999979,
  "refUserCount": 317,
  "last7dReset": 1748788581689
}