{
  "ethCount": 564.0145000000582,
  "userCount": 25366,
  "lastTick": 1749299302595,
  "refEthCount": 7.261499999999979,
  "refUserCount": 317,
  "last7dReset": 1748788581689
}