{
  "ethCount": 380.7143000000509,
  "userCount": 17031,
  "lastTick": 1749299302595,
  "refEthCount": 7.261499999999979,
  "refUserCount": 317,
  "last7dReset": 1748788581689
}