{
  "ethCount": 182.38860000000034,
  "userCount": 8206,
  "lastTick": 1749299302595,
  "refEthCount": 7.261499999999979,
  "refUserCount": 317,
  "last7dReset": 1748788581689
}