{
  "ethCount": 256.7308000000052,
  "userCount": 11506,
  "lastTick": 1749299302595,
  "refEthCount": 7.261499999999979,
  "refUserCount": 317,
  "last7dReset": 1748788581689
}