{
  "ethCount": 585.1852000000407,
  "userCount": 26307,
  "lastTick": 1749299302595,
  "refEthCount": 7.261499999999979,
  "refUserCount": 317,
  "last7dReset": 1748788581689
}