{
  "ethCount": 499.70790000008986,
  "userCount": 22442,
  "lastTick": 1749299302595,
  "refEthCount": 7.261499999999979,
  "refUserCount": 317,
  "last7dReset": 1748788581689
}