{
  "ethCount": 76.07259999999913,
  "userCount": 3418,
  "lastTick": 1749299302595,
  "refEthCount": 7.261499999999979,
  "refUserCount": 317,
  "last7dReset": 1748788581689
}