{
  "ethCount": 592.6891000000348,
  "userCount": 26639,
  "lastTick": 1749299302595,
  "refEthCount": 7.261499999999979,
  "refUserCount": 317,
  "last7dReset": 1748788581689
}