{
  "ethCount": 343.9796000000391,
  "userCount": 15376,
  "lastTick": 1749299302595,
  "refEthCount": 7.261499999999979,
  "refUserCount": 317,
  "last7dReset": 1748788581689
}