{
  "ethCount": 288.17940000001744,
  "userCount": 12898,
  "lastTick": 1749299302595,
  "refEthCount": 7.261499999999979,
  "refUserCount": 317,
  "last7dReset": 1748788581689
}