{
  "ethCount": 354.27340000004233,
  "userCount": 15843,
  "lastTick": 1749299302595,
  "refEthCount": 7.261499999999979,
  "refUserCount": 317,
  "last7dReset": 1748788581689
}