{
  "ethCount": 349.0331000000409,
  "userCount": 15600,
  "lastTick": 1749299302595,
  "refEthCount": 7.261499999999979,
  "refUserCount": 317,
  "last7dReset": 1748788581689
}