{
  "ethCount": 352.38590000004166,
  "userCount": 15754,
  "lastTick": 1749299302595,
  "refEthCount": 7.261499999999979,
  "refUserCount": 317,
  "last7dReset": 1748788581689
}