{
  "ethCount": 308.1547000000251,
  "userCount": 13788,
  "lastTick": 1749299302595,
  "refEthCount": 7.261499999999979,
  "refUserCount": 317,
  "last7dReset": 1748788581689
}