{
  "ethCount": 328.68190000003386,
  "userCount": 14696,
  "lastTick": 1749299302595,
  "refEthCount": 7.261499999999979,
  "refUserCount": 317,
  "last7dReset": 1748788581689
}