{
  "ethCount": 240.30310000000392,
  "userCount": 10763,
  "lastTick": 1749299302595,
  "refEthCount": 7.261499999999979,
  "refUserCount": 317,
  "last7dReset": 1748788581689
}