{
  "ethCount": 528.1592000000826,
  "userCount": 23713,
  "lastTick": 1749299302595,
  "refEthCount": 7.261499999999979,
  "refUserCount": 317,
  "last7dReset": 1748788581689
}