{
  "ethCount": 374.91850000004905,
  "userCount": 16775,
  "lastTick": 1749299302595,
  "refEthCount": 7.261499999999979,
  "refUserCount": 317,
  "last7dReset": 1748788581689
}