{
  "ethCount": 326.8238000000329,
  "userCount": 14618,
  "lastTick": 1749299302595,
  "refEthCount": 7.261499999999979,
  "refUserCount": 317,
  "last7dReset": 1748788581689
}