{
  "ethCount": 377.3279000000495,
  "userCount": 16886,
  "lastTick": 1749299302595,
  "refEthCount": 7.261499999999979,
  "refUserCount": 317,
  "last7dReset": 1748788581689
}