{
  "ethCount": 184.55600000000047,
  "userCount": 8303,
  "lastTick": 1749299302595,
  "refEthCount": 7.261499999999979,
  "refUserCount": 317,
  "last7dReset": 1748788581689
}