{
  "ethCount": 314.1490000000275,
  "userCount": 14058,
  "lastTick": 1749299302595,
  "refEthCount": 7.261499999999979,
  "refUserCount": 317,
  "last7dReset": 1748788581689
}