{
  "ethCount": 464.28700000007905,
  "userCount": 20813,
  "lastTick": 1749299302595,
  "refEthCount": 7.261499999999979,
  "refUserCount": 317,
  "last7dReset": 1748788581689
}