{
  "ethCount": 241.60300000000402,
  "userCount": 10824,
  "lastTick": 1749299302595,
  "refEthCount": 7.261499999999979,
  "refUserCount": 317,
  "last7dReset": 1748788581689
}