{
  "ethCount": 459.4716000000773,
  "userCount": 20599,
  "lastTick": 1749299302595,
  "refEthCount": 7.261499999999979,
  "refUserCount": 317,
  "last7dReset": 1748788581689
}