{
  "ethCount": 318.89520000002994,
  "userCount": 14260,
  "lastTick": 1749299302595,
  "refEthCount": 7.261499999999979,
  "refUserCount": 317,
  "last7dReset": 1748788581689
}