{
  "ethCount": 324.50950000003184,
  "userCount": 14516,
  "lastTick": 1749299302595,
  "refEthCount": 7.261499999999979,
  "refUserCount": 317,
  "last7dReset": 1748788581689
}