{
  "ethCount": 329.02890000003396,
  "userCount": 14711,
  "lastTick": 1749299302595,
  "refEthCount": 7.261499999999979,
  "refUserCount": 317,
  "last7dReset": 1748788581689
}