{
  "ethCount": 416.00730000006365,
  "userCount": 18622,
  "lastTick": 1749299302595,
  "refEthCount": 7.261499999999979,
  "refUserCount": 317,
  "last7dReset": 1748788581689
}