{
  "ethCount": 510.5743000000945,
  "userCount": 22912,
  "lastTick": 1749299302595,
  "refEthCount": 7.261499999999979,
  "refUserCount": 317,
  "last7dReset": 1748788581689
}