{
  "ethCount": 290.86340000001843,
  "userCount": 13020,
  "lastTick": 1749299302595,
  "refEthCount": 7.261499999999979,
  "refUserCount": 317,
  "last7dReset": 1748788581689
}