{
  "ethCount": 480.13950000008504,
  "userCount": 21522,
  "lastTick": 1749299302595,
  "refEthCount": 7.261499999999979,
  "refUserCount": 317,
  "last7dReset": 1748788581689
}