{
  "ethCount": 486.7902000000868,
  "userCount": 21834,
  "lastTick": 1749299302595,
  "refEthCount": 7.261499999999979,
  "refUserCount": 317,
  "last7dReset": 1748788581689
}