{
  "ethCount": 159.36299999999912,
  "userCount": 7182,
  "lastTick": 1749299302595,
  "refEthCount": 7.261499999999979,
  "refUserCount": 317,
  "last7dReset": 1748788581689
}