{
  "ethCount": 222.74090000000302,
  "userCount": 9961,
  "lastTick": 1749299302595,
  "refEthCount": 7.261499999999979,
  "refUserCount": 317,
  "last7dReset": 1748788581689
}