{
  "ethCount": 234.13170000000355,
  "userCount": 10482,
  "lastTick": 1749299302595,
  "refEthCount": 7.261499999999979,
  "refUserCount": 317,
  "last7dReset": 1748788581689
}