{
  "ethCount": 534.5082000000772,
  "userCount": 24000,
  "lastTick": 1749299302595,
  "refEthCount": 7.261499999999979,
  "refUserCount": 317,
  "last7dReset": 1748788581689
}