{
  "ethCount": 281.13190000001504,
  "userCount": 12582,
  "lastTick": 1749299302595,
  "refEthCount": 7.261499999999979,
  "refUserCount": 317,
  "last7dReset": 1748788581689
}