{
  "ethCount": 478.98800000008447,
  "userCount": 21473,
  "lastTick": 1749299302595,
  "refEthCount": 7.261499999999979,
  "refUserCount": 317,
  "last7dReset": 1748788581689
}