{
  "ethCount": 267.3923000000094,
  "userCount": 11980,
  "lastTick": 1749299302595,
  "refEthCount": 7.261499999999979,
  "refUserCount": 317,
  "last7dReset": 1748788581689
}