{
  "ethCount": 29.777800000000035,
  "userCount": 1353,
  "lastTick": 1749299302595,
  "refEthCount": 7.261499999999979,
  "refUserCount": 317,
  "last7dReset": 1748788581689
}