{
  "ethCount": 299.0270000000216,
  "userCount": 13385,
  "lastTick": 1749299302595,
  "refEthCount": 7.261499999999979,
  "refUserCount": 317,
  "last7dReset": 1748788581689
}