{
  "ethCount": 405.65040000006076,
  "userCount": 18150,
  "lastTick": 1749299302595,
  "refEthCount": 7.261499999999979,
  "refUserCount": 317,
  "last7dReset": 1748788581689
}