{
  "ethCount": 242.27550000000406,
  "userCount": 10857,
  "lastTick": 1749299302595,
  "refEthCount": 7.261499999999979,
  "refUserCount": 317,
  "last7dReset": 1748788581689
}