{
  "ethCount": 348.06960000004034,
  "userCount": 15559,
  "lastTick": 1749299302595,
  "refEthCount": 7.261499999999979,
  "refUserCount": 317,
  "last7dReset": 1748788581689
}