{
  "ethCount": 521.8747000000872,
  "userCount": 23426,
  "lastTick": 1749299302595,
  "refEthCount": 7.261499999999979,
  "refUserCount": 317,
  "last7dReset": 1748788581689
}