{
  "ethCount": 415.70290000006366,
  "userCount": 18608,
  "lastTick": 1749299302595,
  "refEthCount": 7.261499999999979,
  "refUserCount": 317,
  "last7dReset": 1748788581689
}