{
  "ethCount": 259.45160000000624,
  "userCount": 11628,
  "lastTick": 1749299302595,
  "refEthCount": 7.261499999999979,
  "refUserCount": 317,
  "last7dReset": 1748788581689
}