{
  "ethCount": 397.3095000000575,
  "userCount": 17777,
  "lastTick": 1749299302595,
  "refEthCount": 7.261499999999979,
  "refUserCount": 317,
  "last7dReset": 1748788581689
}