{
  "ethCount": 428.6848000000669,
  "userCount": 19199,
  "lastTick": 1749299302595,
  "refEthCount": 7.261499999999979,
  "refUserCount": 317,
  "last7dReset": 1748788581689
}