{
  "ethCount": 221.95380000000299,
  "userCount": 9928,
  "lastTick": 1749299302595,
  "refEthCount": 7.261499999999979,
  "refUserCount": 317,
  "last7dReset": 1748788581689
}