{
  "ethCount": 287.94380000001735,
  "userCount": 12889,
  "lastTick": 1749299302595,
  "refEthCount": 7.261499999999979,
  "refUserCount": 317,
  "last7dReset": 1748788581689
}