{
  "ethCount": 604.4600000000247,
  "userCount": 27160,
  "lastTick": 1749299302595,
  "refEthCount": 7.261499999999979,
  "refUserCount": 317,
  "last7dReset": 1748788581689
}