{
  "ethCount": 132.0410999999976,
  "userCount": 5937,
  "lastTick": 1749299302595,
  "refEthCount": 7.261499999999979,
  "refUserCount": 317,
  "last7dReset": 1748788581689
}