{
  "ethCount": 218.92830000000282,
  "userCount": 9797,
  "lastTick": 1749299302595,
  "refEthCount": 7.261499999999979,
  "refUserCount": 317,
  "last7dReset": 1748788581689
}