{
  "ethCount": 95.8112999999985,
  "userCount": 4297,
  "lastTick": 1749299302595,
  "refEthCount": 7.261499999999979,
  "refUserCount": 317,
  "last7dReset": 1748788581689
}