{
  "ethCount": 303.92770000002344,
  "userCount": 13599,
  "lastTick": 1749299302595,
  "refEthCount": 7.261499999999979,
  "refUserCount": 317,
  "last7dReset": 1748788581689
}