{
  "ethCount": 224.38160000000306,
  "userCount": 10041,
  "lastTick": 1749299302595,
  "refEthCount": 7.261499999999979,
  "refUserCount": 317,
  "last7dReset": 1748788581689
}