{
  "ethCount": 425.61840000006583,
  "userCount": 19064,
  "lastTick": 1749299302595,
  "refEthCount": 7.261499999999979,
  "refUserCount": 317,
  "last7dReset": 1748788581689
}