{
  "ethCount": 362.6197000000454,
  "userCount": 16208,
  "lastTick": 1749299302595,
  "refEthCount": 7.261499999999979,
  "refUserCount": 317,
  "last7dReset": 1748788581689
}