{
  "ethCount": 206.0662000000019,
  "userCount": 9238,
  "lastTick": 1749299302595,
  "refEthCount": 7.261499999999979,
  "refUserCount": 317,
  "last7dReset": 1748788581689
}