{
  "ethCount": 138.4277999999981,
  "userCount": 6232,
  "lastTick": 1749299302595,
  "refEthCount": 7.261499999999979,
  "refUserCount": 317,
  "last7dReset": 1748788581689
}