{
  "ethCount": 457.58900000007657,
  "userCount": 20512,
  "lastTick": 1749299302595,
  "refEthCount": 7.261499999999979,
  "refUserCount": 317,
  "last7dReset": 1748788581689
}