{
  "ethCount": 523.4380000000858,
  "userCount": 23497,
  "lastTick": 1749299302595,
  "refEthCount": 7.261499999999979,
  "refUserCount": 317,
  "last7dReset": 1748788581689
}