{
  "ethCount": 381.64720000005104,
  "userCount": 17075,
  "lastTick": 1749299302595,
  "refEthCount": 7.261499999999979,
  "refUserCount": 317,
  "last7dReset": 1748788581689
}