{
  "ethCount": 557.4470000000617,
  "userCount": 25061,
  "lastTick": 1749299302595,
  "refEthCount": 7.261499999999979,
  "refUserCount": 317,
  "last7dReset": 1748788581689
}