{
  "ethCount": 276.46980000001327,
  "userCount": 12374,
  "lastTick": 1749299302595,
  "refEthCount": 7.261499999999979,
  "refUserCount": 317,
  "last7dReset": 1748788581689
}