{
  "ethCount": 187.3540000000007,
  "userCount": 8420,
  "lastTick": 1749299302595,
  "refEthCount": 7.261499999999979,
  "refUserCount": 317,
  "last7dReset": 1748788581689
}