{
  "ethCount": 314.79950000002805,
  "userCount": 14084,
  "lastTick": 1749299302595,
  "refEthCount": 7.261499999999979,
  "refUserCount": 317,
  "last7dReset": 1748788581689
}