{
  "ethCount": 512.6860000000946,
  "userCount": 23009,
  "lastTick": 1749299302595,
  "refEthCount": 7.261499999999979,
  "refUserCount": 317,
  "last7dReset": 1748788581689
}