{
  "ethCount": 94.70979999999851,
  "userCount": 4247,
  "lastTick": 1749299302595,
  "refEthCount": 7.261499999999979,
  "refUserCount": 317,
  "last7dReset": 1748788581689
}