{
  "ethCount": 502.91780000009123,
  "userCount": 22580,
  "lastTick": 1749299302595,
  "refEthCount": 7.261499999999979,
  "refUserCount": 317,
  "last7dReset": 1748788581689
}