{
  "ethCount": 476.68520000008397,
  "userCount": 21366,
  "lastTick": 1749299302595,
  "refEthCount": 7.261499999999979,
  "refUserCount": 317,
  "last7dReset": 1748788581689
}