{
  "ethCount": 30.005200000000038,
  "userCount": 1364,
  "lastTick": 1749299302595,
  "refEthCount": 7.261499999999979,
  "refUserCount": 317,
  "last7dReset": 1748788581689
}