{
  "ethCount": 458.7677000000771,
  "userCount": 20565,
  "lastTick": 1749299302595,
  "refEthCount": 7.261499999999979,
  "refUserCount": 317,
  "last7dReset": 1748788581689
}