{
  "ethCount": 203.47480000000178,
  "userCount": 9121,
  "lastTick": 1749299302595,
  "refEthCount": 7.261499999999979,
  "refUserCount": 317,
  "last7dReset": 1748788581689
}