{
  "ethCount": 501.58200000009094,
  "userCount": 22520,
  "lastTick": 1749299302595,
  "refEthCount": 7.261499999999979,
  "refUserCount": 317,
  "last7dReset": 1748788581689
}