{
  "ethCount": 262.33900000000756,
  "userCount": 11753,
  "lastTick": 1749299302595,
  "refEthCount": 7.261499999999979,
  "refUserCount": 317,
  "last7dReset": 1748788581689
}