{
  "ethCount": 76.50179999999911,
  "userCount": 3437,
  "lastTick": 1749299302595,
  "refEthCount": 7.261499999999979,
  "refUserCount": 317,
  "last7dReset": 1748788581689
}