{
  "ethCount": 564.3011000000578,
  "userCount": 25376,
  "lastTick": 1749299302595,
  "refEthCount": 7.261499999999979,
  "refUserCount": 317,
  "last7dReset": 1748788581689
}