{
  "ethCount": 144.3508999999983,
  "userCount": 6496,
  "lastTick": 1749299302595,
  "refEthCount": 7.261499999999979,
  "refUserCount": 317,
  "last7dReset": 1748788581689
}