{
  "ethCount": 325.61480000003206,
  "userCount": 14567,
  "lastTick": 1749299302595,
  "refEthCount": 7.261499999999979,
  "refUserCount": 317,
  "last7dReset": 1748788581689
}