{
  "ethCount": 94.36379999999855,
  "userCount": 4236,
  "lastTick": 1749299302595,
  "refEthCount": 7.261499999999979,
  "refUserCount": 317,
  "last7dReset": 1748788581689
}