{
  "ethCount": 562.4824000000591,
  "userCount": 25296,
  "lastTick": 1749299302595,
  "refEthCount": 7.261499999999979,
  "refUserCount": 317,
  "last7dReset": 1748788581689
}