{
  "ethCount": 586.0968000000398,
  "userCount": 26347,
  "lastTick": 1749299302595,
  "refEthCount": 7.261499999999979,
  "refUserCount": 317,
  "last7dReset": 1748788581689
}