{
  "ethCount": 41.443699999999936,
  "userCount": 1872,
  "lastTick": 1749299302595,
  "refEthCount": 7.261499999999979,
  "refUserCount": 317,
  "last7dReset": 1748788581689
}