{
  "ethCount": 449.14220000007276,
  "userCount": 20136,
  "lastTick": 1749299302595,
  "refEthCount": 7.261499999999979,
  "refUserCount": 317,
  "last7dReset": 1748788581689
}