{
  "ethCount": 590.9933000000361,
  "userCount": 26567,
  "lastTick": 1749299302595,
  "refEthCount": 7.261499999999979,
  "refUserCount": 317,
  "last7dReset": 1748788581689
}