{
  "ethCount": 513.1039000000943,
  "userCount": 23028,
  "lastTick": 1749299302595,
  "refEthCount": 7.261499999999979,
  "refUserCount": 317,
  "last7dReset": 1748788581689
}