{
  "ethCount": 349.8042000000412,
  "userCount": 15635,
  "lastTick": 1749299302595,
  "refEthCount": 7.261499999999979,
  "refUserCount": 317,
  "last7dReset": 1748788581689
}