{
  "ethCount": 181.93630000000033,
  "userCount": 8186,
  "lastTick": 1749299302595,
  "refEthCount": 7.261499999999979,
  "refUserCount": 317,
  "last7dReset": 1748788581689
}