{
  "ethCount": 149.88129999999856,
  "userCount": 6752,
  "lastTick": 1749299302595,
  "refEthCount": 7.261499999999979,
  "refUserCount": 317,
  "last7dReset": 1748788581689
}