{
  "ethCount": 456.00520000007583,
  "userCount": 20440,
  "lastTick": 1749299302595,
  "refEthCount": 7.261499999999979,
  "refUserCount": 317,
  "last7dReset": 1748788581689
}