{
  "ethCount": 56.28879999999964,
  "userCount": 2521,
  "lastTick": 1749299302595,
  "refEthCount": 7.261499999999979,
  "refUserCount": 317,
  "last7dReset": 1748788581689
}