{
  "ethCount": 136.17629999999792,
  "userCount": 6129,
  "lastTick": 1749299302595,
  "refEthCount": 7.261499999999979,
  "refUserCount": 317,
  "last7dReset": 1748788581689
}