{
  "ethCount": 394.97330000005627,
  "userCount": 17670,
  "lastTick": 1749299302595,
  "refEthCount": 7.261499999999979,
  "refUserCount": 317,
  "last7dReset": 1748788581689
}