{
  "ethCount": 402.2855000000594,
  "userCount": 17999,
  "lastTick": 1749299302595,
  "refEthCount": 7.261499999999979,
  "refUserCount": 317,
  "last7dReset": 1748788581689
}