{
  "ethCount": 377.36310000004954,
  "userCount": 16887,
  "lastTick": 1749299302595,
  "refEthCount": 7.261499999999979,
  "refUserCount": 317,
  "last7dReset": 1748788581689
}