{
  "ethCount": 218.4991000000028,
  "userCount": 9776,
  "lastTick": 1749299302595,
  "refEthCount": 7.261499999999979,
  "refUserCount": 317,
  "last7dReset": 1748788581689
}