{
  "ethCount": 74.0628999999992,
  "userCount": 3327,
  "lastTick": 1749299302595,
  "refEthCount": 7.261499999999979,
  "refUserCount": 317,
  "last7dReset": 1748788581689
}