{
  "ethCount": 428.06100000006654,
  "userCount": 19174,
  "lastTick": 1749299302595,
  "refEthCount": 7.261499999999979,
  "refUserCount": 317,
  "last7dReset": 1748788581689
}