{
  "ethCount": 96.29599999999846,
  "userCount": 4318,
  "lastTick": 1749299302595,
  "refEthCount": 7.261499999999979,
  "refUserCount": 317,
  "last7dReset": 1748788581689
}