{
  "ethCount": 272.66410000001173,
  "userCount": 12208,
  "lastTick": 1749299302595,
  "refEthCount": 7.261499999999979,
  "refUserCount": 317,
  "last7dReset": 1748788581689
}