{
  "ethCount": 290.3471000000184,
  "userCount": 12995,
  "lastTick": 1749299302595,
  "refEthCount": 7.261499999999979,
  "refUserCount": 317,
  "last7dReset": 1748788581689
}