{
  "ethCount": 604.9922000000244,
  "userCount": 27186,
  "lastTick": 1749299302595,
  "refEthCount": 7.261499999999979,
  "refUserCount": 317,
  "last7dReset": 1748788581689
}