{
  "ethCount": 418.57980000006455,
  "userCount": 18735,
  "lastTick": 1749299302595,
  "refEthCount": 7.261499999999979,
  "refUserCount": 317,
  "last7dReset": 1748788581689
}