{
  "ethCount": 254.01520000000477,
  "userCount": 11384,
  "lastTick": 1749299302595,
  "refEthCount": 7.261499999999979,
  "refUserCount": 317,
  "last7dReset": 1748788581689
}