{
  "ethCount": 365.03600000004616,
  "userCount": 16320,
  "lastTick": 1749299302595,
  "refEthCount": 7.261499999999979,
  "refUserCount": 317,
  "last7dReset": 1748788581689
}