{
  "ethCount": 502.7886000000911,
  "userCount": 22575,
  "lastTick": 1749299302595,
  "refEthCount": 7.261499999999979,
  "refUserCount": 317,
  "last7dReset": 1748788581689
}