{
  "ethCount": 142.07269999999818,
  "userCount": 6392,
  "lastTick": 1749299302595,
  "refEthCount": 7.261499999999979,
  "refUserCount": 317,
  "last7dReset": 1748788581689
}