{
  "ethCount": 353.05690000004205,
  "userCount": 15786,
  "lastTick": 1749299302595,
  "refEthCount": 7.261499999999979,
  "refUserCount": 317,
  "last7dReset": 1748788581689
}