{
  "ethCount": 321.87850000003084,
  "userCount": 14399,
  "lastTick": 1749299302595,
  "refEthCount": 7.261499999999979,
  "refUserCount": 317,
  "last7dReset": 1748788581689
}