{
  "ethCount": 417.87680000006435,
  "userCount": 18705,
  "lastTick": 1749299302595,
  "refEthCount": 7.261499999999979,
  "refUserCount": 317,
  "last7dReset": 1748788581689
}