{
  "ethCount": 307.4198000000247,
  "userCount": 13758,
  "lastTick": 1749299302595,
  "refEthCount": 7.261499999999979,
  "refUserCount": 317,
  "last7dReset": 1748788581689
}