{
  "ethCount": 334.4486000000361,
  "userCount": 14953,
  "lastTick": 1749299302595,
  "refEthCount": 7.261499999999979,
  "refUserCount": 317,
  "last7dReset": 1748788581689
}