{
  "ethCount": 194.8904000000012,
  "userCount": 8740,
  "lastTick": 1749299302595,
  "refEthCount": 7.261499999999979,
  "refUserCount": 317,
  "last7dReset": 1748788581689
}