{
  "ethCount": 85.96329999999882,
  "userCount": 3856,
  "lastTick": 1749299302595,
  "refEthCount": 7.261499999999979,
  "refUserCount": 317,
  "last7dReset": 1748788581689
}