{
  "ethCount": 270.74140000001074,
  "userCount": 12131,
  "lastTick": 1749299302595,
  "refEthCount": 7.261499999999979,
  "refUserCount": 317,
  "last7dReset": 1748788581689
}