{
  "ethCount": 462.03960000007817,
  "userCount": 20717,
  "lastTick": 1749299302595,
  "refEthCount": 7.261499999999979,
  "refUserCount": 317,
  "last7dReset": 1748788581689
}