{
  "ethCount": 433.3658000000683,
  "userCount": 19407,
  "lastTick": 1749299302595,
  "refEthCount": 7.261499999999979,
  "refUserCount": 317,
  "last7dReset": 1748788581689
}