{
  "ethCount": 132.31659999999763,
  "userCount": 5950,
  "lastTick": 1749299302595,
  "refEthCount": 7.261499999999979,
  "refUserCount": 317,
  "last7dReset": 1748788581689
}