{
  "ethCount": 274.76960000001236,
  "userCount": 12303,
  "lastTick": 1749299302595,
  "refEthCount": 7.261499999999979,
  "refUserCount": 317,
  "last7dReset": 1748788581689
}