{
  "ethCount": 568.4740000000551,
  "userCount": 25562,
  "lastTick": 1749299302595,
  "refEthCount": 7.261499999999979,
  "refUserCount": 317,
  "last7dReset": 1748788581689
}