{
  "ethCount": 48.08589999999978,
  "userCount": 2150,
  "lastTick": 1749299302595,
  "refEthCount": 7.261499999999979,
  "refUserCount": 317,
  "last7dReset": 1748788581689
}