{
  "ethCount": 111.84059999999799,
  "userCount": 5022,
  "lastTick": 1749299302595,
  "refEthCount": 7.261499999999979,
  "refUserCount": 317,
  "last7dReset": 1748788581689
}