{
  "ethCount": 370.37880000004765,
  "userCount": 16568,
  "lastTick": 1749299302595,
  "refEthCount": 7.261499999999979,
  "refUserCount": 317,
  "last7dReset": 1748788581689
}