{
  "ethCount": 563.7043000000584,
  "userCount": 25354,
  "lastTick": 1749299302595,
  "refEthCount": 7.261499999999979,
  "refUserCount": 317,
  "last7dReset": 1748788581689
}