{
  "ethCount": 467.05730000008066,
  "userCount": 20934,
  "lastTick": 1749299302595,
  "refEthCount": 7.261499999999979,
  "refUserCount": 317,
  "last7dReset": 1748788581689
}