{
  "ethCount": 55.62169999999964,
  "userCount": 2493,
  "lastTick": 1749299302595,
  "refEthCount": 7.261499999999979,
  "refUserCount": 317,
  "last7dReset": 1748788581689
}