{
  "ethCount": 159.03389999999908,
  "userCount": 7169,
  "lastTick": 1749299302595,
  "refEthCount": 7.261499999999979,
  "refUserCount": 317,
  "last7dReset": 1748788581689
}