{
  "ethCount": 504.1654000000917,
  "userCount": 22633,
  "lastTick": 1749299302595,
  "refEthCount": 7.261499999999979,
  "refUserCount": 317,
  "last7dReset": 1748788581689
}