{
  "ethCount": 299.41020000002163,
  "userCount": 13404,
  "lastTick": 1749299302595,
  "refEthCount": 7.261499999999979,
  "refUserCount": 317,
  "last7dReset": 1748788581689
}