{
  "ethCount": 143.39759999999822,
  "userCount": 6455,
  "lastTick": 1749299302595,
  "refEthCount": 7.261499999999979,
  "refUserCount": 317,
  "last7dReset": 1748788581689
}