{
  "ethCount": 493.08270000008827,
  "userCount": 22132,
  "lastTick": 1749299302595,
  "refEthCount": 7.261499999999979,
  "refUserCount": 317,
  "last7dReset": 1748788581689
}