{
  "ethCount": 502.44110000009107,
  "userCount": 22558,
  "lastTick": 1749299302595,
  "refEthCount": 7.261499999999979,
  "refUserCount": 317,
  "last7dReset": 1748788581689
}