{
  "ethCount": 353.87290000004236,
  "userCount": 15824,
  "lastTick": 1749299302595,
  "refEthCount": 7.261499999999979,
  "refUserCount": 317,
  "last7dReset": 1748788581689
}