{
  "ethCount": 117.44359999999776,
  "userCount": 5271,
  "lastTick": 1749299302595,
  "refEthCount": 7.261499999999979,
  "refUserCount": 317,
  "last7dReset": 1748788581689
}