{
  "ethCount": 471.39560000008237,
  "userCount": 21127,
  "lastTick": 1749299302595,
  "refEthCount": 7.261499999999979,
  "refUserCount": 317,
  "last7dReset": 1748788581689
}