{
  "ethCount": 318.00170000002964,
  "userCount": 14222,
  "lastTick": 1749299302595,
  "refEthCount": 7.261499999999979,
  "refUserCount": 317,
  "last7dReset": 1748788581689
}