{
  "ethCount": 264.4480000000087,
  "userCount": 11841,
  "lastTick": 1749299302595,
  "refEthCount": 7.261499999999979,
  "refUserCount": 317,
  "last7dReset": 1748788581689
}