{
  "ethCount": 589.4102000000373,
  "userCount": 26496,
  "lastTick": 1749299302595,
  "refEthCount": 7.261499999999979,
  "refUserCount": 317,
  "last7dReset": 1748788581689
}