{
  "ethCount": 128.20129999999745,
  "userCount": 5763,
  "lastTick": 1749299302595,
  "refEthCount": 7.261499999999979,
  "refUserCount": 317,
  "last7dReset": 1748788581689
}