{
  "ethCount": 408.00030000006115,
  "userCount": 18261,
  "lastTick": 1749299302595,
  "refEthCount": 7.261499999999979,
  "refUserCount": 317,
  "last7dReset": 1748788581689
}