{
  "ethCount": 545.1200000000701,
  "userCount": 24494,
  "lastTick": 1749299302595,
  "refEthCount": 7.261499999999979,
  "refUserCount": 317,
  "last7dReset": 1748788581689
}