{
  "ethCount": 457.48960000007656,
  "userCount": 20507,
  "lastTick": 1749299302595,
  "refEthCount": 7.261499999999979,
  "refUserCount": 317,
  "last7dReset": 1748788581689
}