{
  "ethCount": 297.73050000002104,
  "userCount": 13327,
  "lastTick": 1749299302595,
  "refEthCount": 7.261499999999979,
  "refUserCount": 317,
  "last7dReset": 1748788581689
}