{
  "ethCount": 361.89790000004473,
  "userCount": 16185,
  "lastTick": 1749299302595,
  "refEthCount": 7.261499999999979,
  "refUserCount": 317,
  "last7dReset": 1748788581689
}