{
  "ethCount": 206.94470000000197,
  "userCount": 9275,
  "lastTick": 1749299302595,
  "refEthCount": 7.261499999999979,
  "refUserCount": 317,
  "last7dReset": 1748788581689
}