{
  "ethCount": 462.3221000000783,
  "userCount": 20728,
  "lastTick": 1749299302595,
  "refEthCount": 7.261499999999979,
  "refUserCount": 317,
  "last7dReset": 1748788581689
}