{
  "ethCount": 482.68400000008563,
  "userCount": 21640,
  "lastTick": 1749299302595,
  "refEthCount": 7.261499999999979,
  "refUserCount": 317,
  "last7dReset": 1748788581689
}