{
  "ethCount": 59.508899999999585,
  "userCount": 2673,
  "lastTick": 1749299302595,
  "refEthCount": 7.261499999999979,
  "refUserCount": 317,
  "last7dReset": 1748788581689
}