{
  "ethCount": 465.28340000007927,
  "userCount": 20860,
  "lastTick": 1749299302595,
  "refEthCount": 7.261499999999979,
  "refUserCount": 317,
  "last7dReset": 1748788581689
}