{
  "ethCount": 314.26380000002763,
  "userCount": 14063,
  "lastTick": 1749299302595,
  "refEthCount": 7.261499999999979,
  "refUserCount": 317,
  "last7dReset": 1748788581689
}