{
  "ethCount": 393.6087000000559,
  "userCount": 17612,
  "lastTick": 1749299302595,
  "refEthCount": 7.261499999999979,
  "refUserCount": 317,
  "last7dReset": 1748788581689
}