{
  "ethCount": 593.6374000000335,
  "userCount": 26674,
  "lastTick": 1749299302595,
  "refEthCount": 7.261499999999979,
  "refUserCount": 317,
  "last7dReset": 1748788581689
}