{
  "ethCount": 547.6961000000686,
  "userCount": 24612,
  "lastTick": 1749299302595,
  "refEthCount": 7.261499999999979,
  "refUserCount": 317,
  "last7dReset": 1748788581689
}