{
  "ethCount": 259.74200000000667,
  "userCount": 11638,
  "lastTick": 1749299302595,
  "refEthCount": 7.261499999999979,
  "refUserCount": 317,
  "last7dReset": 1748788581689
}