{
  "ethCount": 451.64830000007413,
  "userCount": 20246,
  "lastTick": 1749299302595,
  "refEthCount": 7.261499999999979,
  "refUserCount": 317,
  "last7dReset": 1748788581689
}