{
  "ethCount": 462.5570000000784,
  "userCount": 20739,
  "lastTick": 1749299302595,
  "refEthCount": 7.261499999999979,
  "refUserCount": 317,
  "last7dReset": 1748788581689
}