{
  "ethCount": 360.6415000000443,
  "userCount": 16128,
  "lastTick": 1749299302595,
  "refEthCount": 7.261499999999979,
  "refUserCount": 317,
  "last7dReset": 1748788581689
}