{
  "ethCount": 502.90570000009126,
  "userCount": 22579,
  "lastTick": 1749299302595,
  "refEthCount": 7.261499999999979,
  "refUserCount": 317,
  "last7dReset": 1748788581689
}