{
  "ethCount": 510.41250000009444,
  "userCount": 22906,
  "lastTick": 1749299302595,
  "refEthCount": 7.261499999999979,
  "refUserCount": 317,
  "last7dReset": 1748788581689
}