{
  "ethCount": 206.54800000000193,
  "userCount": 9259,
  "lastTick": 1749299302595,
  "refEthCount": 7.261499999999979,
  "refUserCount": 317,
  "last7dReset": 1748788581689
}