{
  "ethCount": 285.2785000000166,
  "userCount": 12766,
  "lastTick": 1749299302595,
  "refEthCount": 7.261499999999979,
  "refUserCount": 317,
  "last7dReset": 1748788581689
}