{
  "ethCount": 480.7205000000851,
  "userCount": 21551,
  "lastTick": 1749299302595,
  "refEthCount": 7.261499999999979,
  "refUserCount": 317,
  "last7dReset": 1748788581689
}