{
  "ethCount": 30.360600000000037,
  "userCount": 1380,
  "lastTick": 1749299302595,
  "refEthCount": 7.261499999999979,
  "refUserCount": 317,
  "last7dReset": 1748788581689
}