{
  "ethCount": 323.5757000000314,
  "userCount": 14479,
  "lastTick": 1749299302595,
  "refEthCount": 7.261499999999979,
  "refUserCount": 317,
  "last7dReset": 1748788581689
}