{
  "ethCount": 483.8721000000862,
  "userCount": 21695,
  "lastTick": 1749299302595,
  "refEthCount": 7.261499999999979,
  "refUserCount": 317,
  "last7dReset": 1748788581689
}