{
  "ethCount": 318.0138000000296,
  "userCount": 14223,
  "lastTick": 1749299302595,
  "refEthCount": 7.261499999999979,
  "refUserCount": 317,
  "last7dReset": 1748788581689
}