{
  "ethCount": 347.3384000000402,
  "userCount": 15524,
  "lastTick": 1749299302595,
  "refEthCount": 7.261499999999979,
  "refUserCount": 317,
  "last7dReset": 1748788581689
}