{
  "ethCount": 413.42670000006285,
  "userCount": 18508,
  "lastTick": 1749299302595,
  "refEthCount": 7.261499999999979,
  "refUserCount": 317,
  "last7dReset": 1748788581689
}