{
  "ethCount": 281.7564000000152,
  "userCount": 12610,
  "lastTick": 1749299302595,
  "refEthCount": 7.261499999999979,
  "refUserCount": 317,
  "last7dReset": 1748788581689
}