{
  "ethCount": 276.3191000000132,
  "userCount": 12368,
  "lastTick": 1749299302595,
  "refEthCount": 7.261499999999979,
  "refUserCount": 317,
  "last7dReset": 1748788581689
}