{
  "ethCount": 513.4010000000941,
  "userCount": 23043,
  "lastTick": 1749299302595,
  "refEthCount": 7.261499999999979,
  "refUserCount": 317,
  "last7dReset": 1748788581689
}