{
  "ethCount": 339.4914000000376,
  "userCount": 15179,
  "lastTick": 1749299302595,
  "refEthCount": 7.261499999999979,
  "refUserCount": 317,
  "last7dReset": 1748788581689
}