{
  "ethCount": 106.45059999999813,
  "userCount": 4779,
  "lastTick": 1749299302595,
  "refEthCount": 7.261499999999979,
  "refUserCount": 317,
  "last7dReset": 1748788581689
}