{
  "ethCount": 407.0651000000609,
  "userCount": 18218,
  "lastTick": 1749299302595,
  "refEthCount": 7.261499999999979,
  "refUserCount": 317,
  "last7dReset": 1748788581689
}