{
  "ethCount": 490.50790000008743,
  "userCount": 22013,
  "lastTick": 1749299302595,
  "refEthCount": 7.261499999999979,
  "refUserCount": 317,
  "last7dReset": 1748788581689
}