{
  "ethCount": 334.61540000003606,
  "userCount": 14961,
  "lastTick": 1749299302595,
  "refEthCount": 7.261499999999979,
  "refUserCount": 317,
  "last7dReset": 1748788581689
}