{
  "ethCount": 66.66659999999943,
  "userCount": 2988,
  "lastTick": 1749299302595,
  "refEthCount": 7.261499999999979,
  "refUserCount": 317,
  "last7dReset": 1748788581689
}