{
  "ethCount": 276.06700000001297,
  "userCount": 12358,
  "lastTick": 1749299302595,
  "refEthCount": 7.261499999999979,
  "refUserCount": 317,
  "last7dReset": 1748788581689
}