{
  "ethCount": 315.01860000002836,
  "userCount": 14094,
  "lastTick": 1749299302595,
  "refEthCount": 7.261499999999979,
  "refUserCount": 317,
  "last7dReset": 1748788581689
}