{
  "ethCount": 56.22039999999964,
  "userCount": 2520,
  "lastTick": 1749299302595,
  "refEthCount": 7.261499999999979,
  "refUserCount": 317,
  "last7dReset": 1748788581689
}