{
  "ethCount": 48.49519999999976,
  "userCount": 2168,
  "lastTick": 1749299302595,
  "refEthCount": 7.261499999999979,
  "refUserCount": 317,
  "last7dReset": 1748788581689
}