{
  "ethCount": 599.6967000000287,
  "userCount": 26945,
  "lastTick": 1749299302595,
  "refEthCount": 7.261499999999979,
  "refUserCount": 317,
  "last7dReset": 1748788581689
}