{
  "ethCount": 164.84399999999943,
  "userCount": 7428,
  "lastTick": 1749299302595,
  "refEthCount": 7.261499999999979,
  "refUserCount": 317,
  "last7dReset": 1748788581689
}