{
  "ethCount": 287.05550000001693,
  "userCount": 12850,
  "lastTick": 1749299302595,
  "refEthCount": 7.261499999999979,
  "refUserCount": 317,
  "last7dReset": 1748788581689
}