{
  "ethCount": 510.1828000000943,
  "userCount": 22898,
  "lastTick": 1749299302595,
  "refEthCount": 7.261499999999979,
  "refUserCount": 317,
  "last7dReset": 1748788581689
}