{
  "ethCount": 551.0134000000667,
  "userCount": 24768,
  "lastTick": 1749299302595,
  "refEthCount": 7.261499999999979,
  "refUserCount": 317,
  "last7dReset": 1748788581689
}