{
  "ethCount": 105.15999999999816,
  "userCount": 4719,
  "lastTick": 1749299302595,
  "refEthCount": 7.261499999999979,
  "refUserCount": 317,
  "last7dReset": 1748788581689
}