{
  "ethCount": 24.359300000000015,
  "userCount": 1116,
  "lastTick": 1749299302595,
  "refEthCount": 7.261499999999979,
  "refUserCount": 317,
  "last7dReset": 1748788581689
}