{
  "ethCount": 372.7527000000485,
  "userCount": 16676,
  "lastTick": 1749299302595,
  "refEthCount": 7.261499999999979,
  "refUserCount": 317,
  "last7dReset": 1748788581689
}