{
  "ethCount": 584.2971000000416,
  "userCount": 26268,
  "lastTick": 1749299302595,
  "refEthCount": 7.261499999999979,
  "refUserCount": 317,
  "last7dReset": 1748788581689
}