{
  "ethCount": 348.8918000000408,
  "userCount": 15594,
  "lastTick": 1749299302595,
  "refEthCount": 7.261499999999979,
  "refUserCount": 317,
  "last7dReset": 1748788581689
}