{
  "ethCount": 332.7322000000352,
  "userCount": 14878,
  "lastTick": 1749299302595,
  "refEthCount": 7.261499999999979,
  "refUserCount": 317,
  "last7dReset": 1748788581689
}