{
  "ethCount": 341.27420000003787,
  "userCount": 15266,
  "lastTick": 1749299302595,
  "refEthCount": 7.261499999999979,
  "refUserCount": 317,
  "last7dReset": 1748788581689
}