{
  "ethCount": 204.25980000000183,
  "userCount": 9157,
  "lastTick": 1749299302595,
  "refEthCount": 7.261499999999979,
  "refUserCount": 317,
  "last7dReset": 1748788581689
}