{
  "ethCount": 379.54040000005045,
  "userCount": 16986,
  "lastTick": 1749299302595,
  "refEthCount": 7.261499999999979,
  "refUserCount": 317,
  "last7dReset": 1748788581689
}