{
  "ethCount": 448.67210000007265,
  "userCount": 20114,
  "lastTick": 1749299302595,
  "refEthCount": 7.261499999999979,
  "refUserCount": 317,
  "last7dReset": 1748788581689
}