{
  "ethCount": 545.0363000000702,
  "userCount": 24491,
  "lastTick": 1749299302595,
  "refEthCount": 7.261499999999979,
  "refUserCount": 317,
  "last7dReset": 1748788581689
}