{
  "ethCount": 191.87120000000104,
  "userCount": 8612,
  "lastTick": 1749299302595,
  "refEthCount": 7.261499999999979,
  "refUserCount": 317,
  "last7dReset": 1748788581689
}