{
  "ethCount": 340.8451000000377,
  "userCount": 15245,
  "lastTick": 1749299302595,
  "refEthCount": 7.261499999999979,
  "refUserCount": 317,
  "last7dReset": 1748788581689
}