{
  "ethCount": 505.4083000000922,
  "userCount": 22686,
  "lastTick": 1749299302595,
  "refEthCount": 7.261499999999979,
  "refUserCount": 317,
  "last7dReset": 1748788581689
}