{
  "ethCount": 150.93099999999862,
  "userCount": 6801,
  "lastTick": 1749299302595,
  "refEthCount": 7.261499999999979,
  "refUserCount": 317,
  "last7dReset": 1748788581689
}