{
  "ethCount": 191.83200000000105,
  "userCount": 8610,
  "lastTick": 1749299302595,
  "refEthCount": 7.261499999999979,
  "refUserCount": 317,
  "last7dReset": 1748788581689
}