{
  "ethCount": 450.56040000007346,
  "userCount": 20198,
  "lastTick": 1749299302595,
  "refEthCount": 7.261499999999979,
  "refUserCount": 317,
  "last7dReset": 1748788581689
}