{
  "ethCount": 32.787400000000034,
  "userCount": 1488,
  "lastTick": 1749299302595,
  "refEthCount": 7.261499999999979,
  "refUserCount": 317,
  "last7dReset": 1748788581689
}