{
  "ethCount": 81.0625999999989,
  "userCount": 3635,
  "lastTick": 1749299302595,
  "refEthCount": 7.261499999999979,
  "refUserCount": 317,
  "last7dReset": 1748788581689
}