{
  "ethCount": 312.68700000002707,
  "userCount": 13991,
  "lastTick": 1749299302595,
  "refEthCount": 7.261499999999979,
  "refUserCount": 317,
  "last7dReset": 1748788581689
}