{
  "ethCount": 383.70230000005216,
  "userCount": 17165,
  "lastTick": 1749299302595,
  "refEthCount": 7.261499999999979,
  "refUserCount": 317,
  "last7dReset": 1748788581689
}