{
  "ethCount": 416.15400000006366,
  "userCount": 18629,
  "lastTick": 1749299302595,
  "refEthCount": 7.261499999999979,
  "refUserCount": 317,
  "last7dReset": 1748788581689
}