{
  "ethCount": 310.5976000000263,
  "userCount": 13892,
  "lastTick": 1749299302595,
  "refEthCount": 7.261499999999979,
  "refUserCount": 317,
  "last7dReset": 1748788581689
}