{
  "ethCount": 41.14649999999995,
  "userCount": 1859,
  "lastTick": 1749299302595,
  "refEthCount": 7.261499999999979,
  "refUserCount": 317,
  "last7dReset": 1748788581689
}