{
  "ethCount": 282.6648000000154,
  "userCount": 12654,
  "lastTick": 1749299302595,
  "refEthCount": 7.261499999999979,
  "refUserCount": 317,
  "last7dReset": 1748788581689
}