{
  "ethCount": 148.08359999999848,
  "userCount": 6666,
  "lastTick": 1749299302595,
  "refEthCount": 7.261499999999979,
  "refUserCount": 317,
  "last7dReset": 1748788581689
}