{
  "ethCount": 521.3325000000875,
  "userCount": 23401,
  "lastTick": 1749299302595,
  "refEthCount": 7.261499999999979,
  "refUserCount": 317,
  "last7dReset": 1748788581689
}