{
  "ethCount": 151.47429999999864,
  "userCount": 6826,
  "lastTick": 1749299302595,
  "refEthCount": 7.261499999999979,
  "refUserCount": 317,
  "last7dReset": 1748788581689
}