{
  "ethCount": 565.9974000000567,
  "userCount": 25454,
  "lastTick": 1749299302595,
  "refEthCount": 7.261499999999979,
  "refUserCount": 317,
  "last7dReset": 1748788581689
}