{
  "ethCount": 210.69600000000227,
  "userCount": 9441,
  "lastTick": 1749299302595,
  "refEthCount": 7.261499999999979,
  "refUserCount": 317,
  "last7dReset": 1748788581689
}