{
  "ethCount": 201.0272000000016,
  "userCount": 9011,
  "lastTick": 1749299302595,
  "refEthCount": 7.261499999999979,
  "refUserCount": 317,
  "last7dReset": 1748788581689
}