{
  "ethCount": 346.72760000003996,
  "userCount": 15497,
  "lastTick": 1749299302595,
  "refEthCount": 7.261499999999979,
  "refUserCount": 317,
  "last7dReset": 1748788581689
}