{
  "ethCount": 321.3519000000305,
  "userCount": 14375,
  "lastTick": 1749299302595,
  "refEthCount": 7.261499999999979,
  "refUserCount": 317,
  "last7dReset": 1748788581689
}