{
  "ethCount": 338.4045000000366,
  "userCount": 15140,
  "lastTick": 1749299302595,
  "refEthCount": 7.261499999999979,
  "refUserCount": 317,
  "last7dReset": 1748788581689
}