{
  "ethCount": 80.71579999999891,
  "userCount": 3621,
  "lastTick": 1749299302595,
  "refEthCount": 7.261499999999979,
  "refUserCount": 317,
  "last7dReset": 1748788581689
}