{
  "ethCount": 338.48480000003667,
  "userCount": 15142,
  "lastTick": 1749299302595,
  "refEthCount": 7.261499999999979,
  "refUserCount": 317,
  "last7dReset": 1748788581689
}