{
  "ethCount": 298.1568000000213,
  "userCount": 13347,
  "lastTick": 1749299302595,
  "refEthCount": 7.261499999999979,
  "refUserCount": 317,
  "last7dReset": 1748788581689
}