{
  "ethCount": 487.20420000008676,
  "userCount": 21855,
  "lastTick": 1749299302595,
  "refEthCount": 7.261499999999979,
  "refUserCount": 317,
  "last7dReset": 1748788581689
}