{
  "ethCount": 330.60680000003447,
  "userCount": 14783,
  "lastTick": 1749299302595,
  "refEthCount": 7.261499999999979,
  "refUserCount": 317,
  "last7dReset": 1748788581689
}