{
  "ethCount": 365.28000000004624,
  "userCount": 16332,
  "lastTick": 1749299302595,
  "refEthCount": 7.261499999999979,
  "refUserCount": 317,
  "last7dReset": 1748788581689
}