{
  "ethCount": 145.86329999999842,
  "userCount": 6556,
  "lastTick": 1749299302595,
  "refEthCount": 7.261499999999979,
  "refUserCount": 317,
  "last7dReset": 1748788581689
}