{
  "ethCount": 561.5543000000595,
  "userCount": 25252,
  "lastTick": 1749299302595,
  "refEthCount": 7.261499999999979,
  "refUserCount": 317,
  "last7dReset": 1748788581689
}