{
  "ethCount": 405.08030000006056,
  "userCount": 18126,
  "lastTick": 1749299302595,
  "refEthCount": 7.261499999999979,
  "refUserCount": 317,
  "last7dReset": 1748788581689
}