{
  "ethCount": 91.97069999999863,
  "userCount": 4130,
  "lastTick": 1749299302595,
  "refEthCount": 7.261499999999979,
  "refUserCount": 317,
  "last7dReset": 1748788581689
}