{
  "ethCount": 253.83780000000473,
  "userCount": 11378,
  "lastTick": 1749299302595,
  "refEthCount": 7.261499999999979,
  "refUserCount": 317,
  "last7dReset": 1748788581689
}