{
  "ethCount": 382.3014000000513,
  "userCount": 17105,
  "lastTick": 1749299302595,
  "refEthCount": 7.261499999999979,
  "refUserCount": 317,
  "last7dReset": 1748788581689
}