{
  "ethCount": 387.96870000005407,
  "userCount": 17354,
  "lastTick": 1749299302595,
  "refEthCount": 7.261499999999979,
  "refUserCount": 317,
  "last7dReset": 1748788581689
}