{
  "ethCount": 395.12210000005643,
  "userCount": 17676,
  "lastTick": 1749299302595,
  "refEthCount": 7.261499999999979,
  "refUserCount": 317,
  "last7dReset": 1748788581689
}