{
  "ethCount": 190.87230000000102,
  "userCount": 8567,
  "lastTick": 1749299302595,
  "refEthCount": 7.261499999999979,
  "refUserCount": 317,
  "last7dReset": 1748788581689
}