{
  "ethCount": 66.95859999999944,
  "userCount": 3000,
  "lastTick": 1749299302595,
  "refEthCount": 7.261499999999979,
  "refUserCount": 317,
  "last7dReset": 1748788581689
}