{
  "ethCount": 162.37979999999925,
  "userCount": 7317,
  "lastTick": 1749299302595,
  "refEthCount": 7.261499999999979,
  "refUserCount": 317,
  "last7dReset": 1748788581689
}