{
  "ethCount": 288.46290000001756,
  "userCount": 12911,
  "lastTick": 1749299302595,
  "refEthCount": 7.261499999999979,
  "refUserCount": 317,
  "last7dReset": 1748788581689
}