{
  "ethCount": 530.5858000000803,
  "userCount": 23820,
  "lastTick": 1749299302595,
  "refEthCount": 7.261499999999979,
  "refUserCount": 317,
  "last7dReset": 1748788581689
}