{
  "ethCount": 296.38850000002043,
  "userCount": 13269,
  "lastTick": 1749299302595,
  "refEthCount": 7.261499999999979,
  "refUserCount": 317,
  "last7dReset": 1748788581689
}