{
  "ethCount": 430.65250000006733,
  "userCount": 19289,
  "lastTick": 1749299302595,
  "refEthCount": 7.261499999999979,
  "refUserCount": 317,
  "last7dReset": 1748788581689
}