{
  "ethCount": 235.38250000000357,
  "userCount": 10541,
  "lastTick": 1749299302595,
  "refEthCount": 7.261499999999979,
  "refUserCount": 317,
  "last7dReset": 1748788581689
}