{
  "ethCount": 453.5621000000746,
  "userCount": 20332,
  "lastTick": 1749299302595,
  "refEthCount": 7.261499999999979,
  "refUserCount": 317,
  "last7dReset": 1748788581689
}