{
  "ethCount": 237.6238000000038,
  "userCount": 10639,
  "lastTick": 1749299302595,
  "refEthCount": 7.261499999999979,
  "refUserCount": 317,
  "last7dReset": 1748788581689
}