{
  "ethCount": 507.61980000009305,
  "userCount": 22784,
  "lastTick": 1749299302595,
  "refEthCount": 7.261499999999979,
  "refUserCount": 317,
  "last7dReset": 1748788581689
}