{
  "ethCount": 512.4563000000949,
  "userCount": 22999,
  "lastTick": 1749299302595,
  "refEthCount": 7.261499999999979,
  "refUserCount": 317,
  "last7dReset": 1748788581689
}