{
  "ethCount": 497.49520000008886,
  "userCount": 22342,
  "lastTick": 1749299302595,
  "refEthCount": 7.261499999999979,
  "refUserCount": 317,
  "last7dReset": 1748788581689
}