{
  "ethCount": 305.36440000002375,
  "userCount": 13667,
  "lastTick": 1749299302595,
  "refEthCount": 7.261499999999979,
  "refUserCount": 317,
  "last7dReset": 1748788581689
}