{
  "ethCount": 445.24980000007145,
  "userCount": 19957,
  "lastTick": 1749299302595,
  "refEthCount": 7.261499999999979,
  "refUserCount": 317,
  "last7dReset": 1748788581689
}