{
  "ethCount": 201.39940000000163,
  "userCount": 9029,
  "lastTick": 1749299302595,
  "refEthCount": 7.261499999999979,
  "refUserCount": 317,
  "last7dReset": 1748788581689
}