{
  "ethCount": 289.48890000001796,
  "userCount": 12956,
  "lastTick": 1749299302595,
  "refEthCount": 7.261499999999979,
  "refUserCount": 317,
  "last7dReset": 1748788581689
}