{
  "ethCount": 343.3569000000388,
  "userCount": 15348,
  "lastTick": 1749299302595,
  "refEthCount": 7.261499999999979,
  "refUserCount": 317,
  "last7dReset": 1748788581689
}