{
  "ethCount": 134.3171999999978,
  "userCount": 6041,
  "lastTick": 1749299302595,
  "refEthCount": 7.261499999999979,
  "refUserCount": 317,
  "last7dReset": 1748788581689
}