{
  "ethCount": 284.75500000001637,
  "userCount": 12744,
  "lastTick": 1749299302595,
  "refEthCount": 7.261499999999979,
  "refUserCount": 317,
  "last7dReset": 1748788581689
}