{
  "ethCount": 336.9721000000362,
  "userCount": 15073,
  "lastTick": 1749299302595,
  "refEthCount": 7.261499999999979,
  "refUserCount": 317,
  "last7dReset": 1748788581689
}