{
  "ethCount": 327.64600000003344,
  "userCount": 14649,
  "lastTick": 1749299302595,
  "refEthCount": 7.261499999999979,
  "refUserCount": 317,
  "last7dReset": 1748788581689
}