{
  "ethCount": 186.88200000000063,
  "userCount": 8400,
  "lastTick": 1749299302595,
  "refEthCount": 7.261499999999979,
  "refUserCount": 317,
  "last7dReset": 1748788581689
}