{
  "ethCount": 352.77940000004196,
  "userCount": 15772,
  "lastTick": 1749299302595,
  "refEthCount": 7.261499999999979,
  "refUserCount": 317,
  "last7dReset": 1748788581689
}