{
  "ethCount": 340.59180000003767,
  "userCount": 15233,
  "lastTick": 1749299302595,
  "refEthCount": 7.261499999999979,
  "refUserCount": 317,
  "last7dReset": 1748788581689
}