{
  "ethCount": 225.1696000000031,
  "userCount": 10075,
  "lastTick": 1749299302595,
  "refEthCount": 7.261499999999979,
  "refUserCount": 317,
  "last7dReset": 1748788581689
}