{
  "ethCount": 121.18599999999759,
  "userCount": 5437,
  "lastTick": 1749299302595,
  "refEthCount": 7.261499999999979,
  "refUserCount": 317,
  "last7dReset": 1748788581689
}