{
  "ethCount": 434.0357000000686,
  "userCount": 19438,
  "lastTick": 1749299302595,
  "refEthCount": 7.261499999999979,
  "refUserCount": 317,
  "last7dReset": 1748788581689
}