{
  "ethCount": 510.8086000000947,
  "userCount": 22923,
  "lastTick": 1749299302595,
  "refEthCount": 7.261499999999979,
  "refUserCount": 317,
  "last7dReset": 1748788581689
}