{
  "ethCount": 159.86349999999914,
  "userCount": 7202,
  "lastTick": 1749299302595,
  "refEthCount": 7.261499999999979,
  "refUserCount": 317,
  "last7dReset": 1748788581689
}