{
  "ethCount": 363.4003000000457,
  "userCount": 16244,
  "lastTick": 1749299302595,
  "refEthCount": 7.261499999999979,
  "refUserCount": 317,
  "last7dReset": 1748788581689
}