{
  "ethCount": 257.68660000000574,
  "userCount": 11550,
  "lastTick": 1749299302595,
  "refEthCount": 7.261499999999979,
  "refUserCount": 317,
  "last7dReset": 1748788581689
}