{
  "ethCount": 147.8584999999985,
  "userCount": 6655,
  "lastTick": 1749299302595,
  "refEthCount": 7.261499999999979,
  "refUserCount": 317,
  "last7dReset": 1748788581689
}