{
  "ethCount": 317.7934000000296,
  "userCount": 14213,
  "lastTick": 1749299302595,
  "refEthCount": 7.261499999999979,
  "refUserCount": 317,
  "last7dReset": 1748788581689
}