{
  "ethCount": 216.97140000000275,
  "userCount": 9711,
  "lastTick": 1749299302595,
  "refEthCount": 7.261499999999979,
  "refUserCount": 317,
  "last7dReset": 1748788581689
}