{
  "ethCount": 278.2841000000141,
  "userCount": 12455,
  "lastTick": 1749299302595,
  "refEthCount": 7.261499999999979,
  "refUserCount": 317,
  "last7dReset": 1748788581689
}