{
  "ethCount": 437.8637000000695,
  "userCount": 19613,
  "lastTick": 1749299302595,
  "refEthCount": 7.261499999999979,
  "refUserCount": 317,
  "last7dReset": 1748788581689
}