{
  "ethCount": 344.51310000003946,
  "userCount": 15399,
  "lastTick": 1749299302595,
  "refEthCount": 7.261499999999979,
  "refUserCount": 317,
  "last7dReset": 1748788581689
}