{
  "ethCount": 560.3538000000606,
  "userCount": 25200,
  "lastTick": 1749299302595,
  "refEthCount": 7.261499999999979,
  "refUserCount": 317,
  "last7dReset": 1748788581689
}