{
  "ethCount": 197.7981000000014,
  "userCount": 8877,
  "lastTick": 1749299302595,
  "refEthCount": 7.261499999999979,
  "refUserCount": 317,
  "last7dReset": 1748788581689
}