{
  "ethCount": 257.9946000000059,
  "userCount": 11561,
  "lastTick": 1749299302595,
  "refEthCount": 7.261499999999979,
  "refUserCount": 317,
  "last7dReset": 1748788581689
}