{
  "ethCount": 97.14979999999842,
  "userCount": 4355,
  "lastTick": 1749299302595,
  "refEthCount": 7.261499999999979,
  "refUserCount": 317,
  "last7dReset": 1748788581689
}