{
  "ethCount": 293.7381000000192,
  "userCount": 13147,
  "lastTick": 1749299302595,
  "refEthCount": 7.261499999999979,
  "refUserCount": 317,
  "last7dReset": 1748788581689
}