{
  "ethCount": 290.89980000001844,
  "userCount": 13021,
  "lastTick": 1749299302595,
  "refEthCount": 7.261499999999979,
  "refUserCount": 317,
  "last7dReset": 1748788581689
}