{
  "ethCount": 381.05570000005093,
  "userCount": 17047,
  "lastTick": 1749299302595,
  "refEthCount": 7.261499999999979,
  "refUserCount": 317,
  "last7dReset": 1748788581689
}