{
  "ethCount": 347.50470000004026,
  "userCount": 15532,
  "lastTick": 1749299302595,
  "refEthCount": 7.261499999999979,
  "refUserCount": 317,
  "last7dReset": 1748788581689
}