{
  "ethCount": 141.42729999999816,
  "userCount": 6369,
  "lastTick": 1749299302595,
  "refEthCount": 7.261499999999979,
  "refUserCount": 317,
  "last7dReset": 1748788581689
}