{
  "ethCount": 302.4148000000231,
  "userCount": 13532,
  "lastTick": 1749299302595,
  "refEthCount": 7.261499999999979,
  "refUserCount": 317,
  "last7dReset": 1748788581689
}