{
  "ethCount": 201.65680000000165,
  "userCount": 9040,
  "lastTick": 1749299302595,
  "refEthCount": 7.261499999999979,
  "refUserCount": 317,
  "last7dReset": 1748788581689
}