{
  "ethCount": 495.8179000000886,
  "userCount": 22264,
  "lastTick": 1749299302595,
  "refEthCount": 7.261499999999979,
  "refUserCount": 317,
  "last7dReset": 1748788581689
}