{
  "ethCount": 294.9471000000198,
  "userCount": 13203,
  "lastTick": 1749299302595,
  "refEthCount": 7.261499999999979,
  "refUserCount": 317,
  "last7dReset": 1748788581689
}