{
  "ethCount": 460.1627000000776,
  "userCount": 20631,
  "lastTick": 1749299302595,
  "refEthCount": 7.261499999999979,
  "refUserCount": 317,
  "last7dReset": 1748788581689
}