{
  "ethCount": 386.52110000005325,
  "userCount": 17287,
  "lastTick": 1749299302595,
  "refEthCount": 7.261499999999979,
  "refUserCount": 317,
  "last7dReset": 1748788581689
}