{
  "ethCount": 280.51900000001484,
  "userCount": 12556,
  "lastTick": 1749299302595,
  "refEthCount": 7.261499999999979,
  "refUserCount": 317,
  "last7dReset": 1748788581689
}