{
  "ethCount": 106.14049999999816,
  "userCount": 4765,
  "lastTick": 1749299302595,
  "refEthCount": 7.261499999999979,
  "refUserCount": 317,
  "last7dReset": 1748788581689
}