{
  "ethCount": 363.20350000004555,
  "userCount": 16236,
  "lastTick": 1749299302595,
  "refEthCount": 7.261499999999979,
  "refUserCount": 317,
  "last7dReset": 1748788581689
}