{
  "ethCount": 57.304199999999625,
  "userCount": 2570,
  "lastTick": 1749299302595,
  "refEthCount": 7.261499999999979,
  "refUserCount": 317,
  "last7dReset": 1748788581689
}