{
  "ethCount": 283.6030000000159,
  "userCount": 12691,
  "lastTick": 1749299302595,
  "refEthCount": 7.261499999999979,
  "refUserCount": 317,
  "last7dReset": 1748788581689
}