{
  "ethCount": 430.4910000000673,
  "userCount": 19282,
  "lastTick": 1749299302595,
  "refEthCount": 7.261499999999979,
  "refUserCount": 317,
  "last7dReset": 1748788581689
}