{
  "ethCount": 545.6542000000697,
  "userCount": 24518,
  "lastTick": 1749299302595,
  "refEthCount": 7.261499999999979,
  "refUserCount": 317,
  "last7dReset": 1748788581689
}