{
  "ethCount": 367.9240000000472,
  "userCount": 16453,
  "lastTick": 1749299302595,
  "refEthCount": 7.261499999999979,
  "refUserCount": 317,
  "last7dReset": 1748788581689
}