{
  "ethCount": 270.9095000000108,
  "userCount": 12137,
  "lastTick": 1749299302595,
  "refEthCount": 7.261499999999979,
  "refUserCount": 317,
  "last7dReset": 1748788581689
}