{
  "ethCount": 283.26310000001575,
  "userCount": 12677,
  "lastTick": 1749299302595,
  "refEthCount": 7.261499999999979,
  "refUserCount": 317,
  "last7dReset": 1748788581689
}