{
  "ethCount": 389.6651000000549,
  "userCount": 17431,
  "lastTick": 1749299302595,
  "refEthCount": 7.261499999999979,
  "refUserCount": 317,
  "last7dReset": 1748788581689
}