{
  "ethCount": 580.4307000000449,
  "userCount": 26097,
  "lastTick": 1749299302595,
  "refEthCount": 7.261499999999979,
  "refUserCount": 317,
  "last7dReset": 1748788581689
}