{
  "ethCount": 345.65430000003965,
  "userCount": 15451,
  "lastTick": 1749299302595,
  "refEthCount": 7.261499999999979,
  "refUserCount": 317,
  "last7dReset": 1748788581689
}