{
  "ethCount": 316.08200000002887,
  "userCount": 14138,
  "lastTick": 1749299302595,
  "refEthCount": 7.261499999999979,
  "refUserCount": 317,
  "last7dReset": 1748788581689
}