{
  "ethCount": 334.09230000003595,
  "userCount": 14939,
  "lastTick": 1749299302595,
  "refEthCount": 7.261499999999979,
  "refUserCount": 317,
  "last7dReset": 1748788581689
}