{
  "ethCount": 464.23970000007904,
  "userCount": 20811,
  "lastTick": 1749299302595,
  "refEthCount": 7.261499999999979,
  "refUserCount": 317,
  "last7dReset": 1748788581689
}