{
  "ethCount": 592.7364000000348,
  "userCount": 26641,
  "lastTick": 1749299302595,
  "refEthCount": 7.261499999999979,
  "refUserCount": 317,
  "last7dReset": 1748788581689
}