{
  "ethCount": 63.679199999999554,
  "userCount": 2863,
  "lastTick": 1749299302595,
  "refEthCount": 7.261499999999979,
  "refUserCount": 317,
  "last7dReset": 1748788581689
}