{
  "ethCount": 491.0727000000876,
  "userCount": 22040,
  "lastTick": 1749299302595,
  "refEthCount": 7.261499999999979,
  "refUserCount": 317,
  "last7dReset": 1748788581689
}