{
  "ethCount": 501.39260000009085,
  "userCount": 22512,
  "lastTick": 1749299302595,
  "refEthCount": 7.261499999999979,
  "refUserCount": 317,
  "last7dReset": 1748788581689
}