{
  "ethCount": 381.24090000005094,
  "userCount": 17056,
  "lastTick": 1749299302595,
  "refEthCount": 7.261499999999979,
  "refUserCount": 317,
  "last7dReset": 1748788581689
}