{
  "ethCount": 529.5908000000811,
  "userCount": 23776,
  "lastTick": 1749299302595,
  "refEthCount": 7.261499999999979,
  "refUserCount": 317,
  "last7dReset": 1748788581689
}