{
  "ethCount": 468.20850000008113,
  "userCount": 20984,
  "lastTick": 1749299302595,
  "refEthCount": 7.261499999999979,
  "refUserCount": 317,
  "last7dReset": 1748788581689
}