{
  "ethCount": 382.62870000005154,
  "userCount": 17118,
  "lastTick": 1749299302595,
  "refEthCount": 7.261499999999979,
  "refUserCount": 317,
  "last7dReset": 1748788581689
}