{
  "ethCount": 345.21450000003955,
  "userCount": 15430,
  "lastTick": 1749299302595,
  "refEthCount": 7.261499999999979,
  "refUserCount": 317,
  "last7dReset": 1748788581689
}