{
  "ethCount": 332.75180000003525,
  "userCount": 14879,
  "lastTick": 1749299302595,
  "refEthCount": 7.261499999999979,
  "refUserCount": 317,
  "last7dReset": 1748788581689
}