{
  "ethCount": 395.65030000005686,
  "userCount": 17698,
  "lastTick": 1749299302595,
  "refEthCount": 7.261499999999979,
  "refUserCount": 317,
  "last7dReset": 1748788581689
}