{
  "ethCount": 163.33939999999927,
  "userCount": 7358,
  "lastTick": 1749299302595,
  "refEthCount": 7.261499999999979,
  "refUserCount": 317,
  "last7dReset": 1748788581689
}