{
  "ethCount": 385.7988000000532,
  "userCount": 17252,
  "lastTick": 1749299302595,
  "refEthCount": 7.261499999999979,
  "refUserCount": 317,
  "last7dReset": 1748788581689
}