{
  "ethCount": 376.46670000004934,
  "userCount": 16850,
  "lastTick": 1749299302595,
  "refEthCount": 7.261499999999979,
  "refUserCount": 317,
  "last7dReset": 1748788581689
}