{
  "ethCount": 438.14930000006956,
  "userCount": 19627,
  "lastTick": 1749299302595,
  "refEthCount": 7.261499999999979,
  "refUserCount": 317,
  "last7dReset": 1748788581689
}