{
  "ethCount": 457.85160000007664,
  "userCount": 20524,
  "lastTick": 1749299302595,
  "refEthCount": 7.261499999999979,
  "refUserCount": 317,
  "last7dReset": 1748788581689
}