{
  "ethCount": 573.0474000000511,
  "userCount": 25763,
  "lastTick": 1749299302595,
  "refEthCount": 7.261499999999979,
  "refUserCount": 317,
  "last7dReset": 1748788581689
}