{
  "ethCount": 348.91480000004077,
  "userCount": 15596,
  "lastTick": 1749299302595,
  "refEthCount": 7.261499999999979,
  "refUserCount": 317,
  "last7dReset": 1748788581689
}