{
  "ethCount": 528.2653000000824,
  "userCount": 23718,
  "lastTick": 1749299302595,
  "refEthCount": 7.261499999999979,
  "refUserCount": 317,
  "last7dReset": 1748788581689
}