{
  "ethCount": 251.53520000000452,
  "userCount": 11274,
  "lastTick": 1749299302595,
  "refEthCount": 7.261499999999979,
  "refUserCount": 317,
  "last7dReset": 1748788581689
}