{
  "ethCount": 368.2969000000473,
  "userCount": 16471,
  "lastTick": 1749299302595,
  "refEthCount": 7.261499999999979,
  "refUserCount": 317,
  "last7dReset": 1748788581689
}