{
  "ethCount": 568.8589000000542,
  "userCount": 25576,
  "lastTick": 1749299302595,
  "refEthCount": 7.261499999999979,
  "refUserCount": 317,
  "last7dReset": 1748788581689
}