{
  "ethCount": 382.45560000005133,
  "userCount": 17112,
  "lastTick": 1749299302595,
  "refEthCount": 7.261499999999979,
  "refUserCount": 317,
  "last7dReset": 1748788581689
}