{
  "ethCount": 570.6900000000528,
  "userCount": 25657,
  "lastTick": 1749299302595,
  "refEthCount": 7.261499999999979,
  "refUserCount": 317,
  "last7dReset": 1748788581689
}