{
  "ethCount": 186.85490000000064,
  "userCount": 8399,
  "lastTick": 1749299302595,
  "refEthCount": 7.261499999999979,
  "refUserCount": 317,
  "last7dReset": 1748788581689
}