{
  "ethCount": 591.5674000000357,
  "userCount": 26592,
  "lastTick": 1749299302595,
  "refEthCount": 7.261499999999979,
  "refUserCount": 317,
  "last7dReset": 1748788581689
}