{
  "ethCount": 231.97060000000346,
  "userCount": 10381,
  "lastTick": 1749299302595,
  "refEthCount": 7.261499999999979,
  "refUserCount": 317,
  "last7dReset": 1748788581689
}