{
  "ethCount": 553.9941000000647,
  "userCount": 24905,
  "lastTick": 1749299302595,
  "refEthCount": 7.261499999999979,
  "refUserCount": 317,
  "last7dReset": 1748788581689
}