{
  "ethCount": 388.53150000005456,
  "userCount": 17376,
  "lastTick": 1749299302595,
  "refEthCount": 7.261499999999979,
  "refUserCount": 317,
  "last7dReset": 1748788581689
}