{
  "ethCount": 339.35120000003735,
  "userCount": 15175,
  "lastTick": 1749299302595,
  "refEthCount": 7.261499999999979,
  "refUserCount": 317,
  "last7dReset": 1748788581689
}