{
  "ethCount": 498.47370000008914,
  "userCount": 22387,
  "lastTick": 1749299302595,
  "refEthCount": 7.261499999999979,
  "refUserCount": 317,
  "last7dReset": 1748788581689
}