{
  "ethCount": 52.29599999999967,
  "userCount": 2341,
  "lastTick": 1749299302595,
  "refEthCount": 7.261499999999979,
  "refUserCount": 317,
  "last7dReset": 1748788581689
}