{
  "ethCount": 433.3185000000683,
  "userCount": 19405,
  "lastTick": 1749299302595,
  "refEthCount": 7.261499999999979,
  "refUserCount": 317,
  "last7dReset": 1748788581689
}