{
  "ethCount": 136.74649999999795,
  "userCount": 6157,
  "lastTick": 1749299302595,
  "refEthCount": 7.261499999999979,
  "refUserCount": 317,
  "last7dReset": 1748788581689
}