{
  "ethCount": 78.74839999999901,
  "userCount": 3536,
  "lastTick": 1749299302595,
  "refEthCount": 7.261499999999979,
  "refUserCount": 317,
  "last7dReset": 1748788581689
}