{
  "ethCount": 330.89670000003457,
  "userCount": 14796,
  "lastTick": 1749299302595,
  "refEthCount": 7.261499999999979,
  "refUserCount": 317,
  "last7dReset": 1748788581689
}