{
  "ethCount": 433.10330000006815,
  "userCount": 19398,
  "lastTick": 1749299302595,
  "refEthCount": 7.261499999999979,
  "refUserCount": 317,
  "last7dReset": 1748788581689
}