{
  "ethCount": 209.25590000000219,
  "userCount": 9377,
  "lastTick": 1749299302595,
  "refEthCount": 7.261499999999979,
  "refUserCount": 317,
  "last7dReset": 1748788581689
}