{
  "ethCount": 181.82670000000033,
  "userCount": 8182,
  "lastTick": 1749299302595,
  "refEthCount": 7.261499999999979,
  "refUserCount": 317,
  "last7dReset": 1748788581689
}