{
  "ethCount": 603.1673000000259,
  "userCount": 27100,
  "lastTick": 1749299302595,
  "refEthCount": 7.261499999999979,
  "refUserCount": 317,
  "last7dReset": 1748788581689
}