{
  "ethCount": 405.04980000006054,
  "userCount": 18124,
  "lastTick": 1749299302595,
  "refEthCount": 7.261499999999979,
  "refUserCount": 317,
  "last7dReset": 1748788581689
}