{
  "ethCount": 303.35610000002333,
  "userCount": 13575,
  "lastTick": 1749299302595,
  "refEthCount": 7.261499999999979,
  "refUserCount": 317,
  "last7dReset": 1748788581689
}