{
  "ethCount": 543.2152000000716,
  "userCount": 24410,
  "lastTick": 1749299302595,
  "refEthCount": 7.261499999999979,
  "refUserCount": 317,
  "last7dReset": 1748788581689
}