{
  "ethCount": 308.3489000000252,
  "userCount": 13797,
  "lastTick": 1749299302595,
  "refEthCount": 7.261499999999979,
  "refUserCount": 317,
  "last7dReset": 1748788581689
}