{
  "ethCount": 301.67080000002295,
  "userCount": 13497,
  "lastTick": 1749299302595,
  "refEthCount": 7.261499999999979,
  "refUserCount": 317,
  "last7dReset": 1748788581689
}