{
  "ethCount": 228.55920000000324,
  "userCount": 10233,
  "lastTick": 1749299302595,
  "refEthCount": 7.261499999999979,
  "refUserCount": 317,
  "last7dReset": 1748788581689
}