{
  "ethCount": 392.92000000005555,
  "userCount": 17582,
  "lastTick": 1749299302595,
  "refEthCount": 7.261499999999979,
  "refUserCount": 317,
  "last7dReset": 1748788581689
}