{
  "ethCount": 410.88320000006183,
  "userCount": 18397,
  "lastTick": 1749299302595,
  "refEthCount": 7.261499999999979,
  "refUserCount": 317,
  "last7dReset": 1748788581689
}