{
  "ethCount": 595.3920000000325,
  "userCount": 26755,
  "lastTick": 1749299302595,
  "refEthCount": 7.261499999999979,
  "refUserCount": 317,
  "last7dReset": 1748788581689
}