{
  "ethCount": 387.15630000005365,
  "userCount": 17316,
  "lastTick": 1749299302595,
  "refEthCount": 7.261499999999979,
  "refUserCount": 317,
  "last7dReset": 1748788581689
}