{
  "ethCount": 319.5893000000301,
  "userCount": 14294,
  "lastTick": 1749299302595,
  "refEthCount": 7.261499999999979,
  "refUserCount": 317,
  "last7dReset": 1748788581689
}