{
  "ethCount": 101.22689999999828,
  "userCount": 4532,
  "lastTick": 1749299302595,
  "refEthCount": 7.261499999999979,
  "refUserCount": 317,
  "last7dReset": 1748788581689
}