{
  "ethCount": 260.17610000000684,
  "userCount": 11657,
  "lastTick": 1749299302595,
  "refEthCount": 7.261499999999979,
  "refUserCount": 317,
  "last7dReset": 1748788581689
}