{
  "ethCount": 510.6110000000945,
  "userCount": 22916,
  "lastTick": 1749299302595,
  "refEthCount": 7.261499999999979,
  "refUserCount": 317,
  "last7dReset": 1748788581689
}