{
  "ethCount": 402.36800000005945,
  "userCount": 18002,
  "lastTick": 1749299302595,
  "refEthCount": 7.261499999999979,
  "refUserCount": 317,
  "last7dReset": 1748788581689
}