{
  "ethCount": 309.27050000002544,
  "userCount": 13836,
  "lastTick": 1749299302595,
  "refEthCount": 7.261499999999979,
  "refUserCount": 317,
  "last7dReset": 1748788581689
}