{
  "ethCount": 401.8915000000592,
  "userCount": 17983,
  "lastTick": 1749299302595,
  "refEthCount": 7.261499999999979,
  "refUserCount": 317,
  "last7dReset": 1748788581689
}