{
  "ethCount": 211.17830000000237,
  "userCount": 9458,
  "lastTick": 1749299302595,
  "refEthCount": 7.261499999999979,
  "refUserCount": 317,
  "last7dReset": 1748788581689
}