{
  "ethCount": 496.3383000000888,
  "userCount": 22286,
  "lastTick": 1749299302595,
  "refEthCount": 7.261499999999979,
  "refUserCount": 317,
  "last7dReset": 1748788581689
}