{
  "ethCount": 255.8096000000049,
  "userCount": 11465,
  "lastTick": 1749299302595,
  "refEthCount": 7.261499999999979,
  "refUserCount": 317,
  "last7dReset": 1748788581689
}