{
  "ethCount": 117.46779999999777,
  "userCount": 5273,
  "lastTick": 1749299302595,
  "refEthCount": 7.261499999999979,
  "refUserCount": 317,
  "last7dReset": 1748788581689
}