{
  "ethCount": 481.9932000000855,
  "userCount": 21608,
  "lastTick": 1749299302595,
  "refEthCount": 7.261499999999979,
  "refUserCount": 317,
  "last7dReset": 1748788581689
}