{
  "ethCount": 263.32060000000797,
  "userCount": 11795,
  "lastTick": 1749299302595,
  "refEthCount": 7.261499999999979,
  "refUserCount": 317,
  "last7dReset": 1748788581689
}