{
  "ethCount": 438.9501000000699,
  "userCount": 19663,
  "lastTick": 1749299302595,
  "refEthCount": 7.261499999999979,
  "refUserCount": 317,
  "last7dReset": 1748788581689
}