{
  "ethCount": 353.20870000004203,
  "userCount": 15794,
  "lastTick": 1749299302595,
  "refEthCount": 7.261499999999979,
  "refUserCount": 317,
  "last7dReset": 1748788581689
}