{
  "ethCount": 582.5238000000428,
  "userCount": 26185,
  "lastTick": 1749299302595,
  "refEthCount": 7.261499999999979,
  "refUserCount": 317,
  "last7dReset": 1748788581689
}