{
  "ethCount": 178.0367000000001,
  "userCount": 8011,
  "lastTick": 1749299302595,
  "refEthCount": 7.261499999999979,
  "refUserCount": 317,
  "last7dReset": 1748788581689
}