{
  "ethCount": 166.19879999999944,
  "userCount": 7483,
  "lastTick": 1749299302595,
  "refEthCount": 7.261499999999979,
  "refUserCount": 317,
  "last7dReset": 1748788581689
}