{
  "ethCount": 373.2906000000487,
  "userCount": 16700,
  "lastTick": 1749299302595,
  "refEthCount": 7.261499999999979,
  "refUserCount": 317,
  "last7dReset": 1748788581689
}