{
  "ethCount": 543.2018000000717,
  "userCount": 24411,
  "lastTick": 1749299302595,
  "refEthCount": 7.261499999999979,
  "refUserCount": 317,
  "last7dReset": 1748788581689
}