{
  "ethCount": 590.8789000000363,
  "userCount": 26562,
  "lastTick": 1749299302595,
  "refEthCount": 7.261499999999979,
  "refUserCount": 317,
  "last7dReset": 1748788581689
}