{
  "ethCount": 46.910099999999815,
  "userCount": 2099,
  "lastTick": 1749299302595,
  "refEthCount": 7.261499999999979,
  "refUserCount": 317,
  "last7dReset": 1748788581689
}