{
  "ethCount": 211.11140000000236,
  "userCount": 9455,
  "lastTick": 1749299302595,
  "refEthCount": 7.261499999999979,
  "refUserCount": 317,
  "last7dReset": 1748788581689
}