{
  "ethCount": 381.9553000000511,
  "userCount": 17089,
  "lastTick": 1749299302595,
  "refEthCount": 7.261499999999979,
  "refUserCount": 317,
  "last7dReset": 1748788581689
}