{
  "ethCount": 551.1034000000665,
  "userCount": 24771,
  "lastTick": 1749299302595,
  "refEthCount": 7.261499999999979,
  "refUserCount": 317,
  "last7dReset": 1748788581689
}