{
  "ethCount": 275.57460000001254,
  "userCount": 12339,
  "lastTick": 1749299302595,
  "refEthCount": 7.261499999999979,
  "refUserCount": 317,
  "last7dReset": 1748788581689
}