{
  "ethCount": 83.71529999999888,
  "userCount": 3755,
  "lastTick": 1749299302595,
  "refEthCount": 7.261499999999979,
  "refUserCount": 317,
  "last7dReset": 1748788581689
}