{
  "ethCount": 463.0349000000787,
  "userCount": 20760,
  "lastTick": 1749299302595,
  "refEthCount": 7.261499999999979,
  "refUserCount": 317,
  "last7dReset": 1748788581689
}