{
  "ethCount": 196.03150000000124,
  "userCount": 8794,
  "lastTick": 1749299302595,
  "refEthCount": 7.261499999999979,
  "refUserCount": 317,
  "last7dReset": 1748788581689
}