{
  "ethCount": 379.0862000000501,
  "userCount": 16967,
  "lastTick": 1749299302595,
  "refEthCount": 7.261499999999979,
  "refUserCount": 317,
  "last7dReset": 1748788581689
}