{
  "ethCount": 91.49279999999862,
  "userCount": 4109,
  "lastTick": 1749299302595,
  "refEthCount": 7.261499999999979,
  "refUserCount": 317,
  "last7dReset": 1748788581689
}