{
  "ethCount": 201.20210000000162,
  "userCount": 9019,
  "lastTick": 1749299302595,
  "refEthCount": 7.261499999999979,
  "refUserCount": 317,
  "last7dReset": 1748788581689
}