{
  "ethCount": 466.31130000008017,
  "userCount": 20901,
  "lastTick": 1749299302595,
  "refEthCount": 7.261499999999979,
  "refUserCount": 317,
  "last7dReset": 1748788581689
}