{
  "ethCount": 418.2451000000644,
  "userCount": 18722,
  "lastTick": 1749299302595,
  "refEthCount": 7.261499999999979,
  "refUserCount": 317,
  "last7dReset": 1748788581689
}