{
  "ethCount": 542.8355000000719,
  "userCount": 24394,
  "lastTick": 1749299302595,
  "refEthCount": 7.261499999999979,
  "refUserCount": 317,
  "last7dReset": 1748788581689
}