{
  "ethCount": 445.55610000007164,
  "userCount": 19971,
  "lastTick": 1749299302595,
  "refEthCount": 7.261499999999979,
  "refUserCount": 317,
  "last7dReset": 1748788581689
}