{
  "ethCount": 70.98239999999929,
  "userCount": 3191,
  "lastTick": 1749299302595,
  "refEthCount": 7.261499999999979,
  "refUserCount": 317,
  "last7dReset": 1748788581689
}