{
  "ethCount": 345.43560000003964,
  "userCount": 15440,
  "lastTick": 1749299302595,
  "refEthCount": 7.261499999999979,
  "refUserCount": 317,
  "last7dReset": 1748788581689
}