{
  "ethCount": 383.68270000005214,
  "userCount": 17164,
  "lastTick": 1749299302595,
  "refEthCount": 7.261499999999979,
  "refUserCount": 317,
  "last7dReset": 1748788581689
}