{
  "ethCount": 398.9628000000586,
  "userCount": 17844,
  "lastTick": 1749299302595,
  "refEthCount": 7.261499999999979,
  "refUserCount": 317,
  "last7dReset": 1748788581689
}