{
  "ethCount": 97.90239999999838,
  "userCount": 4386,
  "lastTick": 1749299302595,
  "refEthCount": 7.261499999999979,
  "refUserCount": 317,
  "last7dReset": 1748788581689
}