{
  "ethCount": 571.6266000000521,
  "userCount": 25700,
  "lastTick": 1749299302595,
  "refEthCount": 7.261499999999979,
  "refUserCount": 317,
  "last7dReset": 1748788581689
}