{
  "ethCount": 567.8701000000555,
  "userCount": 25534,
  "lastTick": 1749299302595,
  "refEthCount": 7.261499999999979,
  "refUserCount": 317,
  "last7dReset": 1748788581689
}