{
  "ethCount": 554.7370000000641,
  "userCount": 24939,
  "lastTick": 1749299302595,
  "refEthCount": 7.261499999999979,
  "refUserCount": 317,
  "last7dReset": 1748788581689
}