{
  "ethCount": 287.92830000001743,
  "userCount": 12887,
  "lastTick": 1749299302595,
  "refEthCount": 7.261499999999979,
  "refUserCount": 317,
  "last7dReset": 1748788581689
}