{
  "ethCount": 253.08090000000465,
  "userCount": 11347,
  "lastTick": 1749299302595,
  "refEthCount": 7.261499999999979,
  "refUserCount": 317,
  "last7dReset": 1748788581689
}