{
  "ethCount": 25.666700000000027,
  "userCount": 1177,
  "lastTick": 1749299302595,
  "refEthCount": 7.261499999999979,
  "refUserCount": 317,
  "last7dReset": 1748788581689
}