{
  "ethCount": 214.34040000000255,
  "userCount": 9601,
  "lastTick": 1749299302595,
  "refEthCount": 7.261499999999979,
  "refUserCount": 317,
  "last7dReset": 1748788581689
}