{
  "ethCount": 444.0485000000712,
  "userCount": 19902,
  "lastTick": 1749299302595,
  "refEthCount": 7.261499999999979,
  "refUserCount": 317,
  "last7dReset": 1748788581689
}