{
  "ethCount": 545.6069000000698,
  "userCount": 24516,
  "lastTick": 1749299302595,
  "refEthCount": 7.261499999999979,
  "refUserCount": 317,
  "last7dReset": 1748788581689
}