{
  "ethCount": 84.33709999999886,
  "userCount": 3782,
  "lastTick": 1749299302595,
  "refEthCount": 7.261499999999979,
  "refUserCount": 317,
  "last7dReset": 1748788581689
}