{
  "ethCount": 383.63600000005204,
  "userCount": 17162,
  "lastTick": 1749299302595,
  "refEthCount": 7.261499999999979,
  "refUserCount": 317,
  "last7dReset": 1748788581689
}