{
  "ethCount": 386.55160000005327,
  "userCount": 17289,
  "lastTick": 1749299302595,
  "refEthCount": 7.261499999999979,
  "refUserCount": 317,
  "last7dReset": 1748788581689
}