{
  "ethCount": 270.78870000001075,
  "userCount": 12133,
  "lastTick": 1749299302595,
  "refEthCount": 7.261499999999979,
  "refUserCount": 317,
  "last7dReset": 1748788581689
}