{
  "ethCount": 379.34230000005033,
  "userCount": 16978,
  "lastTick": 1749299302595,
  "refEthCount": 7.261499999999979,
  "refUserCount": 317,
  "last7dReset": 1748788581689
}