{
  "ethCount": 329.69490000003424,
  "userCount": 14741,
  "lastTick": 1749299302595,
  "refEthCount": 7.261499999999979,
  "refUserCount": 317,
  "last7dReset": 1748788581689
}