{
  "ethCount": 252.84260000000464,
  "userCount": 11335,
  "lastTick": 1749299302595,
  "refEthCount": 7.261499999999979,
  "refUserCount": 317,
  "last7dReset": 1748788581689
}