{
  "ethCount": 401.67280000005917,
  "userCount": 17972,
  "lastTick": 1749299302595,
  "refEthCount": 7.261499999999979,
  "refUserCount": 317,
  "last7dReset": 1748788581689
}