{
  "ethCount": 509.25690000009365,
  "userCount": 22860,
  "lastTick": 1749299302595,
  "refEthCount": 7.261499999999979,
  "refUserCount": 317,
  "last7dReset": 1748788581689
}