{
  "ethCount": 304.91870000002365,
  "userCount": 13647,
  "lastTick": 1749299302595,
  "refEthCount": 7.261499999999979,
  "refUserCount": 317,
  "last7dReset": 1748788581689
}