{
  "ethCount": 127.78379999999746,
  "userCount": 5746,
  "lastTick": 1749299302595,
  "refEthCount": 7.261499999999979,
  "refUserCount": 317,
  "last7dReset": 1748788581689
}