{
  "ethCount": 434.52300000006863,
  "userCount": 19461,
  "lastTick": 1749299302595,
  "refEthCount": 7.261499999999979,
  "refUserCount": 317,
  "last7dReset": 1748788581689
}