{
  "ethCount": 312.30840000002695,
  "userCount": 13972,
  "lastTick": 1749299302595,
  "refEthCount": 7.261499999999979,
  "refUserCount": 317,
  "last7dReset": 1748788581689
}