{
  "ethCount": 328.32060000003366,
  "userCount": 14681,
  "lastTick": 1749299302595,
  "refEthCount": 7.261499999999979,
  "refUserCount": 317,
  "last7dReset": 1748788581689
}