{
  "ethCount": 247.32690000000431,
  "userCount": 11084,
  "lastTick": 1749299302595,
  "refEthCount": 7.261499999999979,
  "refUserCount": 317,
  "last7dReset": 1748788581689
}