{
  "ethCount": 138.35779999999804,
  "userCount": 6231,
  "lastTick": 1749299302595,
  "refEthCount": 7.261499999999979,
  "refUserCount": 317,
  "last7dReset": 1748788581689
}