{
  "ethCount": 547.1920000000689,
  "userCount": 24589,
  "lastTick": 1749299302595,
  "refEthCount": 7.261499999999979,
  "refUserCount": 317,
  "last7dReset": 1748788581689
}