{
  "ethCount": 525.0877000000846,
  "userCount": 23572,
  "lastTick": 1749299302595,
  "refEthCount": 7.261499999999979,
  "refUserCount": 317,
  "last7dReset": 1748788581689
}