{
  "ethCount": 454.85660000007516,
  "userCount": 20392,
  "lastTick": 1749299302595,
  "refEthCount": 7.261499999999979,
  "refUserCount": 317,
  "last7dReset": 1748788581689
}