{
  "ethCount": 383.59320000005187,
  "userCount": 17163,
  "lastTick": 1749299302595,
  "refEthCount": 7.261499999999979,
  "refUserCount": 317,
  "last7dReset": 1748788581689
}