{
  "ethCount": 455.0912000000756,
  "userCount": 20397,
  "lastTick": 1749299302595,
  "refEthCount": 7.261499999999979,
  "refUserCount": 317,
  "last7dReset": 1748788581689
}