{
  "ethCount": 536.9752000000755,
  "userCount": 24119,
  "lastTick": 1749299302595,
  "refEthCount": 7.261499999999979,
  "refUserCount": 317,
  "last7dReset": 1748788581689
}