{
  "ethCount": 557.1273000000622,
  "userCount": 25048,
  "lastTick": 1749299302595,
  "refEthCount": 7.261499999999979,
  "refUserCount": 317,
  "last7dReset": 1748788581689
}