{
  "ethCount": 327.77890000003356,
  "userCount": 14654,
  "lastTick": 1749299302595,
  "refEthCount": 7.261499999999979,
  "refUserCount": 317,
  "last7dReset": 1748788581689
}