{
  "ethCount": 395.4476000000568,
  "userCount": 17689,
  "lastTick": 1749299302595,
  "refEthCount": 7.261499999999979,
  "refUserCount": 317,
  "last7dReset": 1748788581689
}