{
  "ethCount": 230.49720000000337,
  "userCount": 10313,
  "lastTick": 1749299302595,
  "refEthCount": 7.261499999999979,
  "refUserCount": 317,
  "last7dReset": 1748788581689
}