{
  "ethCount": 484.74090000008636,
  "userCount": 21735,
  "lastTick": 1749299302595,
  "refEthCount": 7.261499999999979,
  "refUserCount": 317,
  "last7dReset": 1748788581689
}