{
  "ethCount": 259.3178000000062,
  "userCount": 11622,
  "lastTick": 1749299302595,
  "refEthCount": 7.261499999999979,
  "refUserCount": 317,
  "last7dReset": 1748788581689
}