{
  "ethCount": 451.8017000000742,
  "userCount": 20253,
  "lastTick": 1749299302595,
  "refEthCount": 7.261499999999979,
  "refUserCount": 317,
  "last7dReset": 1748788581689
}