{
  "ethCount": 212.18450000000243,
  "userCount": 9503,
  "lastTick": 1749299302595,
  "refEthCount": 7.261499999999979,
  "refUserCount": 317,
  "last7dReset": 1748788581689
}