{
  "ethCount": 568.6597000000544,
  "userCount": 25568,
  "lastTick": 1749299302595,
  "refEthCount": 7.261499999999979,
  "refUserCount": 317,
  "last7dReset": 1748788581689
}