{
  "ethCount": 289.6619000000181,
  "userCount": 12964,
  "lastTick": 1749299302595,
  "refEthCount": 7.261499999999979,
  "refUserCount": 317,
  "last7dReset": 1748788581689
}