{
  "ethCount": 469.33080000008164,
  "userCount": 21033,
  "lastTick": 1749299302595,
  "refEthCount": 7.261499999999979,
  "refUserCount": 317,
  "last7dReset": 1748788581689
}