{
  "ethCount": 590.7837000000364,
  "userCount": 26558,
  "lastTick": 1749299302595,
  "refEthCount": 7.261499999999979,
  "refUserCount": 317,
  "last7dReset": 1748788581689
}