{
  "ethCount": 6.7234999999999925,
  "userCount": 311,
  "lastTick": 1749299302595,
  "refEthCount": 7.261499999999979,
  "refUserCount": 317,
  "last7dReset": 1748788581689
}