{
  "ethCount": 392.6362000000555,
  "userCount": 17568,
  "lastTick": 1749299302595,
  "refEthCount": 7.261499999999979,
  "refUserCount": 317,
  "last7dReset": 1748788581689
}