{
  "ethCount": 496.30310000008876,
  "userCount": 22285,
  "lastTick": 1749299302595,
  "refEthCount": 7.261499999999979,
  "refUserCount": 317,
  "last7dReset": 1748788581689
}