{
  "ethCount": 281.8112000000153,
  "userCount": 12612,
  "lastTick": 1749299302595,
  "refEthCount": 7.261499999999979,
  "refUserCount": 317,
  "last7dReset": 1748788581689
}