{
  "ethCount": 531.2882000000799,
  "userCount": 23853,
  "lastTick": 1749299302595,
  "refEthCount": 7.261499999999979,
  "refUserCount": 317,
  "last7dReset": 1748788581689
}