{
  "ethCount": 375.0050000000491,
  "userCount": 16779,
  "lastTick": 1749299302595,
  "refEthCount": 7.261499999999979,
  "refUserCount": 317,
  "last7dReset": 1748788581689
}