{
  "ethCount": 583.6340000000421,
  "userCount": 26236,
  "lastTick": 1749299302595,
  "refEthCount": 7.261499999999979,
  "refUserCount": 317,
  "last7dReset": 1748788581689
}