{
  "ethCount": 517.1036000000915,
  "userCount": 23212,
  "lastTick": 1749299302595,
  "refEthCount": 7.261499999999979,
  "refUserCount": 317,
  "last7dReset": 1748788581689
}