{
  "ethCount": 510.43210000009447,
  "userCount": 22907,
  "lastTick": 1749299302595,
  "refEthCount": 7.261499999999979,
  "refUserCount": 317,
  "last7dReset": 1748788581689
}