{
  "ethCount": 349.1798000000409,
  "userCount": 15607,
  "lastTick": 1749299302595,
  "refEthCount": 7.261499999999979,
  "refUserCount": 317,
  "last7dReset": 1748788581689
}