{
  "ethCount": 212.24680000000242,
  "userCount": 9505,
  "lastTick": 1749299302595,
  "refEthCount": 7.261499999999979,
  "refUserCount": 317,
  "last7dReset": 1748788581689
}