{
  "ethCount": 468.55940000008127,
  "userCount": 21001,
  "lastTick": 1749299302595,
  "refEthCount": 7.261499999999979,
  "refUserCount": 317,
  "last7dReset": 1748788581689
}