{
  "ethCount": 454.19700000007487,
  "userCount": 20361,
  "lastTick": 1749299302595,
  "refEthCount": 7.261499999999979,
  "refUserCount": 317,
  "last7dReset": 1748788581689
}