{
  "ethCount": 398.1150000000578,
  "userCount": 17811,
  "lastTick": 1749299302595,
  "refEthCount": 7.261499999999979,
  "refUserCount": 317,
  "last7dReset": 1748788581689
}