{
  "ethCount": 203.56880000000177,
  "userCount": 9125,
  "lastTick": 1749299302595,
  "refEthCount": 7.261499999999979,
  "refUserCount": 317,
  "last7dReset": 1748788581689
}