{
  "ethCount": 188.47360000000077,
  "userCount": 8467,
  "lastTick": 1749299302595,
  "refEthCount": 7.261499999999979,
  "refUserCount": 317,
  "last7dReset": 1748788581689
}