{
  "ethCount": 369.4144000000474,
  "userCount": 16523,
  "lastTick": 1749299302595,
  "refEthCount": 7.261499999999979,
  "refUserCount": 317,
  "last7dReset": 1748788581689
}