{
  "ethCount": 385.57480000005296,
  "userCount": 17243,
  "lastTick": 1749299302595,
  "refEthCount": 7.261499999999979,
  "refUserCount": 317,
  "last7dReset": 1748788581689
}