{
  "ethCount": 500.2343000000903,
  "userCount": 22461,
  "lastTick": 1749299302595,
  "refEthCount": 7.261499999999979,
  "refUserCount": 317,
  "last7dReset": 1748788581689
}