{
  "ethCount": 297.77780000002105,
  "userCount": 13329,
  "lastTick": 1749299302595,
  "refEthCount": 7.261499999999979,
  "refUserCount": 317,
  "last7dReset": 1748788581689
}