{
  "ethCount": 490.31060000008745,
  "userCount": 22003,
  "lastTick": 1749299302595,
  "refEthCount": 7.261499999999979,
  "refUserCount": 317,
  "last7dReset": 1748788581689
}