{
  "ethCount": 312.23050000002684,
  "userCount": 13970,
  "lastTick": 1749299302595,
  "refEthCount": 7.261499999999979,
  "refUserCount": 317,
  "last7dReset": 1748788581689
}