{
  "ethCount": 356.27020000004313,
  "userCount": 15930,
  "lastTick": 1749299302595,
  "refEthCount": 7.261499999999979,
  "refUserCount": 317,
  "last7dReset": 1748788581689
}