{
  "ethCount": 346.73970000003993,
  "userCount": 15498,
  "lastTick": 1749299302595,
  "refEthCount": 7.261499999999979,
  "refUserCount": 317,
  "last7dReset": 1748788581689
}