{
  "ethCount": 495.80580000008865,
  "userCount": 22263,
  "lastTick": 1749299302595,
  "refEthCount": 7.261499999999979,
  "refUserCount": 317,
  "last7dReset": 1748788581689
}