{
  "ethCount": 186.4798000000006,
  "userCount": 8384,
  "lastTick": 1749299302595,
  "refEthCount": 7.261499999999979,
  "refUserCount": 317,
  "last7dReset": 1748788581689
}