{
  "ethCount": 436.20940000006914,
  "userCount": 19536,
  "lastTick": 1749299302595,
  "refEthCount": 7.261499999999979,
  "refUserCount": 317,
  "last7dReset": 1748788581689
}