{
  "ethCount": 277.10480000001365,
  "userCount": 12402,
  "lastTick": 1749299302595,
  "refEthCount": 7.261499999999979,
  "refUserCount": 317,
  "last7dReset": 1748788581689
}