{
  "ethCount": 559.3872000000612,
  "userCount": 25156,
  "lastTick": 1749299302595,
  "refEthCount": 7.261499999999979,
  "refUserCount": 317,
  "last7dReset": 1748788581689
}