{
  "ethCount": 299.85220000002187,
  "userCount": 13422,
  "lastTick": 1749299302595,
  "refEthCount": 7.261499999999979,
  "refUserCount": 317,
  "last7dReset": 1748788581689
}