{
  "ethCount": 415.32910000006353,
  "userCount": 18591,
  "lastTick": 1749299302595,
  "refEthCount": 7.261499999999979,
  "refUserCount": 317,
  "last7dReset": 1748788581689
}