{
  "ethCount": 409.9793000000615,
  "userCount": 18355,
  "lastTick": 1749299302595,
  "refEthCount": 7.261499999999979,
  "refUserCount": 317,
  "last7dReset": 1748788581689
}