{
  "ethCount": 371.08150000004787,
  "userCount": 16599,
  "lastTick": 1749299302595,
  "refEthCount": 7.261499999999979,
  "refUserCount": 317,
  "last7dReset": 1748788581689
}