{
  "ethCount": 327.40390000003316,
  "userCount": 14642,
  "lastTick": 1749299302595,
  "refEthCount": 7.261499999999979,
  "refUserCount": 317,
  "last7dReset": 1748788581689
}