{
  "ethCount": 50.80099999999972,
  "userCount": 2277,
  "lastTick": 1749299302595,
  "refEthCount": 7.261499999999979,
  "refUserCount": 317,
  "last7dReset": 1748788581689
}