{
  "ethCount": 317.11660000002945,
  "userCount": 14183,
  "lastTick": 1749299302595,
  "refEthCount": 7.261499999999979,
  "refUserCount": 317,
  "last7dReset": 1748788581689
}