{
  "ethCount": 402.1915000000593,
  "userCount": 17995,
  "lastTick": 1749299302595,
  "refEthCount": 7.261499999999979,
  "refUserCount": 317,
  "last7dReset": 1748788581689
}