{
  "ethCount": 268.2118000000096,
  "userCount": 12019,
  "lastTick": 1749299302595,
  "refEthCount": 7.261499999999979,
  "refUserCount": 317,
  "last7dReset": 1748788581689
}