{
  "ethCount": 592.7486000000347,
  "userCount": 26640,
  "lastTick": 1749299302595,
  "refEthCount": 7.261499999999979,
  "refUserCount": 317,
  "last7dReset": 1748788581689
}