{
  "ethCount": 288.0801000000174,
  "userCount": 12895,
  "lastTick": 1749299302595,
  "refEthCount": 7.261499999999979,
  "refUserCount": 317,
  "last7dReset": 1748788581689
}