{
  "ethCount": 491.0254000000876,
  "userCount": 22038,
  "lastTick": 1749299302595,
  "refEthCount": 7.261499999999979,
  "refUserCount": 317,
  "last7dReset": 1748788581689
}