{
  "ethCount": 353.51290000004224,
  "userCount": 15807,
  "lastTick": 1749299302595,
  "refEthCount": 7.261499999999979,
  "refUserCount": 317,
  "last7dReset": 1748788581689
}