{
  "ethCount": 286.08950000001676,
  "userCount": 12804,
  "lastTick": 1749299302595,
  "refEthCount": 7.261499999999979,
  "refUserCount": 317,
  "last7dReset": 1748788581689
}