{
  "ethCount": 73.29369999999925,
  "userCount": 3296,
  "lastTick": 1749299302595,
  "refEthCount": 7.261499999999979,
  "refUserCount": 317,
  "last7dReset": 1748788581689
}