{
  "ethCount": 367.83810000004706,
  "userCount": 16449,
  "lastTick": 1749299302595,
  "refEthCount": 7.261499999999979,
  "refUserCount": 317,
  "last7dReset": 1748788581689
}