{
  "ethCount": 74.85869999999917,
  "userCount": 3366,
  "lastTick": 1749299302595,
  "refEthCount": 7.261499999999979,
  "refUserCount": 317,
  "last7dReset": 1748788581689
}