{
  "ethCount": 528.5169000000822,
  "userCount": 23728,
  "lastTick": 1749299302595,
  "refEthCount": 7.261499999999979,
  "refUserCount": 317,
  "last7dReset": 1748788581689
}