{
  "ethCount": 94.64479999999855,
  "userCount": 4249,
  "lastTick": 1749299302595,
  "refEthCount": 7.261499999999979,
  "refUserCount": 317,
  "last7dReset": 1748788581689
}