{
  "ethCount": 559.1198000000613,
  "userCount": 25143,
  "lastTick": 1749299302595,
  "refEthCount": 7.261499999999979,
  "refUserCount": 317,
  "last7dReset": 1748788581689
}