{
  "ethCount": 86.65619999999882,
  "userCount": 3887,
  "lastTick": 1749299302595,
  "refEthCount": 7.261499999999979,
  "refUserCount": 317,
  "last7dReset": 1748788581689
}