{
  "ethCount": 325.93670000003226,
  "userCount": 14581,
  "lastTick": 1749299302595,
  "refEthCount": 7.261499999999979,
  "refUserCount": 317,
  "last7dReset": 1748788581689
}