{
  "ethCount": 220.7206000000029,
  "userCount": 9876,
  "lastTick": 1749299302595,
  "refEthCount": 7.261499999999979,
  "refUserCount": 317,
  "last7dReset": 1748788581689
}