{
  "ethCount": 185.36640000000054,
  "userCount": 8337,
  "lastTick": 1749299302595,
  "refEthCount": 7.261499999999979,
  "refUserCount": 317,
  "last7dReset": 1748788581689
}