{
  "ethCount": 97.19709999999843,
  "userCount": 4357,
  "lastTick": 1749299302595,
  "refEthCount": 7.261499999999979,
  "refUserCount": 317,
  "last7dReset": 1748788581689
}