{
  "ethCount": 393.62080000005585,
  "userCount": 17613,
  "lastTick": 1749299302595,
  "refEthCount": 7.261499999999979,
  "refUserCount": 317,
  "last7dReset": 1748788581689
}