{
  "ethCount": 123.91649999999753,
  "userCount": 5562,
  "lastTick": 1749299302595,
  "refEthCount": 7.261499999999979,
  "refUserCount": 317,
  "last7dReset": 1748788581689
}