{
  "ethCount": 475.23790000008347,
  "userCount": 21301,
  "lastTick": 1749299302595,
  "refEthCount": 7.261499999999979,
  "refUserCount": 317,
  "last7dReset": 1748788581689
}