{
  "ethCount": 433.68720000006846,
  "userCount": 19422,
  "lastTick": 1749299302595,
  "refEthCount": 7.261499999999979,
  "refUserCount": 317,
  "last7dReset": 1748788581689
}