{
  "ethCount": 474.35500000008307,
  "userCount": 21262,
  "lastTick": 1749299302595,
  "refEthCount": 7.261499999999979,
  "refUserCount": 317,
  "last7dReset": 1748788581689
}