{
  "ethCount": 480.84300000008517,
  "userCount": 21556,
  "lastTick": 1749299302595,
  "refEthCount": 7.261499999999979,
  "refUserCount": 317,
  "last7dReset": 1748788581689
}