{
  "ethCount": 58.91599999999959,
  "userCount": 2646,
  "lastTick": 1749299302595,
  "refEthCount": 7.261499999999979,
  "refUserCount": 317,
  "last7dReset": 1748788581689
}