{
  "ethCount": 314.07860000002745,
  "userCount": 14056,
  "lastTick": 1749299302595,
  "refEthCount": 7.261499999999979,
  "refUserCount": 317,
  "last7dReset": 1748788581689
}