{
  "ethCount": 473.14750000008286,
  "userCount": 21206,
  "lastTick": 1749299302595,
  "refEthCount": 7.261499999999979,
  "refUserCount": 317,
  "last7dReset": 1748788581689
}