{
  "ethCount": 102.22069999999825,
  "userCount": 4580,
  "lastTick": 1749299302595,
  "refEthCount": 7.261499999999979,
  "refUserCount": 317,
  "last7dReset": 1748788581689
}