{
  "ethCount": 217.35670000000277,
  "userCount": 9726,
  "lastTick": 1749299302595,
  "refEthCount": 7.261499999999979,
  "refUserCount": 317,
  "last7dReset": 1748788581689
}