{
  "ethCount": 196.01190000000125,
  "userCount": 8793,
  "lastTick": 1749299302595,
  "refEthCount": 7.261499999999979,
  "refUserCount": 317,
  "last7dReset": 1748788581689
}