{
  "ethCount": 470.90690000008215,
  "userCount": 21103,
  "lastTick": 1749299302595,
  "refEthCount": 7.261499999999979,
  "refUserCount": 317,
  "last7dReset": 1748788581689
}