{
  "ethCount": 299.8360000000218,
  "userCount": 13422,
  "lastTick": 1749299302595,
  "refEthCount": 7.261499999999979,
  "refUserCount": 317,
  "last7dReset": 1748788581689
}