{
  "ethCount": 359.77000000004404,
  "userCount": 16090,
  "lastTick": 1749299302595,
  "refEthCount": 7.261499999999979,
  "refUserCount": 317,
  "last7dReset": 1748788581689
}