{
  "ethCount": 467.3567000000807,
  "userCount": 20948,
  "lastTick": 1749299302595,
  "refEthCount": 7.261499999999979,
  "refUserCount": 317,
  "last7dReset": 1748788581689
}