{
  "ethCount": 542.1619000000721,
  "userCount": 24360,
  "lastTick": 1749299302595,
  "refEthCount": 7.261499999999979,
  "refUserCount": 317,
  "last7dReset": 1748788581689
}