{
  "ethCount": 96.81069999999845,
  "userCount": 4342,
  "lastTick": 1749299302595,
  "refEthCount": 7.261499999999979,
  "refUserCount": 317,
  "last7dReset": 1748788581689
}