{
  "ethCount": 152.75909999999874,
  "userCount": 6886,
  "lastTick": 1749299302595,
  "refEthCount": 7.261499999999979,
  "refUserCount": 317,
  "last7dReset": 1748788581689
}