{
  "ethCount": 275.85850000001267,
  "userCount": 12351,
  "lastTick": 1749299302595,
  "refEthCount": 7.261499999999979,
  "refUserCount": 317,
  "last7dReset": 1748788581689
}