{
  "ethCount": 593.0617000000343,
  "userCount": 26653,
  "lastTick": 1749299302595,
  "refEthCount": 7.261499999999979,
  "refUserCount": 317,
  "last7dReset": 1748788581689
}