{
  "ethCount": 356.72790000004335,
  "userCount": 15950,
  "lastTick": 1749299302595,
  "refEthCount": 7.261499999999979,
  "refUserCount": 317,
  "last7dReset": 1748788581689
}