{
  "ethCount": 471.70130000008265,
  "userCount": 21139,
  "lastTick": 1749299302595,
  "refEthCount": 7.261499999999979,
  "refUserCount": 317,
  "last7dReset": 1748788581689
}