{
  "ethCount": 300.38570000002244,
  "userCount": 13441,
  "lastTick": 1749299302595,
  "refEthCount": 7.261499999999979,
  "refUserCount": 317,
  "last7dReset": 1748788581689
}