{
  "ethCount": 496.54490000008883,
  "userCount": 22296,
  "lastTick": 1749299302595,
  "refEthCount": 7.261499999999979,
  "refUserCount": 317,
  "last7dReset": 1748788581689
}