{
  "ethCount": 383.36920000005176,
  "userCount": 17153,
  "lastTick": 1749299302595,
  "refEthCount": 7.261499999999979,
  "refUserCount": 317,
  "last7dReset": 1748788581689
}