{
  "ethCount": 157.23729999999895,
  "userCount": 7088,
  "lastTick": 1749299302595,
  "refEthCount": 7.261499999999979,
  "refUserCount": 317,
  "last7dReset": 1748788581689
}