{
  "ethCount": 178.95640000000014,
  "userCount": 8054,
  "lastTick": 1749299302595,
  "refEthCount": 7.261499999999979,
  "refUserCount": 317,
  "last7dReset": 1748788581689
}