{
  "ethCount": 293.30650000001896,
  "userCount": 13130,
  "lastTick": 1749299302595,
  "refEthCount": 7.261499999999979,
  "refUserCount": 317,
  "last7dReset": 1748788581689
}