{
  "ethCount": 211.8297000000024,
  "userCount": 9489,
  "lastTick": 1749299302595,
  "refEthCount": 7.261499999999979,
  "refUserCount": 317,
  "last7dReset": 1748788581689
}