{
  "ethCount": 600.3947000000278,
  "userCount": 26971,
  "lastTick": 1749299302595,
  "refEthCount": 7.261499999999979,
  "refUserCount": 317,
  "last7dReset": 1748788581689
}