{
  "ethCount": 545.7638000000695,
  "userCount": 24522,
  "lastTick": 1749299302595,
  "refEthCount": 7.261499999999979,
  "refUserCount": 317,
  "last7dReset": 1748788581689
}