{
  "ethCount": 182.62010000000032,
  "userCount": 8215,
  "lastTick": 1749299302595,
  "refEthCount": 7.261499999999979,
  "refUserCount": 317,
  "last7dReset": 1748788581689
}