{
  "ethCount": 362.67440000004535,
  "userCount": 16212,
  "lastTick": 1749299302595,
  "refEthCount": 7.261499999999979,
  "refUserCount": 317,
  "last7dReset": 1748788581689
}