{
  "ethCount": 429.53420000006713,
  "userCount": 19238,
  "lastTick": 1749299302595,
  "refEthCount": 7.261499999999979,
  "refUserCount": 317,
  "last7dReset": 1748788581689
}