{
  "ethCount": 110.76429999999806,
  "userCount": 4977,
  "lastTick": 1749299302595,
  "refEthCount": 7.261499999999979,
  "refUserCount": 317,
  "last7dReset": 1748788581689
}