{
  "ethCount": 556.6822000000626,
  "userCount": 25028,
  "lastTick": 1749299302595,
  "refEthCount": 7.261499999999979,
  "refUserCount": 317,
  "last7dReset": 1748788581689
}