{
  "ethCount": 398.42530000005803,
  "userCount": 17824,
  "lastTick": 1749299302595,
  "refEthCount": 7.261499999999979,
  "refUserCount": 317,
  "last7dReset": 1748788581689
}