{
  "ethCount": 323.9377000000315,
  "userCount": 14496,
  "lastTick": 1749299302595,
  "refEthCount": 7.261499999999979,
  "refUserCount": 317,
  "last7dReset": 1748788581689
}