{
  "ethCount": 416.60350000006395,
  "userCount": 18646,
  "lastTick": 1749299302595,
  "refEthCount": 7.261499999999979,
  "refUserCount": 317,
  "last7dReset": 1748788581689
}