{
  "ethCount": 80.75099999999891,
  "userCount": 3622,
  "lastTick": 1749299302595,
  "refEthCount": 7.261499999999979,
  "refUserCount": 317,
  "last7dReset": 1748788581689
}