{
  "ethCount": 83.99189999999885,
  "userCount": 3767,
  "lastTick": 1749299302595,
  "refEthCount": 7.261499999999979,
  "refUserCount": 317,
  "last7dReset": 1748788581689
}