{
  "ethCount": 327.63390000003346,
  "userCount": 14648,
  "lastTick": 1749299302595,
  "refEthCount": 7.261499999999979,
  "refUserCount": 317,
  "last7dReset": 1748788581689
}