{
  "ethCount": 469.98240000008184,
  "userCount": 21063,
  "lastTick": 1749299302595,
  "refEthCount": 7.261499999999979,
  "refUserCount": 317,
  "last7dReset": 1748788581689
}