{
  "ethCount": 59.46619999999958,
  "userCount": 2672,
  "lastTick": 1749299302595,
  "refEthCount": 7.261499999999979,
  "refUserCount": 317,
  "last7dReset": 1748788581689
}