{
  "ethCount": 394.78810000005626,
  "userCount": 17661,
  "lastTick": 1749299302595,
  "refEthCount": 7.261499999999979,
  "refUserCount": 317,
  "last7dReset": 1748788581689
}