{
  "ethCount": 159.62289999999913,
  "userCount": 7193,
  "lastTick": 1749299302595,
  "refEthCount": 7.261499999999979,
  "refUserCount": 317,
  "last7dReset": 1748788581689
}