{
  "ethCount": 388.2347000000541,
  "userCount": 17367,
  "lastTick": 1749299302595,
  "refEthCount": 7.261499999999979,
  "refUserCount": 317,
  "last7dReset": 1748788581689
}