{
  "ethCount": 193.2332000000011,
  "userCount": 8674,
  "lastTick": 1749299302595,
  "refEthCount": 7.261499999999979,
  "refUserCount": 317,
  "last7dReset": 1748788581689
}