{
  "ethCount": 300.25050000002227,
  "userCount": 13437,
  "lastTick": 1749299302595,
  "refEthCount": 7.261499999999979,
  "refUserCount": 317,
  "last7dReset": 1748788581689
}