{
  "ethCount": 73.61339999999922,
  "userCount": 3309,
  "lastTick": 1749299302595,
  "refEthCount": 7.261499999999979,
  "refUserCount": 317,
  "last7dReset": 1748788581689
}