{
  "ethCount": 201.90290000000167,
  "userCount": 9052,
  "lastTick": 1749299302595,
  "refEthCount": 7.261499999999979,
  "refUserCount": 317,
  "last7dReset": 1748788581689
}