{
  "ethCount": 86.00249999999882,
  "userCount": 3858,
  "lastTick": 1749299302595,
  "refEthCount": 7.261499999999979,
  "refUserCount": 317,
  "last7dReset": 1748788581689
}