{
  "ethCount": 159.64709999999914,
  "userCount": 7195,
  "lastTick": 1749299302595,
  "refEthCount": 7.261499999999979,
  "refUserCount": 317,
  "last7dReset": 1748788581689
}