{
  "ethCount": 586.9365000000391,
  "userCount": 26385,
  "lastTick": 1749299302595,
  "refEthCount": 7.261499999999979,
  "refUserCount": 317,
  "last7dReset": 1748788581689
}