{
  "ethCount": 437.6168000000693,
  "userCount": 19602,
  "lastTick": 1749299302595,
  "refEthCount": 7.261499999999979,
  "refUserCount": 317,
  "last7dReset": 1748788581689
}