{
  "ethCount": 482.6292000000856,
  "userCount": 21638,
  "lastTick": 1749299302595,
  "refEthCount": 7.261499999999979,
  "refUserCount": 317,
  "last7dReset": 1748788581689
}