{
  "ethCount": 408.92810000006125,
  "userCount": 18307,
  "lastTick": 1749299302595,
  "refEthCount": 7.261499999999979,
  "refUserCount": 317,
  "last7dReset": 1748788581689
}