{
  "ethCount": 186.86020000000065,
  "userCount": 8398,
  "lastTick": 1749299302595,
  "refEthCount": 7.261499999999979,
  "refUserCount": 317,
  "last7dReset": 1748788581689
}