{
  "ethCount": 339.2491000000373,
  "userCount": 15171,
  "lastTick": 1749299302595,
  "refEthCount": 7.261499999999979,
  "refUserCount": 317,
  "last7dReset": 1748788581689
}