{
  "ethCount": 579.5213000000458,
  "userCount": 26057,
  "lastTick": 1749299302595,
  "refEthCount": 7.261499999999979,
  "refUserCount": 317,
  "last7dReset": 1748788581689
}