{
  "ethCount": 273.65140000001236,
  "userCount": 12250,
  "lastTick": 1749299302595,
  "refEthCount": 7.261499999999979,
  "refUserCount": 317,
  "last7dReset": 1748788581689
}