{
  "ethCount": 300.59220000002256,
  "userCount": 13448,
  "lastTick": 1749299302595,
  "refEthCount": 7.261499999999979,
  "refUserCount": 317,
  "last7dReset": 1748788581689
}