{
  "ethCount": 559.9128000000609,
  "userCount": 25181,
  "lastTick": 1749299302595,
  "refEthCount": 7.261499999999979,
  "refUserCount": 317,
  "last7dReset": 1748788581689
}