{
  "ethCount": 207.03120000000197,
  "userCount": 9279,
  "lastTick": 1749299302595,
  "refEthCount": 7.261499999999979,
  "refUserCount": 317,
  "last7dReset": 1748788581689
}