{
  "ethCount": 481.1286000000852,
  "userCount": 21570,
  "lastTick": 1749299302595,
  "refEthCount": 7.261499999999979,
  "refUserCount": 317,
  "last7dReset": 1748788581689
}