{
  "ethCount": 211.94860000000241,
  "userCount": 9493,
  "lastTick": 1749299302595,
  "refEthCount": 7.261499999999979,
  "refUserCount": 317,
  "last7dReset": 1748788581689
}