{
  "ethCount": 309.2658000000254,
  "userCount": 13837,
  "lastTick": 1749299302595,
  "refEthCount": 7.261499999999979,
  "refUserCount": 317,
  "last7dReset": 1748788581689
}