{
  "ethCount": 362.14340000004483,
  "userCount": 16197,
  "lastTick": 1749299302595,
  "refEthCount": 7.261499999999979,
  "refUserCount": 317,
  "last7dReset": 1748788581689
}