{
  "ethCount": 418.9946000000646,
  "userCount": 18754,
  "lastTick": 1749299302595,
  "refEthCount": 7.261499999999979,
  "refUserCount": 317,
  "last7dReset": 1748788581689
}