{
  "ethCount": 451.07520000007395,
  "userCount": 20219,
  "lastTick": 1749299302595,
  "refEthCount": 7.261499999999979,
  "refUserCount": 317,
  "last7dReset": 1748788581689
}