{
  "ethCount": 350.7601000000415,
  "userCount": 15678,
  "lastTick": 1749299302595,
  "refEthCount": 7.261499999999979,
  "refUserCount": 317,
  "last7dReset": 1748788581689
}