{
  "ethCount": 431.77590000006774,
  "userCount": 19337,
  "lastTick": 1749299302595,
  "refEthCount": 7.261499999999979,
  "refUserCount": 317,
  "last7dReset": 1748788581689
}