{
  "ethCount": 309.06850000002544,
  "userCount": 13827,
  "lastTick": 1749299302595,
  "refEthCount": 7.261499999999979,
  "refUserCount": 317,
  "last7dReset": 1748788581689
}