{
  "ethCount": 323.1745000000313,
  "userCount": 14460,
  "lastTick": 1749299302595,
  "refEthCount": 7.261499999999979,
  "refUserCount": 317,
  "last7dReset": 1748788581689
}