{
  "ethCount": 212.60170000000244,
  "userCount": 9521,
  "lastTick": 1749299302595,
  "refEthCount": 7.261499999999979,
  "refUserCount": 317,
  "last7dReset": 1748788581689
}