{
  "ethCount": 480.5036000000851,
  "userCount": 21540,
  "lastTick": 1749299302595,
  "refEthCount": 7.261499999999979,
  "refUserCount": 317,
  "last7dReset": 1748788581689
}