{
  "ethCount": 441.13990000007027,
  "userCount": 19767,
  "lastTick": 1749299302595,
  "refEthCount": 7.261499999999979,
  "refUserCount": 317,
  "last7dReset": 1748788581689
}