{
  "ethCount": 247.96570000000432,
  "userCount": 11110,
  "lastTick": 1749299302595,
  "refEthCount": 7.261499999999979,
  "refUserCount": 317,
  "last7dReset": 1748788581689
}