{
  "ethCount": 479.96100000008494,
  "userCount": 21515,
  "lastTick": 1749299302595,
  "refEthCount": 7.261499999999979,
  "refUserCount": 317,
  "last7dReset": 1748788581689
}