{
  "ethCount": 392.05300000005525,
  "userCount": 17543,
  "lastTick": 1749299302595,
  "refEthCount": 7.261499999999979,
  "refUserCount": 317,
  "last7dReset": 1748788581689
}