{
  "ethCount": 301.3903000000229,
  "userCount": 13484,
  "lastTick": 1749299302595,
  "refEthCount": 7.261499999999979,
  "refUserCount": 317,
  "last7dReset": 1748788581689
}