{
  "ethCount": 233.76630000000353,
  "userCount": 10464,
  "lastTick": 1749299302595,
  "refEthCount": 7.261499999999979,
  "refUserCount": 317,
  "last7dReset": 1748788581689
}