{
  "ethCount": 404.3379000000602,
  "userCount": 18092,
  "lastTick": 1749299302595,
  "refEthCount": 7.261499999999979,
  "refUserCount": 317,
  "last7dReset": 1748788581689
}