{
  "ethCount": 397.21490000005747,
  "userCount": 17773,
  "lastTick": 1749299302595,
  "refEthCount": 7.261499999999979,
  "refUserCount": 317,
  "last7dReset": 1748788581689
}