{
  "ethCount": 385.51390000005273,
  "userCount": 17246,
  "lastTick": 1749299302595,
  "refEthCount": 7.261499999999979,
  "refUserCount": 317,
  "last7dReset": 1748788581689
}