{
  "ethCount": 458.18520000007686,
  "userCount": 20538,
  "lastTick": 1749299302595,
  "refEthCount": 7.261499999999979,
  "refUserCount": 317,
  "last7dReset": 1748788581689
}