{
  "ethCount": 532.7285000000783,
  "userCount": 23916,
  "lastTick": 1749299302595,
  "refEthCount": 7.261499999999979,
  "refUserCount": 317,
  "last7dReset": 1748788581689
}