{
  "ethCount": 464.97790000007916,
  "userCount": 20847,
  "lastTick": 1749299302595,
  "refEthCount": 7.261499999999979,
  "refUserCount": 317,
  "last7dReset": 1748788581689
}