{
  "ethCount": 133.89429999999774,
  "userCount": 6022,
  "lastTick": 1749299302595,
  "refEthCount": 7.261499999999979,
  "refUserCount": 317,
  "last7dReset": 1748788581689
}