{
  "ethCount": 288.7244000000178,
  "userCount": 12919,
  "lastTick": 1749299302595,
  "refEthCount": 7.261499999999979,
  "refUserCount": 317,
  "last7dReset": 1748788581689
}