{
  "ethCount": 292.96160000001873,
  "userCount": 13117,
  "lastTick": 1749299302595,
  "refEthCount": 7.261499999999979,
  "refUserCount": 317,
  "last7dReset": 1748788581689
}