{
  "ethCount": 377.35100000004957,
  "userCount": 16886,
  "lastTick": 1749299302595,
  "refEthCount": 7.261499999999979,
  "refUserCount": 317,
  "last7dReset": 1748788581689
}