{
  "ethCount": 218.44030000000282,
  "userCount": 9773,
  "lastTick": 1749299302595,
  "refEthCount": 7.261499999999979,
  "refUserCount": 317,
  "last7dReset": 1748788581689
}