{
  "ethCount": 371.6585000000479,
  "userCount": 16627,
  "lastTick": 1749299302595,
  "refEthCount": 7.261499999999979,
  "refUserCount": 317,
  "last7dReset": 1748788581689
}