{
  "ethCount": 280.18280000001465,
  "userCount": 12543,
  "lastTick": 1749299302595,
  "refEthCount": 7.261499999999979,
  "refUserCount": 317,
  "last7dReset": 1748788581689
}