{
  "ethCount": 432.8160000000681,
  "userCount": 19385,
  "lastTick": 1749299302595,
  "refEthCount": 7.261499999999979,
  "refUserCount": 317,
  "last7dReset": 1748788581689
}