{
  "ethCount": 532.3585000000784,
  "userCount": 23899,
  "lastTick": 1749299302595,
  "refEthCount": 7.261499999999979,
  "refUserCount": 317,
  "last7dReset": 1748788581689
}