{
  "ethCount": 380.15520000005074,
  "userCount": 17009,
  "lastTick": 1749299302595,
  "refEthCount": 7.261499999999979,
  "refUserCount": 317,
  "last7dReset": 1748788581689
}