{
  "ethCount": 584.0639000000418,
  "userCount": 26257,
  "lastTick": 1749299302595,
  "refEthCount": 7.261499999999979,
  "refUserCount": 317,
  "last7dReset": 1748788581689
}