{
  "ethCount": 420.17420000006484,
  "userCount": 18807,
  "lastTick": 1749299302595,
  "refEthCount": 7.261499999999979,
  "refUserCount": 317,
  "last7dReset": 1748788581689
}