{
  "ethCount": 587.030500000039,
  "userCount": 26389,
  "lastTick": 1749299302595,
  "refEthCount": 7.261499999999979,
  "refUserCount": 317,
  "last7dReset": 1748788581689
}