{
  "ethCount": 531.8177000000788,
  "userCount": 23876,
  "lastTick": 1749299302595,
  "refEthCount": 7.261499999999979,
  "refUserCount": 317,
  "last7dReset": 1748788581689
}