{
  "ethCount": 551.9255000000657,
  "userCount": 24808,
  "lastTick": 1749299302595,
  "refEthCount": 7.261499999999979,
  "refUserCount": 317,
  "last7dReset": 1748788581689
}