{
  "ethCount": 412.49200000006243,
  "userCount": 18465,
  "lastTick": 1749299302595,
  "refEthCount": 7.261499999999979,
  "refUserCount": 317,
  "last7dReset": 1748788581689
}