{
  "ethCount": 95.47669999999849,
  "userCount": 4282,
  "lastTick": 1749299302595,
  "refEthCount": 7.261499999999979,
  "refUserCount": 317,
  "last7dReset": 1748788581689
}