{
  "ethCount": 258.15980000000593,
  "userCount": 11568,
  "lastTick": 1749299302595,
  "refEthCount": 7.261499999999979,
  "refUserCount": 317,
  "last7dReset": 1748788581689
}