{
  "ethCount": 382.67540000005164,
  "userCount": 17120,
  "lastTick": 1749299302595,
  "refEthCount": 7.261499999999979,
  "refUserCount": 317,
  "last7dReset": 1748788581689
}