{
  "ethCount": 378.2550000000499,
  "userCount": 16927,
  "lastTick": 1749299302595,
  "refEthCount": 7.261499999999979,
  "refUserCount": 317,
  "last7dReset": 1748788581689
}