{
  "ethCount": 120.05529999999767,
  "userCount": 5389,
  "lastTick": 1749299302595,
  "refEthCount": 7.261499999999979,
  "refUserCount": 317,
  "last7dReset": 1748788581689
}