{
  "ethCount": 527.8650000000831,
  "userCount": 23702,
  "lastTick": 1749299302595,
  "refEthCount": 7.261499999999979,
  "refUserCount": 317,
  "last7dReset": 1748788581689
}