{
  "ethCount": 328.66760000003393,
  "userCount": 14694,
  "lastTick": 1749299302595,
  "refEthCount": 7.261499999999979,
  "refUserCount": 317,
  "last7dReset": 1748788581689
}