{
  "ethCount": 420.8229000000651,
  "userCount": 18835,
  "lastTick": 1749299302595,
  "refEthCount": 7.261499999999979,
  "refUserCount": 317,
  "last7dReset": 1748788581689
}