{
  "ethCount": 355.46780000004264,
  "userCount": 15895,
  "lastTick": 1749299302595,
  "refEthCount": 7.261499999999979,
  "refUserCount": 317,
  "last7dReset": 1748788581689
}