{
  "ethCount": 278.4066000000142,
  "userCount": 12460,
  "lastTick": 1749299302595,
  "refEthCount": 7.261499999999979,
  "refUserCount": 317,
  "last7dReset": 1748788581689
}