{
  "ethCount": 479.5719000000849,
  "userCount": 21497,
  "lastTick": 1749299302595,
  "refEthCount": 7.261499999999979,
  "refUserCount": 317,
  "last7dReset": 1748788581689
}