{
  "ethCount": 180.74740000000025,
  "userCount": 8139,
  "lastTick": 1749299302595,
  "refEthCount": 7.261499999999979,
  "refUserCount": 317,
  "last7dReset": 1748788581689
}