{
  "ethCount": 65.95969999999949,
  "userCount": 2960,
  "lastTick": 1749299302595,
  "refEthCount": 7.261499999999979,
  "refUserCount": 317,
  "last7dReset": 1748788581689
}