{
  "ethCount": 248.11750000000433,
  "userCount": 11118,
  "lastTick": 1749299302595,
  "refEthCount": 7.261499999999979,
  "refUserCount": 317,
  "last7dReset": 1748788581689
}