{
  "ethCount": 23.57010000000001,
  "userCount": 1078,
  "lastTick": 1749299302595,
  "refEthCount": 7.261499999999979,
  "refUserCount": 317,
  "last7dReset": 1748788581689
}