{
  "ethCount": 452.30950000007437,
  "userCount": 20277,
  "lastTick": 1749299302595,
  "refEthCount": 7.261499999999979,
  "refUserCount": 317,
  "last7dReset": 1748788581689
}