{
  "ethCount": 142.31039999999817,
  "userCount": 6404,
  "lastTick": 1749299302595,
  "refEthCount": 7.261499999999979,
  "refUserCount": 317,
  "last7dReset": 1748788581689
}