{
  "ethCount": 459.83840000007734,
  "userCount": 20617,
  "lastTick": 1749299302595,
  "refEthCount": 7.261499999999979,
  "refUserCount": 317,
  "last7dReset": 1748788581689
}