{
  "ethCount": 126.90259999999748,
  "userCount": 5704,
  "lastTick": 1749299302595,
  "refEthCount": 7.261499999999979,
  "refUserCount": 317,
  "last7dReset": 1748788581689
}