{
  "ethCount": 312.3205000000269,
  "userCount": 13973,
  "lastTick": 1749299302595,
  "refEthCount": 7.261499999999979,
  "refUserCount": 317,
  "last7dReset": 1748788581689
}