{
  "ethCount": 532.2564000000785,
  "userCount": 23895,
  "lastTick": 1749299302595,
  "refEthCount": 7.261499999999979,
  "refUserCount": 317,
  "last7dReset": 1748788581689
}