{
  "ethCount": 237.79400000000382,
  "userCount": 10646,
  "lastTick": 1749299302595,
  "refEthCount": 7.261499999999979,
  "refUserCount": 317,
  "last7dReset": 1748788581689
}