{
  "ethCount": 270.74610000001076,
  "userCount": 12130,
  "lastTick": 1749299302595,
  "refEthCount": 7.261499999999979,
  "refUserCount": 317,
  "last7dReset": 1748788581689
}