{
  "ethCount": 403.0831000000597,
  "userCount": 18034,
  "lastTick": 1749299302595,
  "refEthCount": 7.261499999999979,
  "refUserCount": 317,
  "last7dReset": 1748788581689
}