{
  "ethCount": 212.60640000000245,
  "userCount": 9520,
  "lastTick": 1749299302595,
  "refEthCount": 7.261499999999979,
  "refUserCount": 317,
  "last7dReset": 1748788581689
}