{
  "ethCount": 288.66960000001774,
  "userCount": 12917,
  "lastTick": 1749299302595,
  "refEthCount": 7.261499999999979,
  "refUserCount": 317,
  "last7dReset": 1748788581689
}