{
  "ethCount": 342.9916000000386,
  "userCount": 15337,
  "lastTick": 1749299302595,
  "refEthCount": 7.261499999999979,
  "refUserCount": 317,
  "last7dReset": 1748788581689
}