{
  "ethCount": 493.6219000000884,
  "userCount": 22158,
  "lastTick": 1749299302595,
  "refEthCount": 7.261499999999979,
  "refUserCount": 317,
  "last7dReset": 1748788581689
}