{
  "ethCount": 306.5265000000243,
  "userCount": 13718,
  "lastTick": 1749299302595,
  "refEthCount": 7.261499999999979,
  "refUserCount": 317,
  "last7dReset": 1748788581689
}