{
  "ethCount": 141.69589999999818,
  "userCount": 6377,
  "lastTick": 1749299302595,
  "refEthCount": 7.261499999999979,
  "refUserCount": 317,
  "last7dReset": 1748788581689
}