{
  "ethCount": 259.5793000000063,
  "userCount": 11634,
  "lastTick": 1749299302595,
  "refEthCount": 7.261499999999979,
  "refUserCount": 317,
  "last7dReset": 1748788581689
}