{
  "ethCount": 354.94440000004255,
  "userCount": 15871,
  "lastTick": 1749299302595,
  "refEthCount": 7.261499999999979,
  "refUserCount": 317,
  "last7dReset": 1748788581689
}