{
  "ethCount": 374.87120000004904,
  "userCount": 16773,
  "lastTick": 1749299302595,
  "refEthCount": 7.261499999999979,
  "refUserCount": 317,
  "last7dReset": 1748788581689
}