{
  "ethCount": 290.74170000001834,
  "userCount": 13015,
  "lastTick": 1749299302595,
  "refEthCount": 7.261499999999979,
  "refUserCount": 317,
  "last7dReset": 1748788581689
}