{
  "ethCount": 579.0867000000464,
  "userCount": 26039,
  "lastTick": 1749299302595,
  "refEthCount": 7.261499999999979,
  "refUserCount": 317,
  "last7dReset": 1748788581689
}