{
  "ethCount": 280.23010000001466,
  "userCount": 12545,
  "lastTick": 1749299302595,
  "refEthCount": 7.261499999999979,
  "refUserCount": 317,
  "last7dReset": 1748788581689
}