{
  "ethCount": 460.0024000000774,
  "userCount": 20624,
  "lastTick": 1749299302595,
  "refEthCount": 7.261499999999979,
  "refUserCount": 317,
  "last7dReset": 1748788581689
}