{
  "ethCount": 408.3983000000612,
  "userCount": 18280,
  "lastTick": 1749299302595,
  "refEthCount": 7.261499999999979,
  "refUserCount": 317,
  "last7dReset": 1748788581689
}