{
  "ethCount": 460.9091000000779,
  "userCount": 20665,
  "lastTick": 1749299302595,
  "refEthCount": 7.261499999999979,
  "refUserCount": 317,
  "last7dReset": 1748788581689
}