{
  "ethCount": 167.11489999999952,
  "userCount": 7519,
  "lastTick": 1749299302595,
  "refEthCount": 7.261499999999979,
  "refUserCount": 317,
  "last7dReset": 1748788581689
}