{
  "ethCount": 328.7061000000338,
  "userCount": 14698,
  "lastTick": 1749299302595,
  "refEthCount": 7.261499999999979,
  "refUserCount": 317,
  "last7dReset": 1748788581689
}