{
  "ethCount": 357.05110000004333,
  "userCount": 15967,
  "lastTick": 1749299302595,
  "refEthCount": 7.261499999999979,
  "refUserCount": 317,
  "last7dReset": 1748788581689
}