{
  "ethCount": 503.42100000009145,
  "userCount": 22601,
  "lastTick": 1749299302595,
  "refEthCount": 7.261499999999979,
  "refUserCount": 317,
  "last7dReset": 1748788581689
}