{
  "ethCount": 441.7147000000705,
  "userCount": 19794,
  "lastTick": 1749299302595,
  "refEthCount": 7.261499999999979,
  "refUserCount": 317,
  "last7dReset": 1748788581689
}