{
  "ethCount": 196.97970000000132,
  "userCount": 8839,
  "lastTick": 1749299302595,
  "refEthCount": 7.261499999999979,
  "refUserCount": 317,
  "last7dReset": 1748788581689
}