{
  "ethCount": 226.02890000000312,
  "userCount": 10112,
  "lastTick": 1749299302595,
  "refEthCount": 7.261499999999979,
  "refUserCount": 317,
  "last7dReset": 1748788581689
}