{
  "ethCount": 129.0939999999975,
  "userCount": 5802,
  "lastTick": 1749299302595,
  "refEthCount": 7.261499999999979,
  "refUserCount": 317,
  "last7dReset": 1748788581689
}