{
  "ethCount": 279.58280000001446,
  "userCount": 12515,
  "lastTick": 1749299302595,
  "refEthCount": 7.261499999999979,
  "refUserCount": 317,
  "last7dReset": 1748788581689
}