{
  "ethCount": 414.6547000000633,
  "userCount": 18561,
  "lastTick": 1749299302595,
  "refEthCount": 7.261499999999979,
  "refUserCount": 317,
  "last7dReset": 1748788581689
}