{
  "ethCount": 376.2134000000492,
  "userCount": 16838,
  "lastTick": 1749299302595,
  "refEthCount": 7.261499999999979,
  "refUserCount": 317,
  "last7dReset": 1748788581689
}