{
  "ethCount": 60.388799999999584,
  "userCount": 2713,
  "lastTick": 1749299302595,
  "refEthCount": 7.261499999999979,
  "refUserCount": 317,
  "last7dReset": 1748788581689
}