{
  "ethCount": 178.50910000000013,
  "userCount": 8033,
  "lastTick": 1749299302595,
  "refEthCount": 7.261499999999979,
  "refUserCount": 317,
  "last7dReset": 1748788581689
}