{
  "ethCount": 305.82440000002396,
  "userCount": 13685,
  "lastTick": 1749299302595,
  "refEthCount": 7.261499999999979,
  "refUserCount": 317,
  "last7dReset": 1748788581689
}