{
  "ethCount": 499.12680000008953,
  "userCount": 22417,
  "lastTick": 1749299302595,
  "refEthCount": 7.261499999999979,
  "refUserCount": 317,
  "last7dReset": 1748788581689
}