{
  "ethCount": 172.98649999999984,
  "userCount": 7782,
  "lastTick": 1749299302595,
  "refEthCount": 7.261499999999979,
  "refUserCount": 317,
  "last7dReset": 1748788581689
}