{
  "ethCount": 303.6697000000234,
  "userCount": 13588,
  "lastTick": 1749299302595,
  "refEthCount": 7.261499999999979,
  "refUserCount": 317,
  "last7dReset": 1748788581689
}