{
  "ethCount": 276.04740000001294,
  "userCount": 12357,
  "lastTick": 1749299302595,
  "refEthCount": 7.261499999999979,
  "refUserCount": 317,
  "last7dReset": 1748788581689
}