{
  "ethCount": 430.69980000006734,
  "userCount": 19291,
  "lastTick": 1749299302595,
  "refEthCount": 7.261499999999979,
  "refUserCount": 317,
  "last7dReset": 1748788581689
}