{
  "ethCount": 144.90919999999835,
  "userCount": 6517,
  "lastTick": 1749299302595,
  "refEthCount": 7.261499999999979,
  "refUserCount": 317,
  "last7dReset": 1748788581689
}