{
  "ethCount": 330.79730000003457,
  "userCount": 14791,
  "lastTick": 1749299302595,
  "refEthCount": 7.261499999999979,
  "refUserCount": 317,
  "last7dReset": 1748788581689
}