{
  "ethCount": 504.47080000009174,
  "userCount": 22648,
  "lastTick": 1749299302595,
  "refEthCount": 7.261499999999979,
  "refUserCount": 317,
  "last7dReset": 1748788581689
}