{
  "ethCount": 481.98860000008557,
  "userCount": 21607,
  "lastTick": 1749299302595,
  "refEthCount": 7.261499999999979,
  "refUserCount": 317,
  "last7dReset": 1748788581689
}