{
  "ethCount": 362.53850000004525,
  "userCount": 16208,
  "lastTick": 1749299302595,
  "refEthCount": 7.261499999999979,
  "refUserCount": 317,
  "last7dReset": 1748788581689
}