{
  "ethCount": 38.76639999999996,
  "userCount": 1752,
  "lastTick": 1749299302595,
  "refEthCount": 7.261499999999979,
  "refUserCount": 317,
  "last7dReset": 1748788581689
}