{
  "ethCount": 272.71010000001166,
  "userCount": 12212,
  "lastTick": 1749299302595,
  "refEthCount": 7.261499999999979,
  "refUserCount": 317,
  "last7dReset": 1748788581689
}