{
  "ethCount": 253.42620000000468,
  "userCount": 11362,
  "lastTick": 1749299302595,
  "refEthCount": 7.261499999999979,
  "refUserCount": 317,
  "last7dReset": 1748788581689
}