{
  "ethCount": 84.60129999999886,
  "userCount": 3795,
  "lastTick": 1749299302595,
  "refEthCount": 7.261499999999979,
  "refUserCount": 317,
  "last7dReset": 1748788581689
}