{
  "ethCount": 575.5994000000488,
  "userCount": 25878,
  "lastTick": 1749299302595,
  "refEthCount": 7.261499999999979,
  "refUserCount": 317,
  "last7dReset": 1748788581689
}