{
  "ethCount": 413.1216000000625,
  "userCount": 18496,
  "lastTick": 1749299302595,
  "refEthCount": 7.261499999999979,
  "refUserCount": 317,
  "last7dReset": 1748788581689
}