{
  "ethCount": 411.36780000006195,
  "userCount": 18417,
  "lastTick": 1749299302595,
  "refEthCount": 7.261499999999979,
  "refUserCount": 317,
  "last7dReset": 1748788581689
}