{
  "ethCount": 517.6508000000913,
  "userCount": 23238,
  "lastTick": 1749299302595,
  "refEthCount": 7.261499999999979,
  "refUserCount": 317,
  "last7dReset": 1748788581689
}