{
  "ethCount": 135.6157999999979,
  "userCount": 6103,
  "lastTick": 1749299302595,
  "refEthCount": 7.261499999999979,
  "refUserCount": 317,
  "last7dReset": 1748788581689
}