{
  "ethCount": 115.82929999999783,
  "userCount": 5195,
  "lastTick": 1749299302595,
  "refEthCount": 7.261499999999979,
  "refUserCount": 317,
  "last7dReset": 1748788581689
}