{
  "ethCount": 518.2577000000906,
  "userCount": 23265,
  "lastTick": 1749299302595,
  "refEthCount": 7.261499999999979,
  "refUserCount": 317,
  "last7dReset": 1748788581689
}