{
  "ethCount": 279.05190000001437,
  "userCount": 12491,
  "lastTick": 1749299302595,
  "refEthCount": 7.261499999999979,
  "refUserCount": 317,
  "last7dReset": 1748788581689
}