{
  "ethCount": 528.5140000000823,
  "userCount": 23729,
  "lastTick": 1749299302595,
  "refEthCount": 7.261499999999979,
  "refUserCount": 317,
  "last7dReset": 1748788581689
}