{
  "ethCount": 603.6902000000254,
  "userCount": 27124,
  "lastTick": 1749299302595,
  "refEthCount": 7.261499999999979,
  "refUserCount": 317,
  "last7dReset": 1748788581689
}