{
  "ethCount": 236.69550000000368,
  "userCount": 10598,
  "lastTick": 1749299302595,
  "refEthCount": 7.261499999999979,
  "refUserCount": 317,
  "last7dReset": 1748788581689
}