{
  "ethCount": 379.2483000000502,
  "userCount": 16974,
  "lastTick": 1749299302595,
  "refEthCount": 7.261499999999979,
  "refUserCount": 317,
  "last7dReset": 1748788581689
}