{
  "ethCount": 77.12969999999909,
  "userCount": 3463,
  "lastTick": 1749299302595,
  "refEthCount": 7.261499999999979,
  "refUserCount": 317,
  "last7dReset": 1748788581689
}