{
  "ethCount": 348.50880000004054,
  "userCount": 15580,
  "lastTick": 1749299302595,
  "refEthCount": 7.261499999999979,
  "refUserCount": 317,
  "last7dReset": 1748788581689
}