{
  "ethCount": 491.40110000008775,
  "userCount": 22055,
  "lastTick": 1749299302595,
  "refEthCount": 7.261499999999979,
  "refUserCount": 317,
  "last7dReset": 1748788581689
}