{
  "ethCount": 71.19929999999928,
  "userCount": 3200,
  "lastTick": 1749299302595,
  "refEthCount": 7.261499999999979,
  "refUserCount": 317,
  "last7dReset": 1748788581689
}