{
  "ethCount": 339.0556000000371,
  "userCount": 15164,
  "lastTick": 1749299302595,
  "refEthCount": 7.261499999999979,
  "refUserCount": 317,
  "last7dReset": 1748788581689
}