{
  "ethCount": 504.95510000009193,
  "userCount": 22668,
  "lastTick": 1749299302595,
  "refEthCount": 7.261499999999979,
  "refUserCount": 317,
  "last7dReset": 1748788581689
}