{
  "ethCount": 411.70020000006207,
  "userCount": 18431,
  "lastTick": 1749299302595,
  "refEthCount": 7.261499999999979,
  "refUserCount": 317,
  "last7dReset": 1748788581689
}