{
  "ethCount": 380.95630000005093,
  "userCount": 17042,
  "lastTick": 1749299302595,
  "refEthCount": 7.261499999999979,
  "refUserCount": 317,
  "last7dReset": 1748788581689
}