{
  "ethCount": 240.60740000000393,
  "userCount": 10776,
  "lastTick": 1749299302595,
  "refEthCount": 7.261499999999979,
  "refUserCount": 317,
  "last7dReset": 1748788581689
}