{
  "ethCount": 244.8840000000042,
  "userCount": 10976,
  "lastTick": 1749299302595,
  "refEthCount": 7.261499999999979,
  "refUserCount": 317,
  "last7dReset": 1748788581689
}