{
  "ethCount": 571.9636000000518,
  "userCount": 25715,
  "lastTick": 1749299302595,
  "refEthCount": 7.261499999999979,
  "refUserCount": 317,
  "last7dReset": 1748788581689
}