{
  "ethCount": 399.02970000005865,
  "userCount": 17847,
  "lastTick": 1749299302595,
  "refEthCount": 7.261499999999979,
  "refUserCount": 317,
  "last7dReset": 1748788581689
}