{
  "ethCount": 327.26660000003307,
  "userCount": 14637,
  "lastTick": 1749299302595,
  "refEthCount": 7.261499999999979,
  "refUserCount": 317,
  "last7dReset": 1748788581689
}