{
  "ethCount": 443.413900000071,
  "userCount": 19873,
  "lastTick": 1749299302595,
  "refEthCount": 7.261499999999979,
  "refUserCount": 317,
  "last7dReset": 1748788581689
}