{
  "ethCount": 541.7047000000724,
  "userCount": 24337,
  "lastTick": 1749299302595,
  "refEthCount": 7.261499999999979,
  "refUserCount": 317,
  "last7dReset": 1748788581689
}