{
  "ethCount": 456.62340000007606,
  "userCount": 20468,
  "lastTick": 1749299302595,
  "refEthCount": 7.261499999999979,
  "refUserCount": 317,
  "last7dReset": 1748788581689
}