{
  "ethCount": 550.1853000000671,
  "userCount": 24729,
  "lastTick": 1749299302595,
  "refEthCount": 7.261499999999979,
  "refUserCount": 317,
  "last7dReset": 1748788581689
}