{
  "ethCount": 88.64629999999875,
  "userCount": 3978,
  "lastTick": 1749299302595,
  "refEthCount": 7.261499999999979,
  "refUserCount": 317,
  "last7dReset": 1748788581689
}