{
  "ethCount": 287.69880000001734,
  "userCount": 12878,
  "lastTick": 1749299302595,
  "refEthCount": 7.261499999999979,
  "refUserCount": 317,
  "last7dReset": 1748788581689
}