{
  "ethCount": 88.81769999999874,
  "userCount": 3987,
  "lastTick": 1749299302595,
  "refEthCount": 7.261499999999979,
  "refUserCount": 317,
  "last7dReset": 1748788581689
}