{
  "ethCount": 96.85469999999843,
  "userCount": 4341,
  "lastTick": 1749299302595,
  "refEthCount": 7.261499999999979,
  "refUserCount": 317,
  "last7dReset": 1748788581689
}