{
  "ethCount": 374.04060000004887,
  "userCount": 16736,
  "lastTick": 1749299302595,
  "refEthCount": 7.261499999999979,
  "refUserCount": 317,
  "last7dReset": 1748788581689
}