{
  "ethCount": 493.00990000008824,
  "userCount": 22130,
  "lastTick": 1749299302595,
  "refEthCount": 7.261499999999979,
  "refUserCount": 317,
  "last7dReset": 1748788581689
}