{
  "ethCount": 72.61269999999925,
  "userCount": 3264,
  "lastTick": 1749299302595,
  "refEthCount": 7.261499999999979,
  "refUserCount": 317,
  "last7dReset": 1748788581689
}