{
  "ethCount": 431.26430000006746,
  "userCount": 19316,
  "lastTick": 1749299302595,
  "refEthCount": 7.261499999999979,
  "refUserCount": 317,
  "last7dReset": 1748788581689
}