{
  "ethCount": 181.92420000000033,
  "userCount": 8185,
  "lastTick": 1749299302595,
  "refEthCount": 7.261499999999979,
  "refUserCount": 317,
  "last7dReset": 1748788581689
}