{
  "ethCount": 148.17009999999848,
  "userCount": 6670,
  "lastTick": 1749299302595,
  "refEthCount": 7.261499999999979,
  "refUserCount": 317,
  "last7dReset": 1748788581689
}