{
  "ethCount": 300.7113000000225,
  "userCount": 13457,
  "lastTick": 1749299302595,
  "refEthCount": 7.261499999999979,
  "refUserCount": 317,
  "last7dReset": 1748788581689
}