{
  "ethCount": 315.89400000002877,
  "userCount": 14131,
  "lastTick": 1749299302595,
  "refEthCount": 7.261499999999979,
  "refUserCount": 317,
  "last7dReset": 1748788581689
}