{
  "ethCount": 60.08319999999958,
  "userCount": 2700,
  "lastTick": 1749299302595,
  "refEthCount": 7.261499999999979,
  "refUserCount": 317,
  "last7dReset": 1748788581689
}