{
  "ethCount": 363.97350000004576,
  "userCount": 16272,
  "lastTick": 1749299302595,
  "refEthCount": 7.261499999999979,
  "refUserCount": 317,
  "last7dReset": 1748788581689
}