{
  "ethCount": 428.86660000006714,
  "userCount": 19205,
  "lastTick": 1749299302595,
  "refEthCount": 7.261499999999979,
  "refUserCount": 317,
  "last7dReset": 1748788581689
}