{
  "ethCount": 505.1433000000919,
  "userCount": 22677,
  "lastTick": 1749299302595,
  "refEthCount": 7.261499999999979,
  "refUserCount": 317,
  "last7dReset": 1748788581689
}