{
  "ethCount": 347.4926000000403,
  "userCount": 15531,
  "lastTick": 1749299302595,
  "refEthCount": 7.261499999999979,
  "refUserCount": 317,
  "last7dReset": 1748788581689
}