{
  "ethCount": 64.96299999999951,
  "userCount": 2920,
  "lastTick": 1749299302595,
  "refEthCount": 7.261499999999979,
  "refUserCount": 317,
  "last7dReset": 1748788581689
}