{
  "ethCount": 492.6596000000882,
  "userCount": 22112,
  "lastTick": 1749299302595,
  "refEthCount": 7.261499999999979,
  "refUserCount": 317,
  "last7dReset": 1748788581689
}