{
  "ethCount": 443.58700000007104,
  "userCount": 19881,
  "lastTick": 1749299302595,
  "refEthCount": 7.261499999999979,
  "refUserCount": 317,
  "last7dReset": 1748788581689
}