{
  "ethCount": 132.47189999999765,
  "userCount": 5955,
  "lastTick": 1749299302595,
  "refEthCount": 7.261499999999979,
  "refUserCount": 317,
  "last7dReset": 1748788581689
}