{
  "ethCount": 262.97970000000765,
  "userCount": 11782,
  "lastTick": 1749299302595,
  "refEthCount": 7.261499999999979,
  "refUserCount": 317,
  "last7dReset": 1748788581689
}