{
  "ethCount": 457.47000000007654,
  "userCount": 20506,
  "lastTick": 1749299302595,
  "refEthCount": 7.261499999999979,
  "refUserCount": 317,
  "last7dReset": 1748788581689
}