{
  "ethCount": 440.5864000000702,
  "userCount": 19741,
  "lastTick": 1749299302595,
  "refEthCount": 7.261499999999979,
  "refUserCount": 317,
  "last7dReset": 1748788581689
}