{
  "ethCount": 340.88430000003774,
  "userCount": 15247,
  "lastTick": 1749299302595,
  "refEthCount": 7.261499999999979,
  "refUserCount": 317,
  "last7dReset": 1748788581689
}