{
  "ethCount": 23.80920000000001,
  "userCount": 1090,
  "lastTick": 1749299302595,
  "refEthCount": 7.261499999999979,
  "refUserCount": 317,
  "last7dReset": 1748788581689
}