{
  "ethCount": 368.0234000000472,
  "userCount": 16458,
  "lastTick": 1749299302595,
  "refEthCount": 7.261499999999979,
  "refUserCount": 317,
  "last7dReset": 1748788581689
}