{
  "ethCount": 588.6104000000381,
  "userCount": 26462,
  "lastTick": 1749299302595,
  "refEthCount": 7.261499999999979,
  "refUserCount": 317,
  "last7dReset": 1748788581689
}