{
  "ethCount": 462.6043000000784,
  "userCount": 20741,
  "lastTick": 1749299302595,
  "refEthCount": 7.261499999999979,
  "refUserCount": 317,
  "last7dReset": 1748788581689
}