{
  "ethCount": 508.66370000009346,
  "userCount": 22832,
  "lastTick": 1749299302595,
  "refEthCount": 7.261499999999979,
  "refUserCount": 317,
  "last7dReset": 1748788581689
}