{
  "ethCount": 305.41110000002385,
  "userCount": 13669,
  "lastTick": 1749299302595,
  "refEthCount": 7.261499999999979,
  "refUserCount": 317,
  "last7dReset": 1748788581689
}