{
  "ethCount": 587.2299000000387,
  "userCount": 26397,
  "lastTick": 1749299302595,
  "refEthCount": 7.261499999999979,
  "refUserCount": 317,
  "last7dReset": 1748788581689
}