{
  "ethCount": 148.86449999999851,
  "userCount": 6703,
  "lastTick": 1749299302595,
  "refEthCount": 7.261499999999979,
  "refUserCount": 317,
  "last7dReset": 1748788581689
}