{
  "ethCount": 126.83569999999747,
  "userCount": 5701,
  "lastTick": 1749299302595,
  "refEthCount": 7.261499999999979,
  "refUserCount": 317,
  "last7dReset": 1748788581689
}