{
  "ethCount": 114.12409999999792,
  "userCount": 5119,
  "lastTick": 1749299302595,
  "refEthCount": 7.261499999999979,
  "refUserCount": 317,
  "last7dReset": 1748788581689
}