{
  "ethCount": 499.4106000000896,
  "userCount": 22431,
  "lastTick": 1749299302595,
  "refEthCount": 7.261499999999979,
  "refUserCount": 317,
  "last7dReset": 1748788581689
}