{
  "ethCount": 415.03240000006355,
  "userCount": 18576,
  "lastTick": 1749299302595,
  "refEthCount": 7.261499999999979,
  "refUserCount": 317,
  "last7dReset": 1748788581689
}