{
  "ethCount": 310.75690000002635,
  "userCount": 13900,
  "lastTick": 1749299302595,
  "refEthCount": 7.261499999999979,
  "refUserCount": 317,
  "last7dReset": 1748788581689
}