{
  "ethCount": 330.5947000000345,
  "userCount": 14782,
  "lastTick": 1749299302595,
  "refEthCount": 7.261499999999979,
  "refUserCount": 317,
  "last7dReset": 1748788581689
}