{
  "ethCount": 148.68559999999852,
  "userCount": 6694,
  "lastTick": 1749299302595,
  "refEthCount": 7.261499999999979,
  "refUserCount": 317,
  "last7dReset": 1748788581689
}