{
  "ethCount": 0.9374999999999998,
  "userCount": 45,
  "lastTick": 1749299302595,
  "refEthCount": 7.261499999999979,
  "refUserCount": 317,
  "last7dReset": 1748788581689
}