{
  "ethCount": 335.8099000000361,
  "userCount": 15018,
  "lastTick": 1749299302595,
  "refEthCount": 7.261499999999979,
  "refUserCount": 317,
  "last7dReset": 1748788581689
}