{
  "ethCount": 511.587300000095,
  "userCount": 22958,
  "lastTick": 1749299302595,
  "refEthCount": 7.261499999999979,
  "refUserCount": 317,
  "last7dReset": 1748788581689
}