{
  "ethCount": 183.76920000000038,
  "userCount": 8269,
  "lastTick": 1749299302595,
  "refEthCount": 7.261499999999979,
  "refUserCount": 317,
  "last7dReset": 1748788581689
}