{
  "ethCount": 207.98050000000202,
  "userCount": 9323,
  "lastTick": 1749299302595,
  "refEthCount": 7.261499999999979,
  "refUserCount": 317,
  "last7dReset": 1748788581689
}