{
  "ethCount": 325.4175000000321,
  "userCount": 14557,
  "lastTick": 1749299302595,
  "refEthCount": 7.261499999999979,
  "refUserCount": 317,
  "last7dReset": 1748788581689
}