{
  "ethCount": 431.32780000006755,
  "userCount": 19318,
  "lastTick": 1749299302595,
  "refEthCount": 7.261499999999979,
  "refUserCount": 317,
  "last7dReset": 1748788581689
}