{
  "ethCount": 397.78030000005754,
  "userCount": 17800,
  "lastTick": 1749299302595,
  "refEthCount": 7.261499999999979,
  "refUserCount": 317,
  "last7dReset": 1748788581689
}