{
  "ethCount": 581.1376000000444,
  "userCount": 26128,
  "lastTick": 1749299302595,
  "refEthCount": 7.261499999999979,
  "refUserCount": 317,
  "last7dReset": 1748788581689
}