{
  "ethCount": 161.7936999999992,
  "userCount": 7293,
  "lastTick": 1749299302595,
  "refEthCount": 7.261499999999979,
  "refUserCount": 317,
  "last7dReset": 1748788581689
}