{
  "ethCount": 360.13120000004415,
  "userCount": 16107,
  "lastTick": 1749299302595,
  "refEthCount": 7.261499999999979,
  "refUserCount": 317,
  "last7dReset": 1748788581689
}