{
  "ethCount": 73.9791999999992,
  "userCount": 3324,
  "lastTick": 1749299302595,
  "refEthCount": 7.261499999999979,
  "refUserCount": 317,
  "last7dReset": 1748788581689
}