{
  "ethCount": 278.8781000000143,
  "userCount": 12483,
  "lastTick": 1749299302595,
  "refEthCount": 7.261499999999979,
  "refUserCount": 317,
  "last7dReset": 1748788581689
}