{
  "ethCount": 152.5817999999987,
  "userCount": 6878,
  "lastTick": 1749299302595,
  "refEthCount": 7.261499999999979,
  "refUserCount": 317,
  "last7dReset": 1748788581689
}