{
  "ethCount": 518.7245000000895,
  "userCount": 23280,
  "lastTick": 1749299302595,
  "refEthCount": 7.261499999999979,
  "refUserCount": 317,
  "last7dReset": 1748788581689
}