{
  "ethCount": 411.02730000006187,
  "userCount": 18403,
  "lastTick": 1749299302595,
  "refEthCount": 7.261499999999979,
  "refUserCount": 317,
  "last7dReset": 1748788581689
}