{
  "ethCount": 477.53890000008425,
  "userCount": 21405,
  "lastTick": 1749299302595,
  "refEthCount": 7.261499999999979,
  "refUserCount": 317,
  "last7dReset": 1748788581689
}