{
  "ethCount": 144.5598999999983,
  "userCount": 6505,
  "lastTick": 1749299302595,
  "refEthCount": 7.261499999999979,
  "refUserCount": 317,
  "last7dReset": 1748788581689
}