{
  "ethCount": 328.2618000000336,
  "userCount": 14678,
  "lastTick": 1749299302595,
  "refEthCount": 7.261499999999979,
  "refUserCount": 317,
  "last7dReset": 1748788581689
}