{
  "ethCount": 35.89559999999999,
  "userCount": 1620,
  "lastTick": 1749299302595,
  "refEthCount": 7.261499999999979,
  "refUserCount": 317,
  "last7dReset": 1748788581689
}