{
  "ethCount": 509.3238000000937,
  "userCount": 22863,
  "lastTick": 1749299302595,
  "refEthCount": 7.261499999999979,
  "refUserCount": 317,
  "last7dReset": 1748788581689
}