{
  "ethCount": 56.300899999999636,
  "userCount": 2522,
  "lastTick": 1749299302595,
  "refEthCount": 7.261499999999979,
  "refUserCount": 317,
  "last7dReset": 1748788581689
}