{
  "ethCount": 491.10100000008765,
  "userCount": 22041,
  "lastTick": 1749299302595,
  "refEthCount": 7.261499999999979,
  "refUserCount": 317,
  "last7dReset": 1748788581689
}