{
  "ethCount": 326.22540000003255,
  "userCount": 14592,
  "lastTick": 1749299302595,
  "refEthCount": 7.261499999999979,
  "refUserCount": 317,
  "last7dReset": 1748788581689
}