{
  "ethCount": 448.47480000007266,
  "userCount": 20104,
  "lastTick": 1749299302595,
  "refEthCount": 7.261499999999979,
  "refUserCount": 317,
  "last7dReset": 1748788581689
}