{
  "ethCount": 459.0938000000771,
  "userCount": 20581,
  "lastTick": 1749299302595,
  "refEthCount": 7.261499999999979,
  "refUserCount": 317,
  "last7dReset": 1748788581689
}