{
  "ethCount": 380.0715000000507,
  "userCount": 17006,
  "lastTick": 1749299302595,
  "refEthCount": 7.261499999999979,
  "refUserCount": 317,
  "last7dReset": 1748788581689
}