{
  "ethCount": 372.7013000000484,
  "userCount": 16675,
  "lastTick": 1749299302595,
  "refEthCount": 7.261499999999979,
  "refUserCount": 317,
  "last7dReset": 1748788581689
}