{
  "ethCount": 480.80780000008514,
  "userCount": 21555,
  "lastTick": 1749299302595,
  "refEthCount": 7.261499999999979,
  "refUserCount": 317,
  "last7dReset": 1748788581689
}