{
  "ethCount": 29.661100000000033,
  "userCount": 1348,
  "lastTick": 1749299302595,
  "refEthCount": 7.261499999999979,
  "refUserCount": 317,
  "last7dReset": 1748788581689
}