{
  "ethCount": 383.0650000000517,
  "userCount": 17138,
  "lastTick": 1749299302595,
  "refEthCount": 7.261499999999979,
  "refUserCount": 317,
  "last7dReset": 1748788581689
}