{
  "ethCount": 479.4490000000848,
  "userCount": 21492,
  "lastTick": 1749299302595,
  "refEthCount": 7.261499999999979,
  "refUserCount": 317,
  "last7dReset": 1748788581689
}