{
  "ethCount": 420.1350000000648,
  "userCount": 18805,
  "lastTick": 1749299302595,
  "refEthCount": 7.261499999999979,
  "refUserCount": 317,
  "last7dReset": 1748788581689
}