{
  "ethCount": 503.1929000000914,
  "userCount": 22592,
  "lastTick": 1749299302595,
  "refEthCount": 7.261499999999979,
  "refUserCount": 317,
  "last7dReset": 1748788581689
}