{
  "ethCount": 593.3249000000342,
  "userCount": 26665,
  "lastTick": 1749299302595,
  "refEthCount": 7.261499999999979,
  "refUserCount": 317,
  "last7dReset": 1748788581689
}