{
  "ethCount": 249.6432000000044,
  "userCount": 11185,
  "lastTick": 1749299302595,
  "refEthCount": 7.261499999999979,
  "refUserCount": 317,
  "last7dReset": 1748788581689
}