{
  "ethCount": 397.75270000005764,
  "userCount": 17797,
  "lastTick": 1749299302595,
  "refEthCount": 7.261499999999979,
  "refUserCount": 317,
  "last7dReset": 1748788581689
}