{
  "ethCount": 475.0878000000834,
  "userCount": 21295,
  "lastTick": 1749299302595,
  "refEthCount": 7.261499999999979,
  "refUserCount": 317,
  "last7dReset": 1748788581689
}