{
  "ethCount": 91.16849999999862,
  "userCount": 4095,
  "lastTick": 1749299302595,
  "refEthCount": 7.261499999999979,
  "refUserCount": 317,
  "last7dReset": 1748788581689
}