{
  "ethCount": 221.42740000000293,
  "userCount": 9902,
  "lastTick": 1749299302595,
  "refEthCount": 7.261499999999979,
  "refUserCount": 317,
  "last7dReset": 1748788581689
}