{
  "ethCount": 103.21209999999822,
  "userCount": 4627,
  "lastTick": 1749299302595,
  "refEthCount": 7.261499999999979,
  "refUserCount": 317,
  "last7dReset": 1748788581689
}