{
  "ethCount": 360.64890000004425,
  "userCount": 16130,
  "lastTick": 1749299302595,
  "refEthCount": 7.261499999999979,
  "refUserCount": 317,
  "last7dReset": 1748788581689
}