{
  "ethCount": 474.51320000008315,
  "userCount": 21270,
  "lastTick": 1749299302595,
  "refEthCount": 7.261499999999979,
  "refUserCount": 317,
  "last7dReset": 1748788581689
}