{
  "ethCount": 499.7856000000898,
  "userCount": 22448,
  "lastTick": 1749299302595,
  "refEthCount": 7.261499999999979,
  "refUserCount": 317,
  "last7dReset": 1748788581689
}