{
  "ethCount": 68.64899999999935,
  "userCount": 3080,
  "lastTick": 1749299302595,
  "refEthCount": 7.261499999999979,
  "refUserCount": 317,
  "last7dReset": 1748788581689
}