{
  "ethCount": 352.90510000004207,
  "userCount": 15778,
  "lastTick": 1749299302595,
  "refEthCount": 7.261499999999979,
  "refUserCount": 317,
  "last7dReset": 1748788581689
}