{
  "ethCount": 461.5233000000781,
  "userCount": 20692,
  "lastTick": 1749299302595,
  "refEthCount": 7.261499999999979,
  "refUserCount": 317,
  "last7dReset": 1748788581689
}