{
  "ethCount": 439.02450000006996,
  "userCount": 19666,
  "lastTick": 1749299302595,
  "refEthCount": 7.261499999999979,
  "refUserCount": 317,
  "last7dReset": 1748788581689
}