{
  "ethCount": 96.78779999999843,
  "userCount": 4338,
  "lastTick": 1749299302595,
  "refEthCount": 7.261499999999979,
  "refUserCount": 317,
  "last7dReset": 1748788581689
}