{
  "ethCount": 150.6592999999986,
  "userCount": 6788,
  "lastTick": 1749299302595,
  "refEthCount": 7.261499999999979,
  "refUserCount": 317,
  "last7dReset": 1748788581689
}