{
  "ethCount": 293.93260000001925,
  "userCount": 13156,
  "lastTick": 1749299302595,
  "refEthCount": 7.261499999999979,
  "refUserCount": 317,
  "last7dReset": 1748788581689
}