{
  "ethCount": 342.4762000000383,
  "userCount": 15317,
  "lastTick": 1749299302595,
  "refEthCount": 7.261499999999979,
  "refUserCount": 317,
  "last7dReset": 1748788581689
}