{
  "ethCount": 53.860399999999665,
  "userCount": 2410,
  "lastTick": 1749299302595,
  "refEthCount": 7.261499999999979,
  "refUserCount": 317,
  "last7dReset": 1748788581689
}