{
  "ethCount": 233.77840000000353,
  "userCount": 10465,
  "lastTick": 1749299302595,
  "refEthCount": 7.261499999999979,
  "refUserCount": 317,
  "last7dReset": 1748788581689
}