{
  "ethCount": 373.15200000004864,
  "userCount": 16693,
  "lastTick": 1749299302595,
  "refEthCount": 7.261499999999979,
  "refUserCount": 317,
  "last7dReset": 1748788581689
}