{
  "ethCount": 534.1482000000775,
  "userCount": 23983,
  "lastTick": 1749299302595,
  "refEthCount": 7.261499999999979,
  "refUserCount": 317,
  "last7dReset": 1748788581689
}