{
  "ethCount": 365.3279000000463,
  "userCount": 16334,
  "lastTick": 1749299302595,
  "refEthCount": 7.261499999999979,
  "refUserCount": 317,
  "last7dReset": 1748788581689
}