{
  "ethCount": 467.6861000000808,
  "userCount": 20960,
  "lastTick": 1749299302595,
  "refEthCount": 7.261499999999979,
  "refUserCount": 317,
  "last7dReset": 1748788581689
}