{
  "ethCount": 556.3521000000628,
  "userCount": 25013,
  "lastTick": 1749299302595,
  "refEthCount": 7.261499999999979,
  "refUserCount": 317,
  "last7dReset": 1748788581689
}