{
  "ethCount": 70.32449999999929,
  "userCount": 3161,
  "lastTick": 1749299302595,
  "refEthCount": 7.261499999999979,
  "refUserCount": 317,
  "last7dReset": 1748788581689
}