{
  "ethCount": 471.67370000008276,
  "userCount": 21136,
  "lastTick": 1749299302595,
  "refEthCount": 7.261499999999979,
  "refUserCount": 317,
  "last7dReset": 1748788581689
}