{
  "ethCount": 223.03240000000304,
  "userCount": 9976,
  "lastTick": 1749299302595,
  "refEthCount": 7.261499999999979,
  "refUserCount": 317,
  "last7dReset": 1748788581689
}