{
  "ethCount": 531.0683000000802,
  "userCount": 23845,
  "lastTick": 1749299302595,
  "refEthCount": 7.261499999999979,
  "refUserCount": 317,
  "last7dReset": 1748788581689
}