{
  "ethCount": 294.71450000001965,
  "userCount": 13192,
  "lastTick": 1749299302595,
  "refEthCount": 7.261499999999979,
  "refUserCount": 317,
  "last7dReset": 1748788581689
}