{
  "ethCount": 80.27759999999894,
  "userCount": 3605,
  "lastTick": 1749299302595,
  "refEthCount": 7.261499999999979,
  "refUserCount": 317,
  "last7dReset": 1748788581689
}