{
  "ethCount": 440.9426000000703,
  "userCount": 19757,
  "lastTick": 1749299302595,
  "refEthCount": 7.261499999999979,
  "refUserCount": 317,
  "last7dReset": 1748788581689
}