{
  "ethCount": 376.66070000004936,
  "userCount": 16859,
  "lastTick": 1749299302595,
  "refEthCount": 7.261499999999979,
  "refUserCount": 317,
  "last7dReset": 1748788581689
}