{
  "ethCount": 33.052800000000026,
  "userCount": 1501,
  "lastTick": 1749299302595,
  "refEthCount": 7.261499999999979,
  "refUserCount": 317,
  "last7dReset": 1748788581689
}