{
  "ethCount": 165.86579999999944,
  "userCount": 7469,
  "lastTick": 1749299302595,
  "refEthCount": 7.261499999999979,
  "refUserCount": 317,
  "last7dReset": 1748788581689
}