{
  "ethCount": 572.0669000000516,
  "userCount": 25719,
  "lastTick": 1749299302595,
  "refEthCount": 7.261499999999979,
  "refUserCount": 317,
  "last7dReset": 1748788581689
}