{
  "ethCount": 486.01710000008666,
  "userCount": 21796,
  "lastTick": 1749299302595,
  "refEthCount": 7.261499999999979,
  "refUserCount": 317,
  "last7dReset": 1748788581689
}