{
  "ethCount": 474.9978000000833,
  "userCount": 21292,
  "lastTick": 1749299302595,
  "refEthCount": 7.261499999999979,
  "refUserCount": 317,
  "last7dReset": 1748788581689
}