{
  "ethCount": 602.9156000000261,
  "userCount": 27089,
  "lastTick": 1749299302595,
  "refEthCount": 7.261499999999979,
  "refUserCount": 317,
  "last7dReset": 1748788581689
}