{
  "ethCount": 136.91949999999795,
  "userCount": 6165,
  "lastTick": 1749299302595,
  "refEthCount": 7.261499999999979,
  "refUserCount": 317,
  "last7dReset": 1748788581689
}