{
  "ethCount": 492.23370000008805,
  "userCount": 22092,
  "lastTick": 1749299302595,
  "refEthCount": 7.261499999999979,
  "refUserCount": 317,
  "last7dReset": 1748788581689
}