{
  "ethCount": 534.8723000000771,
  "userCount": 24018,
  "lastTick": 1749299302595,
  "refEthCount": 7.261499999999979,
  "refUserCount": 317,
  "last7dReset": 1748788581689
}