{
  "ethCount": 515.2821000000931,
  "userCount": 23128,
  "lastTick": 1749299302595,
  "refEthCount": 7.261499999999979,
  "refUserCount": 317,
  "last7dReset": 1748788581689
}