{
  "ethCount": 586.3523000000395,
  "userCount": 26358,
  "lastTick": 1749299302595,
  "refEthCount": 7.261499999999979,
  "refUserCount": 317,
  "last7dReset": 1748788581689
}