{
  "ethCount": 425.5988000000658,
  "userCount": 19063,
  "lastTick": 1749299302595,
  "refEthCount": 7.261499999999979,
  "refUserCount": 317,
  "last7dReset": 1748788581689
}