{
  "ethCount": 402.9723000000596,
  "userCount": 18030,
  "lastTick": 1749299302595,
  "refEthCount": 7.261499999999979,
  "refUserCount": 317,
  "last7dReset": 1748788581689
}