{
  "ethCount": 171.0510999999997,
  "userCount": 7694,
  "lastTick": 1749299302595,
  "refEthCount": 7.261499999999979,
  "refUserCount": 317,
  "last7dReset": 1748788581689
}