{
  "ethCount": 550.2591000000668,
  "userCount": 24732,
  "lastTick": 1749299302595,
  "refEthCount": 7.261499999999979,
  "refUserCount": 317,
  "last7dReset": 1748788581689
}