{
  "ethCount": 258.0251000000059,
  "userCount": 11563,
  "lastTick": 1749299302595,
  "refEthCount": 7.261499999999979,
  "refUserCount": 317,
  "last7dReset": 1748788581689
}