{
  "ethCount": 497.50610000008885,
  "userCount": 22343,
  "lastTick": 1749299302595,
  "refEthCount": 7.261499999999979,
  "refUserCount": 317,
  "last7dReset": 1748788581689
}