{
  "ethCount": 168.79489999999961,
  "userCount": 7596,
  "lastTick": 1749299302595,
  "refEthCount": 7.261499999999979,
  "refUserCount": 317,
  "last7dReset": 1748788581689
}