{
  "ethCount": 314.47420000002774,
  "userCount": 14071,
  "lastTick": 1749299302595,
  "refEthCount": 7.261499999999979,
  "refUserCount": 317,
  "last7dReset": 1748788581689
}