{
  "ethCount": 310.10370000002604,
  "userCount": 13871,
  "lastTick": 1749299302595,
  "refEthCount": 7.261499999999979,
  "refUserCount": 317,
  "last7dReset": 1748788581689
}