{
  "ethCount": 65.86969999999948,
  "userCount": 2957,
  "lastTick": 1749299302595,
  "refEthCount": 7.261499999999979,
  "refUserCount": 317,
  "last7dReset": 1748788581689
}