{
  "ethCount": 435.18750000006884,
  "userCount": 19491,
  "lastTick": 1749299302595,
  "refEthCount": 7.261499999999979,
  "refUserCount": 317,
  "last7dReset": 1748788581689
}