{
  "ethCount": 553.6900000000649,
  "userCount": 24892,
  "lastTick": 1749299302595,
  "refEthCount": 7.261499999999979,
  "refUserCount": 317,
  "last7dReset": 1748788581689
}