{
  "ethCount": 469.9837000000819,
  "userCount": 21061,
  "lastTick": 1749299302595,
  "refEthCount": 7.261499999999979,
  "refUserCount": 317,
  "last7dReset": 1748788581689
}