{
  "ethCount": 141.47459999999816,
  "userCount": 6371,
  "lastTick": 1749299302595,
  "refEthCount": 7.261499999999979,
  "refUserCount": 317,
  "last7dReset": 1748788581689
}