{
  "ethCount": 267.0061000000091,
  "userCount": 11962,
  "lastTick": 1749299302595,
  "refEthCount": 7.261499999999979,
  "refUserCount": 317,
  "last7dReset": 1748788581689
}