{
  "ethCount": 368.5263000000474,
  "userCount": 16481,
  "lastTick": 1749299302595,
  "refEthCount": 7.261499999999979,
  "refUserCount": 317,
  "last7dReset": 1748788581689
}