{
  "ethCount": 92.09589999999864,
  "userCount": 4134,
  "lastTick": 1749299302595,
  "refEthCount": 7.261499999999979,
  "refUserCount": 317,
  "last7dReset": 1748788581689
}