{
  "ethCount": 75.68359999999915,
  "userCount": 3400,
  "lastTick": 1749299302595,
  "refEthCount": 7.261499999999979,
  "refUserCount": 317,
  "last7dReset": 1748788581689
}