{
  "ethCount": 385.4834000000527,
  "userCount": 17244,
  "lastTick": 1749299302595,
  "refEthCount": 7.261499999999979,
  "refUserCount": 317,
  "last7dReset": 1748788581689
}