{
  "ethCount": 24.550400000000018,
  "userCount": 1124,
  "lastTick": 1749299302595,
  "refEthCount": 7.261499999999979,
  "refUserCount": 317,
  "last7dReset": 1748788581689
}