{
  "ethCount": 301.12430000002286,
  "userCount": 13471,
  "lastTick": 1749299302595,
  "refEthCount": 7.261499999999979,
  "refUserCount": 317,
  "last7dReset": 1748788581689
}