{
  "ethCount": 562.2337000000592,
  "userCount": 25285,
  "lastTick": 1749299302595,
  "refEthCount": 7.261499999999979,
  "refUserCount": 317,
  "last7dReset": 1748788581689
}