{
  "ethCount": 445.4742000000715,
  "userCount": 19968,
  "lastTick": 1749299302595,
  "refEthCount": 7.261499999999979,
  "refUserCount": 317,
  "last7dReset": 1748788581689
}