{
  "ethCount": 546.7253000000691,
  "userCount": 24565,
  "lastTick": 1749299302595,
  "refEthCount": 7.261499999999979,
  "refUserCount": 317,
  "last7dReset": 1748788581689
}