{
  "ethCount": 447.33030000007244,
  "userCount": 20049,
  "lastTick": 1749299302595,
  "refEthCount": 7.261499999999979,
  "refUserCount": 317,
  "last7dReset": 1748788581689
}