{
  "ethCount": 389.48620000005485,
  "userCount": 17422,
  "lastTick": 1749299302595,
  "refEthCount": 7.261499999999979,
  "refUserCount": 317,
  "last7dReset": 1748788581689
}