{
  "ethCount": 439.3372000000701,
  "userCount": 19681,
  "lastTick": 1749299302595,
  "refEthCount": 7.261499999999979,
  "refUserCount": 317,
  "last7dReset": 1748788581689
}