{
  "ethCount": 217.32620000000279,
  "userCount": 9724,
  "lastTick": 1749299302595,
  "refEthCount": 7.261499999999979,
  "refUserCount": 317,
  "last7dReset": 1748788581689
}