{
  "ethCount": 296.0965000000203,
  "userCount": 13255,
  "lastTick": 1749299302595,
  "refEthCount": 7.261499999999979,
  "refUserCount": 317,
  "last7dReset": 1748788581689
}