{
  "ethCount": 69.10199999999934,
  "userCount": 3101,
  "lastTick": 1749299302595,
  "refEthCount": 7.261499999999979,
  "refUserCount": 317,
  "last7dReset": 1748788581689
}