{
  "ethCount": 145.26679999999834,
  "userCount": 6534,
  "lastTick": 1749299302595,
  "refEthCount": 7.261499999999979,
  "refUserCount": 317,
  "last7dReset": 1748788581689
}