{
  "ethCount": 522.6277000000864,
  "userCount": 23461,
  "lastTick": 1749299302595,
  "refEthCount": 7.261499999999979,
  "refUserCount": 317,
  "last7dReset": 1748788581689
}