{
  "ethCount": 440.66890000007027,
  "userCount": 19744,
  "lastTick": 1749299302595,
  "refEthCount": 7.261499999999979,
  "refUserCount": 317,
  "last7dReset": 1748788581689
}