{
  "ethCount": 508.44500000009344,
  "userCount": 22821,
  "lastTick": 1749299302595,
  "refEthCount": 7.261499999999979,
  "refUserCount": 317,
  "last7dReset": 1748788581689
}