{
  "ethCount": 293.2673000000189,
  "userCount": 13128,
  "lastTick": 1749299302595,
  "refEthCount": 7.261499999999979,
  "refUserCount": 317,
  "last7dReset": 1748788581689
}