{
  "ethCount": 422.81690000006523,
  "userCount": 18932,
  "lastTick": 1749299302595,
  "refEthCount": 7.261499999999979,
  "refUserCount": 317,
  "last7dReset": 1748788581689
}