{
  "ethCount": 389.74380000005493,
  "userCount": 17432,
  "lastTick": 1749299302595,
  "refEthCount": 7.261499999999979,
  "refUserCount": 317,
  "last7dReset": 1748788581689
}