{
  "ethCount": 257.33920000000546,
  "userCount": 11534,
  "lastTick": 1749299302595,
  "refEthCount": 7.261499999999979,
  "refUserCount": 317,
  "last7dReset": 1748788581689
}