{
  "ethCount": 428.75160000006684,
  "userCount": 19204,
  "lastTick": 1749299302595,
  "refEthCount": 7.261499999999979,
  "refUserCount": 317,
  "last7dReset": 1748788581689
}