{
  "ethCount": 507.87150000009325,
  "userCount": 22794,
  "lastTick": 1749299302595,
  "refEthCount": 7.261499999999979,
  "refUserCount": 317,
  "last7dReset": 1748788581689
}