{
  "ethCount": 549.2960000000676,
  "userCount": 24687,
  "lastTick": 1749299302595,
  "refEthCount": 7.261499999999979,
  "refUserCount": 317,
  "last7dReset": 1748788581689
}