{
  "ethCount": 450.8471000000736,
  "userCount": 20211,
  "lastTick": 1749299302595,
  "refEthCount": 7.261499999999979,
  "refUserCount": 317,
  "last7dReset": 1748788581689
}