{
  "ethCount": 584.0835000000418,
  "userCount": 26258,
  "lastTick": 1749299302595,
  "refEthCount": 7.261499999999979,
  "refUserCount": 317,
  "last7dReset": 1748788581689
}