{
  "ethCount": 164.50109999999935,
  "userCount": 7414,
  "lastTick": 1749299302595,
  "refEthCount": 7.261499999999979,
  "refUserCount": 317,
  "last7dReset": 1748788581689
}