{
  "ethCount": 582.6307000000427,
  "userCount": 26190,
  "lastTick": 1749299302595,
  "refEthCount": 7.261499999999979,
  "refUserCount": 317,
  "last7dReset": 1748788581689
}