{
  "ethCount": 333.22160000003544,
  "userCount": 14900,
  "lastTick": 1749299302595,
  "refEthCount": 7.261499999999979,
  "refUserCount": 317,
  "last7dReset": 1748788581689
}