{
  "ethCount": 210.87780000000228,
  "userCount": 9449,
  "lastTick": 1749299302595,
  "refEthCount": 7.261499999999979,
  "refUserCount": 317,
  "last7dReset": 1748788581689
}