{
  "ethCount": 196.32460000000125,
  "userCount": 8808,
  "lastTick": 1749299302595,
  "refEthCount": 7.261499999999979,
  "refUserCount": 317,
  "last7dReset": 1748788581689
}