{
  "ethCount": 455.10250000007534,
  "userCount": 20402,
  "lastTick": 1749299302595,
  "refEthCount": 7.261499999999979,
  "refUserCount": 317,
  "last7dReset": 1748788581689
}