{
  "ethCount": 21.163600000000006,
  "userCount": 964,
  "lastTick": 1749299302595,
  "refEthCount": 7.261499999999979,
  "refUserCount": 317,
  "last7dReset": 1748788581689
}