{
  "ethCount": 538.6934000000738,
  "userCount": 24194,
  "lastTick": 1749299302595,
  "refEthCount": 7.261499999999979,
  "refUserCount": 317,
  "last7dReset": 1748788581689
}