{
  "ethCount": 467.89160000008087,
  "userCount": 20970,
  "lastTick": 1749299302595,
  "refEthCount": 7.261499999999979,
  "refUserCount": 317,
  "last7dReset": 1748788581689
}