{
  "ethCount": 198.87730000000144,
  "userCount": 8917,
  "lastTick": 1749299302595,
  "refEthCount": 7.261499999999979,
  "refUserCount": 317,
  "last7dReset": 1748788581689
}