{
  "ethCount": 551.7788000000658,
  "userCount": 24801,
  "lastTick": 1749299302595,
  "refEthCount": 7.261499999999979,
  "refUserCount": 317,
  "last7dReset": 1748788581689
}