{
  "ethCount": 50.55679999999971,
  "userCount": 2267,
  "lastTick": 1749299302595,
  "refEthCount": 7.261499999999979,
  "refUserCount": 317,
  "last7dReset": 1748788581689
}