{
  "ethCount": 577.4747000000474,
  "userCount": 25965,
  "lastTick": 1749299302595,
  "refEthCount": 7.261499999999979,
  "refUserCount": 317,
  "last7dReset": 1748788581689
}