{
  "ethCount": 142.12619999999816,
  "userCount": 6396,
  "lastTick": 1749299302595,
  "refEthCount": 7.261499999999979,
  "refUserCount": 317,
  "last7dReset": 1748788581689
}