{
  "ethCount": 304.27350000002343,
  "userCount": 13616,
  "lastTick": 1749299302595,
  "refEthCount": 7.261499999999979,
  "refUserCount": 317,
  "last7dReset": 1748788581689
}