{
  "ethCount": 491.11190000008764,
  "userCount": 22042,
  "lastTick": 1749299302595,
  "refEthCount": 7.261499999999979,
  "refUserCount": 317,
  "last7dReset": 1748788581689
}