{
  "ethCount": 63.260799999999556,
  "userCount": 2843,
  "lastTick": 1749299302595,
  "refEthCount": 7.261499999999979,
  "refUserCount": 317,
  "last7dReset": 1748788581689
}