{
  "ethCount": 462.62390000007844,
  "userCount": 20742,
  "lastTick": 1749299302595,
  "refEthCount": 7.261499999999979,
  "refUserCount": 317,
  "last7dReset": 1748788581689
}