{
  "ethCount": 445.56020000007175,
  "userCount": 19970,
  "lastTick": 1749299302595,
  "refEthCount": 7.261499999999979,
  "refUserCount": 317,
  "last7dReset": 1748788581689
}