{
  "ethCount": 135.01369999999787,
  "userCount": 6073,
  "lastTick": 1749299302595,
  "refEthCount": 7.261499999999979,
  "refUserCount": 317,
  "last7dReset": 1748788581689
}