{
  "ethCount": 305.68310000002384,
  "userCount": 13679,
  "lastTick": 1749299302595,
  "refEthCount": 7.261499999999979,
  "refUserCount": 317,
  "last7dReset": 1748788581689
}