{
  "ethCount": 339.4643000000375,
  "userCount": 15178,
  "lastTick": 1749299302595,
  "refEthCount": 7.261499999999979,
  "refUserCount": 317,
  "last7dReset": 1748788581689
}