{
  "ethCount": 352.15000000004153,
  "userCount": 15744,
  "lastTick": 1749299302595,
  "refEthCount": 7.261499999999979,
  "refUserCount": 317,
  "last7dReset": 1748788581689
}