{
  "ethCount": 289.3030000000179,
  "userCount": 12947,
  "lastTick": 1749299302595,
  "refEthCount": 7.261499999999979,
  "refUserCount": 317,
  "last7dReset": 1748788581689
}