{
  "ethCount": 116.39229999999782,
  "userCount": 5222,
  "lastTick": 1749299302595,
  "refEthCount": 7.261499999999979,
  "refUserCount": 317,
  "last7dReset": 1748788581689
}