{
  "ethCount": 432.1260000000679,
  "userCount": 19354,
  "lastTick": 1749299302595,
  "refEthCount": 7.261499999999979,
  "refUserCount": 317,
  "last7dReset": 1748788581689
}