{
  "ethCount": 330.36550000003444,
  "userCount": 14772,
  "lastTick": 1749299302595,
  "refEthCount": 7.261499999999979,
  "refUserCount": 317,
  "last7dReset": 1748788581689
}