{
  "ethCount": 303.8717000000234,
  "userCount": 13597,
  "lastTick": 1749299302595,
  "refEthCount": 7.261499999999979,
  "refUserCount": 317,
  "last7dReset": 1748788581689
}