{
  "ethCount": 347.68990000004027,
  "userCount": 15541,
  "lastTick": 1749299302595,
  "refEthCount": 7.261499999999979,
  "refUserCount": 317,
  "last7dReset": 1748788581689
}