{
  "ethCount": 603.2417000000257,
  "userCount": 27103,
  "lastTick": 1749299302595,
  "refEthCount": 7.261499999999979,
  "refUserCount": 317,
  "last7dReset": 1748788581689
}