{
  "ethCount": 441.18660000007037,
  "userCount": 19769,
  "lastTick": 1749299302595,
  "refEthCount": 7.261499999999979,
  "refUserCount": 317,
  "last7dReset": 1748788581689
}