{
  "ethCount": 48.185299999999785,
  "userCount": 2155,
  "lastTick": 1749299302595,
  "refEthCount": 7.261499999999979,
  "refUserCount": 317,
  "last7dReset": 1748788581689
}