{
  "ethCount": 420.52170000006504,
  "userCount": 18821,
  "lastTick": 1749299302595,
  "refEthCount": 7.261499999999979,
  "refUserCount": 317,
  "last7dReset": 1748788581689
}