{
  "ethCount": 269.05210000000994,
  "userCount": 12058,
  "lastTick": 1749299302595,
  "refEthCount": 7.261499999999979,
  "refUserCount": 317,
  "last7dReset": 1748788581689
}