{
  "ethCount": 270.5307000000106,
  "userCount": 12122,
  "lastTick": 1749299302595,
  "refEthCount": 7.261499999999979,
  "refUserCount": 317,
  "last7dReset": 1748788581689
}