{
  "ethCount": 204.25510000000182,
  "userCount": 9158,
  "lastTick": 1749299302595,
  "refEthCount": 7.261499999999979,
  "refUserCount": 317,
  "last7dReset": 1748788581689
}