{
  "ethCount": 166.70209999999946,
  "userCount": 7506,
  "lastTick": 1749299302595,
  "refEthCount": 7.261499999999979,
  "refUserCount": 317,
  "last7dReset": 1748788581689
}