{
  "ethCount": 186.48780000000062,
  "userCount": 8386,
  "lastTick": 1749299302595,
  "refEthCount": 7.261499999999979,
  "refUserCount": 317,
  "last7dReset": 1748788581689
}