{
  "ethCount": 564.3207000000577,
  "userCount": 25377,
  "lastTick": 1749299302595,
  "refEthCount": 7.261499999999979,
  "refUserCount": 317,
  "last7dReset": 1748788581689
}