{
  "ethCount": 412.08810000006224,
  "userCount": 18447,
  "lastTick": 1749299302595,
  "refEthCount": 7.261499999999979,
  "refUserCount": 317,
  "last7dReset": 1748788581689
}