{
  "ethCount": 369.94200000004747,
  "userCount": 16548,
  "lastTick": 1749299302595,
  "refEthCount": 7.261499999999979,
  "refUserCount": 317,
  "last7dReset": 1748788581689
}