{
  "ethCount": 261.42330000000715,
  "userCount": 11713,
  "lastTick": 1749299302595,
  "refEthCount": 7.261499999999979,
  "refUserCount": 317,
  "last7dReset": 1748788581689
}