{
  "ethCount": 403.06350000005966,
  "userCount": 18033,
  "lastTick": 1749299302595,
  "refEthCount": 7.261499999999979,
  "refUserCount": 317,
  "last7dReset": 1748788581689
}