{
  "ethCount": 369.6135000000474,
  "userCount": 16533,
  "lastTick": 1749299302595,
  "refEthCount": 7.261499999999979,
  "refUserCount": 317,
  "last7dReset": 1748788581689
}