{
  "ethCount": 600.4495000000277,
  "userCount": 26973,
  "lastTick": 1749299302595,
  "refEthCount": 7.261499999999979,
  "refUserCount": 317,
  "last7dReset": 1748788581689
}