{
  "ethCount": 249.17320000000436,
  "userCount": 11163,
  "lastTick": 1749299302595,
  "refEthCount": 7.261499999999979,
  "refUserCount": 317,
  "last7dReset": 1748788581689
}