{
  "ethCount": 312.7533000000272,
  "userCount": 13994,
  "lastTick": 1749299302595,
  "refEthCount": 7.261499999999979,
  "refUserCount": 317,
  "last7dReset": 1748788581689
}