{
  "ethCount": 281.96590000001527,
  "userCount": 12619,
  "lastTick": 1749299302595,
  "refEthCount": 7.261499999999979,
  "refUserCount": 317,
  "last7dReset": 1748788581689
}