{
  "ethCount": 403.12230000005974,
  "userCount": 18036,
  "lastTick": 1749299302595,
  "refEthCount": 7.261499999999979,
  "refUserCount": 317,
  "last7dReset": 1748788581689
}