{
  "ethCount": 482.85700000008575,
  "userCount": 21648,
  "lastTick": 1749299302595,
  "refEthCount": 7.261499999999979,
  "refUserCount": 317,
  "last7dReset": 1748788581689
}