{
  "ethCount": 592.0276000000356,
  "userCount": 26612,
  "lastTick": 1749299302595,
  "refEthCount": 7.261499999999979,
  "refUserCount": 317,
  "last7dReset": 1748788581689
}