{
  "ethCount": 537.5613000000748,
  "userCount": 24145,
  "lastTick": 1749299302595,
  "refEthCount": 7.261499999999979,
  "refUserCount": 317,
  "last7dReset": 1748788581689
}