{
  "ethCount": 229.2095000000033,
  "userCount": 10262,
  "lastTick": 1749299302595,
  "refEthCount": 7.261499999999979,
  "refUserCount": 317,
  "last7dReset": 1748788581689
}