{
  "ethCount": 73.51929999999923,
  "userCount": 3307,
  "lastTick": 1749299302595,
  "refEthCount": 7.261499999999979,
  "refUserCount": 317,
  "last7dReset": 1748788581689
}