{
  "ethCount": 359.1283000000439,
  "userCount": 16060,
  "lastTick": 1749299302595,
  "refEthCount": 7.261499999999979,
  "refUserCount": 317,
  "last7dReset": 1748788581689
}