{
  "ethCount": 138.55429999999808,
  "userCount": 6238,
  "lastTick": 1749299302595,
  "refEthCount": 7.261499999999979,
  "refUserCount": 317,
  "last7dReset": 1748788581689
}