{
  "ethCount": 159.98479999999915,
  "userCount": 7208,
  "lastTick": 1749299302595,
  "refEthCount": 7.261499999999979,
  "refUserCount": 317,
  "last7dReset": 1748788581689
}