{
  "ethCount": 450.20940000007323,
  "userCount": 20183,
  "lastTick": 1749299302595,
  "refEthCount": 7.261499999999979,
  "refUserCount": 317,
  "last7dReset": 1748788581689
}