{
  "ethCount": 281.76100000001514,
  "userCount": 12611,
  "lastTick": 1749299302595,
  "refEthCount": 7.261499999999979,
  "refUserCount": 317,
  "last7dReset": 1748788581689
}