{
  "ethCount": 426.49380000006596,
  "userCount": 19103,
  "lastTick": 1749299302595,
  "refEthCount": 7.261499999999979,
  "refUserCount": 317,
  "last7dReset": 1748788581689
}