{
  "ethCount": 416.2100000000637,
  "userCount": 18631,
  "lastTick": 1749299302595,
  "refEthCount": 7.261499999999979,
  "refUserCount": 317,
  "last7dReset": 1748788581689
}