{
  "ethCount": 575.6542000000487,
  "userCount": 25880,
  "lastTick": 1749299302595,
  "refEthCount": 7.261499999999979,
  "refUserCount": 317,
  "last7dReset": 1748788581689
}