{
  "ethCount": 376.19030000004915,
  "userCount": 16838,
  "lastTick": 1749299302595,
  "refEthCount": 7.261499999999979,
  "refUserCount": 317,
  "last7dReset": 1748788581689
}