{
  "ethCount": 402.15230000005926,
  "userCount": 17993,
  "lastTick": 1749299302595,
  "refEthCount": 7.261499999999979,
  "refUserCount": 317,
  "last7dReset": 1748788581689
}