{
  "ethCount": 155.06319999999883,
  "userCount": 6989,
  "lastTick": 1749299302595,
  "refEthCount": 7.261499999999979,
  "refUserCount": 317,
  "last7dReset": 1748788581689
}