{
  "ethCount": 428.32920000006675,
  "userCount": 19183,
  "lastTick": 1749299302595,
  "refEthCount": 7.261499999999979,
  "refUserCount": 317,
  "last7dReset": 1748788581689
}