{
  "ethCount": 170.8624999999997,
  "userCount": 7686,
  "lastTick": 1749299302595,
  "refEthCount": 7.261499999999979,
  "refUserCount": 317,
  "last7dReset": 1748788581689
}