{
  "ethCount": 206.96430000000197,
  "userCount": 9276,
  "lastTick": 1749299302595,
  "refEthCount": 7.261499999999979,
  "refUserCount": 317,
  "last7dReset": 1748788581689
}