{
  "ethCount": 364.20140000004585,
  "userCount": 16282,
  "lastTick": 1749299302595,
  "refEthCount": 7.261499999999979,
  "refUserCount": 317,
  "last7dReset": 1748788581689
}