{
  "ethCount": 429.55380000006716,
  "userCount": 19239,
  "lastTick": 1749299302595,
  "refEthCount": 7.261499999999979,
  "refUserCount": 317,
  "last7dReset": 1748788581689
}