{
  "ethCount": 516.1986000000924,
  "userCount": 23173,
  "lastTick": 1749299302595,
  "refEthCount": 7.261499999999979,
  "refUserCount": 317,
  "last7dReset": 1748788581689
}