{
  "ethCount": 248.85250000000437,
  "userCount": 11151,
  "lastTick": 1749299302595,
  "refEthCount": 7.261499999999979,
  "refUserCount": 317,
  "last7dReset": 1748788581689
}