{
  "ethCount": 482.9956000000858,
  "userCount": 21655,
  "lastTick": 1749299302595,
  "refEthCount": 7.261499999999979,
  "refUserCount": 317,
  "last7dReset": 1748788581689
}