{
  "ethCount": 158.79479999999904,
  "userCount": 7159,
  "lastTick": 1749299302595,
  "refEthCount": 7.261499999999979,
  "refUserCount": 317,
  "last7dReset": 1748788581689
}