{
  "ethCount": 463.2945000000788,
  "userCount": 20772,
  "lastTick": 1749299302595,
  "refEthCount": 7.261499999999979,
  "refUserCount": 317,
  "last7dReset": 1748788581689
}