{
  "ethCount": 114.83749999999789,
  "userCount": 5151,
  "lastTick": 1749299302595,
  "refEthCount": 7.261499999999979,
  "refUserCount": 317,
  "last7dReset": 1748788581689
}