{
  "ethCount": 573.1927000000509,
  "userCount": 25770,
  "lastTick": 1749299302595,
  "refEthCount": 7.261499999999979,
  "refUserCount": 317,
  "last7dReset": 1748788581689
}