{
  "ethCount": 174.97139999999993,
  "userCount": 7876,
  "lastTick": 1749299302595,
  "refEthCount": 7.261499999999979,
  "refUserCount": 317,
  "last7dReset": 1748788581689
}