{
  "ethCount": 77.63649999999905,
  "userCount": 3485,
  "lastTick": 1749299302595,
  "refEthCount": 7.261499999999979,
  "refUserCount": 317,
  "last7dReset": 1748788581689
}