{
  "ethCount": 346.76550000003994,
  "userCount": 15501,
  "lastTick": 1749299302595,
  "refEthCount": 7.261499999999979,
  "refUserCount": 317,
  "last7dReset": 1748788581689
}