{
  "ethCount": 265.27390000000884,
  "userCount": 11881,
  "lastTick": 1749299302595,
  "refEthCount": 7.261499999999979,
  "refUserCount": 317,
  "last7dReset": 1748788581689
}