{
  "ethCount": 227.7965000000032,
  "userCount": 10198,
  "lastTick": 1749299302595,
  "refEthCount": 7.261499999999979,
  "refUserCount": 317,
  "last7dReset": 1748788581689
}