{
  "ethCount": 54.85209999999965,
  "userCount": 2456,
  "lastTick": 1749299302595,
  "refEthCount": 7.261499999999979,
  "refUserCount": 317,
  "last7dReset": 1748788581689
}