{
  "ethCount": 238.16360000000384,
  "userCount": 10663,
  "lastTick": 1749299302595,
  "refEthCount": 7.261499999999979,
  "refUserCount": 317,
  "last7dReset": 1748788581689
}