{
  "ethCount": 458.41840000007693,
  "userCount": 20549,
  "lastTick": 1749299302595,
  "refEthCount": 7.261499999999979,
  "refUserCount": 317,
  "last7dReset": 1748788581689
}