{
  "ethCount": 115.08239999999786,
  "userCount": 5159,
  "lastTick": 1749299302595,
  "refEthCount": 7.261499999999979,
  "refUserCount": 317,
  "last7dReset": 1748788581689
}