{
  "ethCount": 371.06180000004775,
  "userCount": 16600,
  "lastTick": 1749299302595,
  "refEthCount": 7.261499999999979,
  "refUserCount": 317,
  "last7dReset": 1748788581689
}