{
  "ethCount": 323.0989000000312,
  "userCount": 14457,
  "lastTick": 1749299302595,
  "refEthCount": 7.261499999999979,
  "refUserCount": 317,
  "last7dReset": 1748788581689
}