{
  "ethCount": 453.2416000000745,
  "userCount": 20320,
  "lastTick": 1749299302595,
  "refEthCount": 7.261499999999979,
  "refUserCount": 317,
  "last7dReset": 1748788581689
}