{
  "ethCount": 483.6297000000861,
  "userCount": 21684,
  "lastTick": 1749299302595,
  "refEthCount": 7.261499999999979,
  "refUserCount": 317,
  "last7dReset": 1748788581689
}