{
  "ethCount": 471.50060000008256,
  "userCount": 21130,
  "lastTick": 1749299302595,
  "refEthCount": 7.261499999999979,
  "refUserCount": 317,
  "last7dReset": 1748788581689
}