{
  "ethCount": 292.5420000000185,
  "userCount": 13099,
  "lastTick": 1749299302595,
  "refEthCount": 7.261499999999979,
  "refUserCount": 317,
  "last7dReset": 1748788581689
}