{
  "ethCount": 377.32050000004955,
  "userCount": 16884,
  "lastTick": 1749299302595,
  "refEthCount": 7.261499999999979,
  "refUserCount": 317,
  "last7dReset": 1748788581689
}