{
  "ethCount": 367.16400000004666,
  "userCount": 16422,
  "lastTick": 1749299302595,
  "refEthCount": 7.261499999999979,
  "refUserCount": 317,
  "last7dReset": 1748788581689
}