{
  "ethCount": 509.76600000009415,
  "userCount": 22879,
  "lastTick": 1749299302595,
  "refEthCount": 7.261499999999979,
  "refUserCount": 317,
  "last7dReset": 1748788581689
}