{
  "ethCount": 397.9190000000577,
  "userCount": 17805,
  "lastTick": 1749299302595,
  "refEthCount": 7.261499999999979,
  "refUserCount": 317,
  "last7dReset": 1748788581689
}