{
  "ethCount": 48.57359999999975,
  "userCount": 2172,
  "lastTick": 1749299302595,
  "refEthCount": 7.261499999999979,
  "refUserCount": 317,
  "last7dReset": 1748788581689
}