{
  "ethCount": 202.4563000000017,
  "userCount": 9076,
  "lastTick": 1749299302595,
  "refEthCount": 7.261499999999979,
  "refUserCount": 317,
  "last7dReset": 1748788581689
}