{
  "ethCount": 93.3626999999986,
  "userCount": 4189,
  "lastTick": 1749299302595,
  "refEthCount": 7.261499999999979,
  "refUserCount": 317,
  "last7dReset": 1748788581689
}