{
  "ethCount": 336.46490000003615,
  "userCount": 15049,
  "lastTick": 1749299302595,
  "refEthCount": 7.261499999999979,
  "refUserCount": 317,
  "last7dReset": 1748788581689
}