{
  "ethCount": 395.88050000005694,
  "userCount": 17710,
  "lastTick": 1749299302595,
  "refEthCount": 7.261499999999979,
  "refUserCount": 317,
  "last7dReset": 1748788581689
}