{
  "ethCount": 410.3434000000616,
  "userCount": 18373,
  "lastTick": 1749299302595,
  "refEthCount": 7.261499999999979,
  "refUserCount": 317,
  "last7dReset": 1748788581689
}