{
  "ethCount": 447.3655000000725,
  "userCount": 20050,
  "lastTick": 1749299302595,
  "refEthCount": 7.261499999999979,
  "refUserCount": 317,
  "last7dReset": 1748788581689
}