{
  "ethCount": 534.3669000000774,
  "userCount": 23994,
  "lastTick": 1749299302595,
  "refEthCount": 7.261499999999979,
  "refUserCount": 317,
  "last7dReset": 1748788581689
}