{
  "ethCount": 311.8984000000266,
  "userCount": 13956,
  "lastTick": 1749299302595,
  "refEthCount": 7.261499999999979,
  "refUserCount": 317,
  "last7dReset": 1748788581689
}