{
  "ethCount": 501.4156000000908,
  "userCount": 22514,
  "lastTick": 1749299302595,
  "refEthCount": 7.261499999999979,
  "refUserCount": 317,
  "last7dReset": 1748788581689
}