{
  "ethCount": 284.29740000001624,
  "userCount": 12722,
  "lastTick": 1749299302595,
  "refEthCount": 7.261499999999979,
  "refUserCount": 317,
  "last7dReset": 1748788581689
}