{
  "ethCount": 596.1665000000319,
  "userCount": 26790,
  "lastTick": 1749299302595,
  "refEthCount": 7.261499999999979,
  "refUserCount": 317,
  "last7dReset": 1748788581689
}