{
  "ethCount": 548.6159000000681,
  "userCount": 24656,
  "lastTick": 1749299302595,
  "refEthCount": 7.261499999999979,
  "refUserCount": 317,
  "last7dReset": 1748788581689
}