{
  "ethCount": 82.31869999999888,
  "userCount": 3694,
  "lastTick": 1749299302595,
  "refEthCount": 7.261499999999979,
  "refUserCount": 317,
  "last7dReset": 1748788581689
}