{
  "ethCount": 472.04710000008276,
  "userCount": 21154,
  "lastTick": 1749299302595,
  "refEthCount": 7.261499999999979,
  "refUserCount": 317,
  "last7dReset": 1748788581689
}