{
  "ethCount": 459.4128000000772,
  "userCount": 20596,
  "lastTick": 1749299302595,
  "refEthCount": 7.261499999999979,
  "refUserCount": 317,
  "last7dReset": 1748788581689
}