{
  "ethCount": 128.15459999999746,
  "userCount": 5761,
  "lastTick": 1749299302595,
  "refEthCount": 7.261499999999979,
  "refUserCount": 317,
  "last7dReset": 1748788581689
}