{
  "ethCount": 324.38590000003177,
  "userCount": 14513,
  "lastTick": 1749299302595,
  "refEthCount": 7.261499999999979,
  "refUserCount": 317,
  "last7dReset": 1748788581689
}