{
  "ethCount": 420.55220000006506,
  "userCount": 18823,
  "lastTick": 1749299302595,
  "refEthCount": 7.261499999999979,
  "refUserCount": 317,
  "last7dReset": 1748788581689
}