{
  "ethCount": 334.44570000003597,
  "userCount": 14954,
  "lastTick": 1749299302595,
  "refEthCount": 7.261499999999979,
  "refUserCount": 317,
  "last7dReset": 1748788581689
}