{
  "ethCount": 324.62030000003193,
  "userCount": 14520,
  "lastTick": 1749299302595,
  "refEthCount": 7.261499999999979,
  "refUserCount": 317,
  "last7dReset": 1748788581689
}