{
  "ethCount": 325.19590000003205,
  "userCount": 14547,
  "lastTick": 1749299302595,
  "refEthCount": 7.261499999999979,
  "refUserCount": 317,
  "last7dReset": 1748788581689
}