{
  "ethCount": 468.5202000000812,
  "userCount": 20999,
  "lastTick": 1749299302595,
  "refEthCount": 7.261499999999979,
  "refUserCount": 317,
  "last7dReset": 1748788581689
}