{
  "ethCount": 354.6721000000424,
  "userCount": 15860,
  "lastTick": 1749299302595,
  "refEthCount": 7.261499999999979,
  "refUserCount": 317,
  "last7dReset": 1748788581689
}