{
  "ethCount": 97.29459999999843,
  "userCount": 4360,
  "lastTick": 1749299302595,
  "refEthCount": 7.261499999999979,
  "refUserCount": 317,
  "last7dReset": 1748788581689
}