{
  "ethCount": 347.0901000000401,
  "userCount": 15514,
  "lastTick": 1749299302595,
  "refEthCount": 7.261499999999979,
  "refUserCount": 317,
  "last7dReset": 1748788581689
}