{
  "ethCount": 120.31229999999765,
  "userCount": 5398,
  "lastTick": 1749299302595,
  "refEthCount": 7.261499999999979,
  "refUserCount": 317,
  "last7dReset": 1748788581689
}