{
  "ethCount": 499.92140000008993,
  "userCount": 22452,
  "lastTick": 1749299302595,
  "refEthCount": 7.261499999999979,
  "refUserCount": 317,
  "last7dReset": 1748788581689
}