{
  "ethCount": 141.75899999999817,
  "userCount": 6379,
  "lastTick": 1749299302595,
  "refEthCount": 7.261499999999979,
  "refUserCount": 317,
  "last7dReset": 1748788581689
}