{
  "ethCount": 55.430699999999646,
  "userCount": 2483,
  "lastTick": 1749299302595,
  "refEthCount": 7.261499999999979,
  "refUserCount": 317,
  "last7dReset": 1748788581689
}