{
  "ethCount": 120.11939999999768,
  "userCount": 5391,
  "lastTick": 1749299302595,
  "refEthCount": 7.261499999999979,
  "refUserCount": 317,
  "last7dReset": 1748788581689
}