{
  "ethCount": 575.7963000000485,
  "userCount": 25886,
  "lastTick": 1749299302595,
  "refEthCount": 7.261499999999979,
  "refUserCount": 317,
  "last7dReset": 1748788581689
}