{
  "ethCount": 605.0482000000243,
  "userCount": 27188,
  "lastTick": 1749299302595,
  "refEthCount": 7.261499999999979,
  "refUserCount": 317,
  "last7dReset": 1748788581689
}