{
  "ethCount": 599.6525000000283,
  "userCount": 26938,
  "lastTick": 1749299302595,
  "refEthCount": 7.261499999999979,
  "refUserCount": 317,
  "last7dReset": 1748788581689
}