{
  "ethCount": 459.18840000007714,
  "userCount": 20585,
  "lastTick": 1749299302595,
  "refEthCount": 7.261499999999979,
  "refUserCount": 317,
  "last7dReset": 1748788581689
}