{
  "ethCount": 86.15799999999881,
  "userCount": 3863,
  "lastTick": 1749299302595,
  "refEthCount": 7.261499999999979,
  "refUserCount": 317,
  "last7dReset": 1748788581689
}