{
  "ethCount": 304.5037000000235,
  "userCount": 13628,
  "lastTick": 1749299302595,
  "refEthCount": 7.261499999999979,
  "refUserCount": 317,
  "last7dReset": 1748788581689
}