{
  "ethCount": 338.01950000003654,
  "userCount": 15121,
  "lastTick": 1749299302595,
  "refEthCount": 7.261499999999979,
  "refUserCount": 317,
  "last7dReset": 1748788581689
}