{
  "ethCount": 367.81850000004704,
  "userCount": 16448,
  "lastTick": 1749299302595,
  "refEthCount": 7.261499999999979,
  "refUserCount": 317,
  "last7dReset": 1748788581689
}