{
  "ethCount": 578.6417000000469,
  "userCount": 26020,
  "lastTick": 1749299302595,
  "refEthCount": 7.261499999999979,
  "refUserCount": 317,
  "last7dReset": 1748788581689
}