{
  "ethCount": 573.4215000000505,
  "userCount": 25780,
  "lastTick": 1749299302595,
  "refEthCount": 7.261499999999979,
  "refUserCount": 317,
  "last7dReset": 1748788581689
}