{
  "ethCount": 500.44250000009043,
  "userCount": 22470,
  "lastTick": 1749299302595,
  "refEthCount": 7.261499999999979,
  "refUserCount": 317,
  "last7dReset": 1748788581689
}