{
  "ethCount": 357.56260000004346,
  "userCount": 15990,
  "lastTick": 1749299302595,
  "refEthCount": 7.261499999999979,
  "refUserCount": 317,
  "last7dReset": 1748788581689
}