{
  "ethCount": 182.92350000000033,
  "userCount": 8230,
  "lastTick": 1749299302595,
  "refEthCount": 7.261499999999979,
  "refUserCount": 317,
  "last7dReset": 1748788581689
}