{
  "ethCount": 295.71750000002015,
  "userCount": 13238,
  "lastTick": 1749299302595,
  "refEthCount": 7.261499999999979,
  "refUserCount": 317,
  "last7dReset": 1748788581689
}