{
  "ethCount": 491.85110000008797,
  "userCount": 22075,
  "lastTick": 1749299302595,
  "refEthCount": 7.261499999999979,
  "refUserCount": 317,
  "last7dReset": 1748788581689
}