{
  "ethCount": 463.82380000007896,
  "userCount": 20795,
  "lastTick": 1749299302595,
  "refEthCount": 7.261499999999979,
  "refUserCount": 317,
  "last7dReset": 1748788581689
}