{
  "ethCount": 413.19540000006265,
  "userCount": 18499,
  "lastTick": 1749299302595,
  "refEthCount": 7.261499999999979,
  "refUserCount": 317,
  "last7dReset": 1748788581689
}