{
  "ethCount": 166.7579999999995,
  "userCount": 7505,
  "lastTick": 1749299302595,
  "refEthCount": 7.261499999999979,
  "refUserCount": 317,
  "last7dReset": 1748788581689
}