{
  "ethCount": 364.15410000004584,
  "userCount": 16280,
  "lastTick": 1749299302595,
  "refEthCount": 7.261499999999979,
  "refUserCount": 317,
  "last7dReset": 1748788581689
}