{
  "ethCount": 187.62000000000072,
  "userCount": 8433,
  "lastTick": 1749299302595,
  "refEthCount": 7.261499999999979,
  "refUserCount": 317,
  "last7dReset": 1748788581689
}