{
  "ethCount": 452.2507000000743,
  "userCount": 20274,
  "lastTick": 1749299302595,
  "refEthCount": 7.261499999999979,
  "refUserCount": 317,
  "last7dReset": 1748788581689
}