{
  "ethCount": 312.10880000002675,
  "userCount": 13965,
  "lastTick": 1749299302595,
  "refEthCount": 7.261499999999979,
  "refUserCount": 317,
  "last7dReset": 1748788581689
}