{
  "ethCount": 254.84800000000484,
  "userCount": 11420,
  "lastTick": 1749299302595,
  "refEthCount": 7.261499999999979,
  "refUserCount": 317,
  "last7dReset": 1748788581689
}