{
  "ethCount": 231.92330000000345,
  "userCount": 10379,
  "lastTick": 1749299302595,
  "refEthCount": 7.261499999999979,
  "refUserCount": 317,
  "last7dReset": 1748788581689
}