{
  "ethCount": 340.9235000000378,
  "userCount": 15249,
  "lastTick": 1749299302595,
  "refEthCount": 7.261499999999979,
  "refUserCount": 317,
  "last7dReset": 1748788581689
}