{
  "ethCount": 405.6700000000608,
  "userCount": 18151,
  "lastTick": 1749299302595,
  "refEthCount": 7.261499999999979,
  "refUserCount": 317,
  "last7dReset": 1748788581689
}