{
  "ethCount": 404.9661000000605,
  "userCount": 18121,
  "lastTick": 1749299302595,
  "refEthCount": 7.261499999999979,
  "refUserCount": 317,
  "last7dReset": 1748788581689
}