{
  "ethCount": 276.6050000000134,
  "userCount": 12380,
  "lastTick": 1749299302595,
  "refEthCount": 7.261499999999979,
  "refUserCount": 317,
  "last7dReset": 1748788581689
}