{
  "ethCount": 546.2233000000692,
  "userCount": 24542,
  "lastTick": 1749299302595,
  "refEthCount": 7.261499999999979,
  "refUserCount": 317,
  "last7dReset": 1748788581689
}