{
  "ethCount": 316.58540000002904,
  "userCount": 14163,
  "lastTick": 1749299302595,
  "refEthCount": 7.261499999999979,
  "refUserCount": 317,
  "last7dReset": 1748788581689
}