{
  "ethCount": 332.23320000003497,
  "userCount": 14855,
  "lastTick": 1749299302595,
  "refEthCount": 7.261499999999979,
  "refUserCount": 317,
  "last7dReset": 1748788581689
}