{
  "ethCount": 348.2826000000405,
  "userCount": 15569,
  "lastTick": 1749299302595,
  "refEthCount": 7.261499999999979,
  "refUserCount": 317,
  "last7dReset": 1748788581689
}