{
  "ethCount": 447.93420000007256,
  "userCount": 20079,
  "lastTick": 1749299302595,
  "refEthCount": 7.261499999999979,
  "refUserCount": 317,
  "last7dReset": 1748788581689
}