{
  "ethCount": 343.1714000000388,
  "userCount": 15342,
  "lastTick": 1749299302595,
  "refEthCount": 7.261499999999979,
  "refUserCount": 317,
  "last7dReset": 1748788581689
}