{
  "ethCount": 64.85749999999953,
  "userCount": 2915,
  "lastTick": 1749299302595,
  "refEthCount": 7.261499999999979,
  "refUserCount": 317,
  "last7dReset": 1748788581689
}