{
  "ethCount": 261.80770000000723,
  "userCount": 11730,
  "lastTick": 1749299302595,
  "refEthCount": 7.261499999999979,
  "refUserCount": 317,
  "last7dReset": 1748788581689
}