{
  "ethCount": 414.97360000006347,
  "userCount": 18573,
  "lastTick": 1749299302595,
  "refEthCount": 7.261499999999979,
  "refUserCount": 317,
  "last7dReset": 1748788581689
}