{
  "ethCount": 113.98429999999794,
  "userCount": 5114,
  "lastTick": 1749299302595,
  "refEthCount": 7.261499999999979,
  "refUserCount": 317,
  "last7dReset": 1748788581689
}