{
  "ethCount": 387.90240000005394,
  "userCount": 17351,
  "lastTick": 1749299302595,
  "refEthCount": 7.261499999999979,
  "refUserCount": 317,
  "last7dReset": 1748788581689
}