{
  "ethCount": 315.65390000002844,
  "userCount": 14124,
  "lastTick": 1749299302595,
  "refEthCount": 7.261499999999979,
  "refUserCount": 317,
  "last7dReset": 1748788581689
}