{
  "ethCount": 294.98630000001987,
  "userCount": 13205,
  "lastTick": 1749299302595,
  "refEthCount": 7.261499999999979,
  "refUserCount": 317,
  "last7dReset": 1748788581689
}