{
  "ethCount": 372.95060000004855,
  "userCount": 16684,
  "lastTick": 1749299302595,
  "refEthCount": 7.261499999999979,
  "refUserCount": 317,
  "last7dReset": 1748788581689
}