{
  "ethCount": 292.88720000001865,
  "userCount": 13114,
  "lastTick": 1749299302595,
  "refEthCount": 7.261499999999979,
  "refUserCount": 317,
  "last7dReset": 1748788581689
}