{
  "ethCount": 370.10690000004763,
  "userCount": 16556,
  "lastTick": 1749299302595,
  "refEthCount": 7.261499999999979,
  "refUserCount": 317,
  "last7dReset": 1748788581689
}