{
  "ethCount": 207.85400000000203,
  "userCount": 9317,
  "lastTick": 1749299302595,
  "refEthCount": 7.261499999999979,
  "refUserCount": 317,
  "last7dReset": 1748788581689
}