{
  "ethCount": 191.91850000000105,
  "userCount": 8614,
  "lastTick": 1749299302595,
  "refEthCount": 7.261499999999979,
  "refUserCount": 317,
  "last7dReset": 1748788581689
}