{
  "ethCount": 601.3358000000268,
  "userCount": 27012,
  "lastTick": 1749299302595,
  "refEthCount": 7.261499999999979,
  "refUserCount": 317,
  "last7dReset": 1748788581689
}