{
  "ethCount": 102.42269999999824,
  "userCount": 4589,
  "lastTick": 1749299302595,
  "refEthCount": 7.261499999999979,
  "refUserCount": 317,
  "last7dReset": 1748788581689
}