{
  "ethCount": 473.95110000008304,
  "userCount": 21242,
  "lastTick": 1749299302595,
  "refEthCount": 7.261499999999979,
  "refUserCount": 317,
  "last7dReset": 1748788581689
}