{
  "ethCount": 38.574899999999964,
  "userCount": 1745,
  "lastTick": 1749299302595,
  "refEthCount": 7.261499999999979,
  "refUserCount": 317,
  "last7dReset": 1748788581689
}