{
  "ethCount": 215.94150000000266,
  "userCount": 9664,
  "lastTick": 1749299302595,
  "refEthCount": 7.261499999999979,
  "refUserCount": 317,
  "last7dReset": 1748788581689
}