{
  "ethCount": 491.30650000008774,
  "userCount": 22051,
  "lastTick": 1749299302595,
  "refEthCount": 7.261499999999979,
  "refUserCount": 317,
  "last7dReset": 1748788581689
}