{
  "ethCount": 188.02290000000073,
  "userCount": 8449,
  "lastTick": 1749299302595,
  "refEthCount": 7.261499999999979,
  "refUserCount": 317,
  "last7dReset": 1748788581689
}