{
  "ethCount": 290.54440000001836,
  "userCount": 13005,
  "lastTick": 1749299302595,
  "refEthCount": 7.261499999999979,
  "refUserCount": 317,
  "last7dReset": 1748788581689
}