{
  "ethCount": 484.8078000000864,
  "userCount": 21738,
  "lastTick": 1749299302595,
  "refEthCount": 7.261499999999979,
  "refUserCount": 317,
  "last7dReset": 1748788581689
}