{
  "ethCount": 277.15830000001364,
  "userCount": 12406,
  "lastTick": 1749299302595,
  "refEthCount": 7.261499999999979,
  "refUserCount": 317,
  "last7dReset": 1748788581689
}