{
  "ethCount": 439.54780000007014,
  "userCount": 19692,
  "lastTick": 1749299302595,
  "refEthCount": 7.261499999999979,
  "refUserCount": 317,
  "last7dReset": 1748788581689
}