{
  "ethCount": 210.28360000000225,
  "userCount": 9423,
  "lastTick": 1749299302595,
  "refEthCount": 7.261499999999979,
  "refUserCount": 317,
  "last7dReset": 1748788581689
}