{
  "ethCount": 272.92150000001186,
  "userCount": 12219,
  "lastTick": 1749299302595,
  "refEthCount": 7.261499999999979,
  "refUserCount": 317,
  "last7dReset": 1748788581689
}