{
  "ethCount": 377.1518000000495,
  "userCount": 16878,
  "lastTick": 1749299302595,
  "refEthCount": 7.261499999999979,
  "refUserCount": 317,
  "last7dReset": 1748788581689
}