{
  "ethCount": 350.78430000004147,
  "userCount": 15680,
  "lastTick": 1749299302595,
  "refEthCount": 7.261499999999979,
  "refUserCount": 317,
  "last7dReset": 1748788581689
}