{
  "ethCount": 287.5008000000172,
  "userCount": 12870,
  "lastTick": 1749299302595,
  "refEthCount": 7.261499999999979,
  "refUserCount": 317,
  "last7dReset": 1748788581689
}