{
  "ethCount": 76.11989999999913,
  "userCount": 3420,
  "lastTick": 1749299302595,
  "refEthCount": 7.261499999999979,
  "refUserCount": 317,
  "last7dReset": 1748788581689
}