{
  "ethCount": 200.47260000000156,
  "userCount": 8986,
  "lastTick": 1749299302595,
  "refEthCount": 7.261499999999979,
  "refUserCount": 317,
  "last7dReset": 1748788581689
}