{
  "ethCount": 191.12440000000103,
  "userCount": 8577,
  "lastTick": 1749299302595,
  "refEthCount": 7.261499999999979,
  "refUserCount": 317,
  "last7dReset": 1748788581689
}