{
  "ethCount": 29.35130000000003,
  "userCount": 1341,
  "lastTick": 1749299302595,
  "refEthCount": 7.261499999999979,
  "refUserCount": 317,
  "last7dReset": 1748788581689
}