{
  "ethCount": 338.36530000003654,
  "userCount": 15138,
  "lastTick": 1749299302595,
  "refEthCount": 7.261499999999979,
  "refUserCount": 317,
  "last7dReset": 1748788581689
}