{
  "ethCount": 34.377100000000006,
  "userCount": 1561,
  "lastTick": 1749299302595,
  "refEthCount": 7.261499999999979,
  "refUserCount": 317,
  "last7dReset": 1748788581689
}