{
  "ethCount": 209.6331000000022,
  "userCount": 9393,
  "lastTick": 1749299302595,
  "refEthCount": 7.261499999999979,
  "refUserCount": 317,
  "last7dReset": 1748788581689
}