{
  "ethCount": 459.82630000007737,
  "userCount": 20616,
  "lastTick": 1749299302595,
  "refEthCount": 7.261499999999979,
  "refUserCount": 317,
  "last7dReset": 1748788581689
}