{
  "ethCount": 474.88500000008327,
  "userCount": 21288,
  "lastTick": 1749299302595,
  "refEthCount": 7.261499999999979,
  "refUserCount": 317,
  "last7dReset": 1748788581689
}