{
  "ethCount": 458.02590000007683,
  "userCount": 20530,
  "lastTick": 1749299302595,
  "refEthCount": 7.261499999999979,
  "refUserCount": 317,
  "last7dReset": 1748788581689
}