{
  "ethCount": 363.40490000004564,
  "userCount": 16245,
  "lastTick": 1749299302595,
  "refEthCount": 7.261499999999979,
  "refUserCount": 317,
  "last7dReset": 1748788581689
}