{
  "ethCount": 594.8649000000329,
  "userCount": 26734,
  "lastTick": 1749299302595,
  "refEthCount": 7.261499999999979,
  "refUserCount": 317,
  "last7dReset": 1748788581689
}