{
  "ethCount": 103.08559999999822,
  "userCount": 4621,
  "lastTick": 1749299302595,
  "refEthCount": 7.261499999999979,
  "refUserCount": 317,
  "last7dReset": 1748788581689
}