{
  "ethCount": 478.2339000000843,
  "userCount": 21438,
  "lastTick": 1749299302595,
  "refEthCount": 7.261499999999979,
  "refUserCount": 317,
  "last7dReset": 1748788581689
}