{
  "ethCount": 341.20730000003783,
  "userCount": 15263,
  "lastTick": 1749299302595,
  "refEthCount": 7.261499999999979,
  "refUserCount": 317,
  "last7dReset": 1748788581689
}