{
  "ethCount": 460.12350000007757,
  "userCount": 20629,
  "lastTick": 1749299302595,
  "refEthCount": 7.261499999999979,
  "refUserCount": 317,
  "last7dReset": 1748788581689
}