{
  "ethCount": 423.64190000006533,
  "userCount": 18972,
  "lastTick": 1749299302595,
  "refEthCount": 7.261499999999979,
  "refUserCount": 317,
  "last7dReset": 1748788581689
}