{
  "ethCount": 229.7366000000033,
  "userCount": 10281,
  "lastTick": 1749299302595,
  "refEthCount": 7.261499999999979,
  "refUserCount": 317,
  "last7dReset": 1748788581689
}