{
  "ethCount": 450.11940000007314,
  "userCount": 20180,
  "lastTick": 1749299302595,
  "refEthCount": 7.261499999999979,
  "refUserCount": 317,
  "last7dReset": 1748788581689
}