{
  "ethCount": 385.46040000005274,
  "userCount": 17242,
  "lastTick": 1749299302595,
  "refEthCount": 7.261499999999979,
  "refUserCount": 317,
  "last7dReset": 1748788581689
}