{
  "ethCount": 47.11569999999981,
  "userCount": 2107,
  "lastTick": 1749299302595,
  "refEthCount": 7.261499999999979,
  "refUserCount": 317,
  "last7dReset": 1748788581689
}