{
  "ethCount": 217.5595000000028,
  "userCount": 9733,
  "lastTick": 1749299302595,
  "refEthCount": 7.261499999999979,
  "refUserCount": 317,
  "last7dReset": 1748788581689
}