{
  "ethCount": 427.22790000006626,
  "userCount": 19135,
  "lastTick": 1749299302595,
  "refEthCount": 7.261499999999979,
  "refUserCount": 317,
  "last7dReset": 1748788581689
}