{
  "ethCount": 326.0867000000324,
  "userCount": 14587,
  "lastTick": 1749299302595,
  "refEthCount": 7.261499999999979,
  "refUserCount": 317,
  "last7dReset": 1748788581689
}