{
  "ethCount": 304.4841000000235,
  "userCount": 13627,
  "lastTick": 1749299302595,
  "refEthCount": 7.261499999999979,
  "refUserCount": 317,
  "last7dReset": 1748788581689
}