{
  "ethCount": 482.64010000008557,
  "userCount": 21639,
  "lastTick": 1749299302595,
  "refEthCount": 7.261499999999979,
  "refUserCount": 317,
  "last7dReset": 1748788581689
}