{
  "ethCount": 68.91259999999933,
  "userCount": 3093,
  "lastTick": 1749299302595,
  "refEthCount": 7.261499999999979,
  "refUserCount": 317,
  "last7dReset": 1748788581689
}