{
  "ethCount": 576.0174000000483,
  "userCount": 25896,
  "lastTick": 1749299302595,
  "refEthCount": 7.261499999999979,
  "refUserCount": 317,
  "last7dReset": 1748788581689
}