{
  "ethCount": 446.83040000007225,
  "userCount": 20029,
  "lastTick": 1749299302595,
  "refEthCount": 7.261499999999979,
  "refUserCount": 317,
  "last7dReset": 1748788581689
}