{
  "ethCount": 41.16949999999996,
  "userCount": 1861,
  "lastTick": 1749299302595,
  "refEthCount": 7.261499999999979,
  "refUserCount": 317,
  "last7dReset": 1748788581689
}