{
  "ethCount": 321.38710000003056,
  "userCount": 14376,
  "lastTick": 1749299302595,
  "refEthCount": 7.261499999999979,
  "refUserCount": 317,
  "last7dReset": 1748788581689
}