{
  "ethCount": 499.9018000000899,
  "userCount": 22451,
  "lastTick": 1749299302595,
  "refEthCount": 7.261499999999979,
  "refUserCount": 317,
  "last7dReset": 1748788581689
}