{
  "ethCount": 554.4979000000642,
  "userCount": 24927,
  "lastTick": 1749299302595,
  "refEthCount": 7.261499999999979,
  "refUserCount": 317,
  "last7dReset": 1748788581689
}