{
  "ethCount": 255.27920000000486,
  "userCount": 11439,
  "lastTick": 1749299302595,
  "refEthCount": 7.261499999999979,
  "refUserCount": 317,
  "last7dReset": 1748788581689
}