{
  "ethCount": 153.34689999999875,
  "userCount": 6912,
  "lastTick": 1749299302595,
  "refEthCount": 7.261499999999979,
  "refUserCount": 317,
  "last7dReset": 1748788581689
}