{
  "ethCount": 167.28919999999954,
  "userCount": 7527,
  "lastTick": 1749299302595,
  "refEthCount": 7.261499999999979,
  "refUserCount": 317,
  "last7dReset": 1748788581689
}