{
  "ethCount": 399.9059000000588,
  "userCount": 17890,
  "lastTick": 1749299302595,
  "refEthCount": 7.261499999999979,
  "refUserCount": 317,
  "last7dReset": 1748788581689
}