{
  "ethCount": 599.2850000000292,
  "userCount": 26930,
  "lastTick": 1749299302595,
  "refEthCount": 7.261499999999979,
  "refUserCount": 317,
  "last7dReset": 1748788581689
}