{
  "ethCount": 279.7421000000145,
  "userCount": 12523,
  "lastTick": 1749299302595,
  "refEthCount": 7.261499999999979,
  "refUserCount": 317,
  "last7dReset": 1748788581689
}