{
  "ethCount": 310.7961000000264,
  "userCount": 13902,
  "lastTick": 1749299302595,
  "refEthCount": 7.261499999999979,
  "refUserCount": 317,
  "last7dReset": 1748788581689
}