{
  "ethCount": 35.642099999999985,
  "userCount": 1612,
  "lastTick": 1749299302595,
  "refEthCount": 7.261499999999979,
  "refUserCount": 317,
  "last7dReset": 1748788581689
}