{
  "ethCount": 24.231700000000014,
  "userCount": 1110,
  "lastTick": 1749299302595,
  "refEthCount": 7.261499999999979,
  "refUserCount": 317,
  "last7dReset": 1748788581689
}