{
  "ethCount": 179.37440000000015,
  "userCount": 8075,
  "lastTick": 1749299302595,
  "refEthCount": 7.261499999999979,
  "refUserCount": 317,
  "last7dReset": 1748788581689
}