{
  "ethCount": 202.73760000000172,
  "userCount": 9089,
  "lastTick": 1749299302595,
  "refEthCount": 7.261499999999979,
  "refUserCount": 317,
  "last7dReset": 1748788581689
}