{
  "ethCount": 73.01719999999922,
  "userCount": 3284,
  "lastTick": 1749299302595,
  "refEthCount": 7.261499999999979,
  "refUserCount": 317,
  "last7dReset": 1748788581689
}