{
  "ethCount": 321.86640000003086,
  "userCount": 14398,
  "lastTick": 1749299302595,
  "refEthCount": 7.261499999999979,
  "refUserCount": 317,
  "last7dReset": 1748788581689
}