{
  "ethCount": 344.81630000003946,
  "userCount": 15413,
  "lastTick": 1749299302595,
  "refEthCount": 7.261499999999979,
  "refUserCount": 317,
  "last7dReset": 1748788581689
}