{
  "ethCount": 491.00580000008756,
  "userCount": 22037,
  "lastTick": 1749299302595,
  "refEthCount": 7.261499999999979,
  "refUserCount": 317,
  "last7dReset": 1748788581689
}