{
  "ethCount": 138.75909999999809,
  "userCount": 6248,
  "lastTick": 1749299302595,
  "refEthCount": 7.261499999999979,
  "refUserCount": 317,
  "last7dReset": 1748788581689
}