{
  "ethCount": 317.47120000002946,
  "userCount": 14198,
  "lastTick": 1749299302595,
  "refEthCount": 7.261499999999979,
  "refUserCount": 317,
  "last7dReset": 1748788581689
}