{
  "ethCount": 316.89970000002944,
  "userCount": 14172,
  "lastTick": 1749299302595,
  "refEthCount": 7.261499999999979,
  "refUserCount": 317,
  "last7dReset": 1748788581689
}