{
  "ethCount": 411.0152000000619,
  "userCount": 18402,
  "lastTick": 1749299302595,
  "refEthCount": 7.261499999999979,
  "refUserCount": 317,
  "last7dReset": 1748788581689
}