{
  "ethCount": 596.9800000000315,
  "userCount": 26829,
  "lastTick": 1749299302595,
  "refEthCount": 7.261499999999979,
  "refUserCount": 317,
  "last7dReset": 1748788581689
}