{
  "ethCount": 79.11999999999898,
  "userCount": 3554,
  "lastTick": 1749299302595,
  "refEthCount": 7.261499999999979,
  "refUserCount": 317,
  "last7dReset": 1748788581689
}