{
  "ethCount": 589.9718000000371,
  "userCount": 26522,
  "lastTick": 1749299302595,
  "refEthCount": 7.261499999999979,
  "refUserCount": 317,
  "last7dReset": 1748788581689
}