{
  "ethCount": 529.2759000000813,
  "userCount": 23760,
  "lastTick": 1749299302595,
  "refEthCount": 7.261499999999979,
  "refUserCount": 317,
  "last7dReset": 1748788581689
}