{
  "ethCount": 483.46820000008603,
  "userCount": 21677,
  "lastTick": 1749299302595,
  "refEthCount": 7.261499999999979,
  "refUserCount": 317,
  "last7dReset": 1748788581689
}