{
  "ethCount": 321.92520000003094,
  "userCount": 14401,
  "lastTick": 1749299302595,
  "refEthCount": 7.261499999999979,
  "refUserCount": 317,
  "last7dReset": 1748788581689
}