{
  "ethCount": 400.88250000005905,
  "userCount": 17936,
  "lastTick": 1749299302595,
  "refEthCount": 7.261499999999979,
  "refUserCount": 317,
  "last7dReset": 1748788581689
}