{
  "ethCount": 76.50649999999911,
  "userCount": 3436,
  "lastTick": 1749299302595,
  "refEthCount": 7.261499999999979,
  "refUserCount": 317,
  "last7dReset": 1748788581689
}