{
  "ethCount": 253.26730000000467,
  "userCount": 11356,
  "lastTick": 1749299302595,
  "refEthCount": 7.261499999999979,
  "refUserCount": 317,
  "last7dReset": 1748788581689
}