{
  "ethCount": 496.26670000008875,
  "userCount": 22284,
  "lastTick": 1749299302595,
  "refEthCount": 7.261499999999979,
  "refUserCount": 317,
  "last7dReset": 1748788581689
}