{
  "ethCount": 234.40540000000357,
  "userCount": 10495,
  "lastTick": 1749299302595,
  "refEthCount": 7.261499999999979,
  "refUserCount": 317,
  "last7dReset": 1748788581689
}