{
  "ethCount": 302.87350000002317,
  "userCount": 13554,
  "lastTick": 1749299302595,
  "refEthCount": 7.261499999999979,
  "refUserCount": 317,
  "last7dReset": 1748788581689
}