{
  "ethCount": 200.86510000000158,
  "userCount": 9005,
  "lastTick": 1749299302595,
  "refEthCount": 7.261499999999979,
  "refUserCount": 317,
  "last7dReset": 1748788581689
}