{
  "ethCount": 404.23780000006,
  "userCount": 18089,
  "lastTick": 1749299302595,
  "refEthCount": 7.261499999999979,
  "refUserCount": 317,
  "last7dReset": 1748788581689
}