{
  "ethCount": 358.59430000004363,
  "userCount": 16037,
  "lastTick": 1749299302595,
  "refEthCount": 7.261499999999979,
  "refUserCount": 317,
  "last7dReset": 1748788581689
}