{
  "ethCount": 196.47640000000126,
  "userCount": 8816,
  "lastTick": 1749299302595,
  "refEthCount": 7.261499999999979,
  "refUserCount": 317,
  "last7dReset": 1748788581689
}