{
  "ethCount": 232.9894000000035,
  "userCount": 10426,
  "lastTick": 1749299302595,
  "refEthCount": 7.261499999999979,
  "refUserCount": 317,
  "last7dReset": 1748788581689
}