{
  "ethCount": 75.25669999999919,
  "userCount": 3385,
  "lastTick": 1749299302595,
  "refEthCount": 7.261499999999979,
  "refUserCount": 317,
  "last7dReset": 1748788581689
}