{
  "ethCount": 49.93819999999972,
  "userCount": 2239,
  "lastTick": 1749299302595,
  "refEthCount": 7.261499999999979,
  "refUserCount": 317,
  "last7dReset": 1748788581689
}