{
  "ethCount": 526.1776000000839,
  "userCount": 23621,
  "lastTick": 1749299302595,
  "refEthCount": 7.261499999999979,
  "refUserCount": 317,
  "last7dReset": 1748788581689
}