{
  "ethCount": 519.5102000000887,
  "userCount": 23315,
  "lastTick": 1749299302595,
  "refEthCount": 7.261499999999979,
  "refUserCount": 317,
  "last7dReset": 1748788581689
}