{
  "ethCount": 313.70390000002726,
  "userCount": 14040,
  "lastTick": 1749299302595,
  "refEthCount": 7.261499999999979,
  "refUserCount": 317,
  "last7dReset": 1748788581689
}