{
  "ethCount": 344.3698000000394,
  "userCount": 15393,
  "lastTick": 1749299302595,
  "refEthCount": 7.261499999999979,
  "refUserCount": 317,
  "last7dReset": 1748788581689
}