{
  "ethCount": 475.47280000008357,
  "userCount": 21312,
  "lastTick": 1749299302595,
  "refEthCount": 7.261499999999979,
  "refUserCount": 317,
  "last7dReset": 1748788581689
}