{
  "ethCount": 276.58540000001335,
  "userCount": 12379,
  "lastTick": 1749299302595,
  "refEthCount": 7.261499999999979,
  "refUserCount": 317,
  "last7dReset": 1748788581689
}