{
  "ethCount": 289.94370000001817,
  "userCount": 12977,
  "lastTick": 1749299302595,
  "refEthCount": 7.261499999999979,
  "refUserCount": 317,
  "last7dReset": 1748788581689
}