{
  "ethCount": 348.49210000004064,
  "userCount": 15578,
  "lastTick": 1749299302595,
  "refEthCount": 7.261499999999979,
  "refUserCount": 317,
  "last7dReset": 1748788581689
}