{
  "ethCount": 280.65630000001494,
  "userCount": 12561,
  "lastTick": 1749299302595,
  "refEthCount": 7.261499999999979,
  "refUserCount": 317,
  "last7dReset": 1748788581689
}