{
  "ethCount": 136.46009999999794,
  "userCount": 6143,
  "lastTick": 1749299302595,
  "refEthCount": 7.261499999999979,
  "refUserCount": 317,
  "last7dReset": 1748788581689
}