{
  "ethCount": 398.4554000000583,
  "userCount": 17822,
  "lastTick": 1749299302595,
  "refEthCount": 7.261499999999979,
  "refUserCount": 317,
  "last7dReset": 1748788581689
}