{
  "ethCount": 243.08440000000408,
  "userCount": 10896,
  "lastTick": 1749299302595,
  "refEthCount": 7.261499999999979,
  "refUserCount": 317,
  "last7dReset": 1748788581689
}