{
  "ethCount": 404.34130000006013,
  "userCount": 18093,
  "lastTick": 1749299302595,
  "refEthCount": 7.261499999999979,
  "refUserCount": 317,
  "last7dReset": 1748788581689
}