{
  "ethCount": 412.90290000006246,
  "userCount": 18485,
  "lastTick": 1749299302595,
  "refEthCount": 7.261499999999979,
  "refUserCount": 317,
  "last7dReset": 1748788581689
}