{
  "ethCount": 438.59740000006974,
  "userCount": 19646,
  "lastTick": 1749299302595,
  "refEthCount": 7.261499999999979,
  "refUserCount": 317,
  "last7dReset": 1748788581689
}