{
  "ethCount": 372.31990000004805,
  "userCount": 16658,
  "lastTick": 1749299302595,
  "refEthCount": 7.261499999999979,
  "refUserCount": 317,
  "last7dReset": 1748788581689
}