{
  "ethCount": 269.7296000000103,
  "userCount": 12088,
  "lastTick": 1749299302595,
  "refEthCount": 7.261499999999979,
  "refUserCount": 317,
  "last7dReset": 1748788581689
}