{
  "ethCount": 297.2838000000209,
  "userCount": 13306,
  "lastTick": 1749299302595,
  "refEthCount": 7.261499999999979,
  "refUserCount": 317,
  "last7dReset": 1748788581689
}