{
  "ethCount": 169.04419999999962,
  "userCount": 7607,
  "lastTick": 1749299302595,
  "refEthCount": 7.261499999999979,
  "refUserCount": 317,
  "last7dReset": 1748788581689
}