{
  "ethCount": 446.62500000007213,
  "userCount": 20021,
  "lastTick": 1749299302595,
  "refEthCount": 7.261499999999979,
  "refUserCount": 317,
  "last7dReset": 1748788581689
}