{
  "ethCount": 439.07180000006997,
  "userCount": 19668,
  "lastTick": 1749299302595,
  "refEthCount": 7.261499999999979,
  "refUserCount": 317,
  "last7dReset": 1748788581689
}