{
  "ethCount": 414.65930000006324,
  "userCount": 18562,
  "lastTick": 1749299302595,
  "refEthCount": 7.261499999999979,
  "refUserCount": 317,
  "last7dReset": 1748788581689
}