{
  "ethCount": 283.06580000001577,
  "userCount": 12667,
  "lastTick": 1749299302595,
  "refEthCount": 7.261499999999979,
  "refUserCount": 317,
  "last7dReset": 1748788581689
}