{
  "ethCount": 267.4869000000094,
  "userCount": 11984,
  "lastTick": 1749299302595,
  "refEthCount": 7.261499999999979,
  "refUserCount": 317,
  "last7dReset": 1748788581689
}