{
  "ethCount": 556.4162000000628,
  "userCount": 25015,
  "lastTick": 1749299302595,
  "refEthCount": 7.261499999999979,
  "refUserCount": 317,
  "last7dReset": 1748788581689
}