{
  "ethCount": 169.50569999999965,
  "userCount": 7630,
  "lastTick": 1749299302595,
  "refEthCount": 7.261499999999979,
  "refUserCount": 317,
  "last7dReset": 1748788581689
}