{
  "ethCount": 316.5191000000289,
  "userCount": 14160,
  "lastTick": 1749299302595,
  "refEthCount": 7.261499999999979,
  "refUserCount": 317,
  "last7dReset": 1748788581689
}