{
  "ethCount": 451.5814000000741,
  "userCount": 20243,
  "lastTick": 1749299302595,
  "refEthCount": 7.261499999999979,
  "refUserCount": 317,
  "last7dReset": 1748788581689
}