{
  "ethCount": 418.39400000006447,
  "userCount": 18728,
  "lastTick": 1749299302595,
  "refEthCount": 7.261499999999979,
  "refUserCount": 317,
  "last7dReset": 1748788581689
}