{
  "ethCount": 168.4982999999996,
  "userCount": 7583,
  "lastTick": 1749299302595,
  "refEthCount": 7.261499999999979,
  "refUserCount": 317,
  "last7dReset": 1748788581689
}