{
  "ethCount": 362.61660000004525,
  "userCount": 16215,
  "lastTick": 1749299302595,
  "refEthCount": 7.261499999999979,
  "refUserCount": 317,
  "last7dReset": 1748788581689
}