{
  "ethCount": 188.92610000000076,
  "userCount": 8486,
  "lastTick": 1749299302595,
  "refEthCount": 7.261499999999979,
  "refUserCount": 317,
  "last7dReset": 1748788581689
}