{
  "ethCount": 440.62160000007026,
  "userCount": 19742,
  "lastTick": 1749299302595,
  "refEthCount": 7.261499999999979,
  "refUserCount": 317,
  "last7dReset": 1748788581689
}