{
  "ethCount": 48.68399999999974,
  "userCount": 2177,
  "lastTick": 1749299302595,
  "refEthCount": 7.261499999999979,
  "refUserCount": 317,
  "last7dReset": 1748788581689
}