{
  "ethCount": 456.2660000000759,
  "userCount": 20452,
  "lastTick": 1749299302595,
  "refEthCount": 7.261499999999979,
  "refUserCount": 317,
  "last7dReset": 1748788581689
}