{
  "ethCount": 358.36120000004354,
  "userCount": 16028,
  "lastTick": 1749299302595,
  "refEthCount": 7.261499999999979,
  "refUserCount": 317,
  "last7dReset": 1748788581689
}