{
  "ethCount": 385.4409000000528,
  "userCount": 17239,
  "lastTick": 1749299302595,
  "refEthCount": 7.261499999999979,
  "refUserCount": 317,
  "last7dReset": 1748788581689
}