{
  "ethCount": 317.99070000002956,
  "userCount": 14223,
  "lastTick": 1749299302595,
  "refEthCount": 7.261499999999979,
  "refUserCount": 317,
  "last7dReset": 1748788581689
}