{
  "ethCount": 327.36870000003313,
  "userCount": 14641,
  "lastTick": 1749299302595,
  "refEthCount": 7.261499999999979,
  "refUserCount": 317,
  "last7dReset": 1748788581689
}