{
  "ethCount": 338.55920000003675,
  "userCount": 15145,
  "lastTick": 1749299302595,
  "refEthCount": 7.261499999999979,
  "refUserCount": 317,
  "last7dReset": 1748788581689
}