{
  "ethCount": 386.0157000000532,
  "userCount": 17263,
  "lastTick": 1749299302595,
  "refEthCount": 7.261499999999979,
  "refUserCount": 317,
  "last7dReset": 1748788581689
}