{
  "ethCount": 603.2613000000257,
  "userCount": 27104,
  "lastTick": 1749299302595,
  "refEthCount": 7.261499999999979,
  "refUserCount": 317,
  "last7dReset": 1748788581689
}