{
  "ethCount": 113.45489999999796,
  "userCount": 5098,
  "lastTick": 1749299302595,
  "refEthCount": 7.261499999999979,
  "refUserCount": 317,
  "last7dReset": 1748788581689
}