{
  "ethCount": 560.5153000000604,
  "userCount": 25207,
  "lastTick": 1749299302595,
  "refEthCount": 7.261499999999979,
  "refUserCount": 317,
  "last7dReset": 1748788581689
}