{
  "ethCount": 416.92390000006424,
  "userCount": 18659,
  "lastTick": 1749299302595,
  "refEthCount": 7.261499999999979,
  "refUserCount": 317,
  "last7dReset": 1748788581689
}