{
  "ethCount": 273.64850000001223,
  "userCount": 12251,
  "lastTick": 1749299302595,
  "refEthCount": 7.261499999999979,
  "refUserCount": 317,
  "last7dReset": 1748788581689
}