{
  "ethCount": 315.0382000000284,
  "userCount": 14095,
  "lastTick": 1749299302595,
  "refEthCount": 7.261499999999979,
  "refUserCount": 317,
  "last7dReset": 1748788581689
}