{
  "ethCount": 349.18450000004094,
  "userCount": 15606,
  "lastTick": 1749299302595,
  "refEthCount": 7.261499999999979,
  "refUserCount": 317,
  "last7dReset": 1748788581689
}