{
  "ethCount": 566.1618000000564,
  "userCount": 25460,
  "lastTick": 1749299302595,
  "refEthCount": 7.261499999999979,
  "refUserCount": 317,
  "last7dReset": 1748788581689
}