{
  "ethCount": 182.66740000000033,
  "userCount": 8217,
  "lastTick": 1749299302595,
  "refEthCount": 7.261499999999979,
  "refUserCount": 317,
  "last7dReset": 1748788581689
}