{
  "ethCount": 224.89470000000307,
  "userCount": 10066,
  "lastTick": 1749299302595,
  "refEthCount": 7.261499999999979,
  "refUserCount": 317,
  "last7dReset": 1748788581689
}