{
  "ethCount": 212.92050000000248,
  "userCount": 9535,
  "lastTick": 1749299302595,
  "refEthCount": 7.261499999999979,
  "refUserCount": 317,
  "last7dReset": 1748788581689
}