{
  "ethCount": 599.2031000000294,
  "userCount": 26927,
  "lastTick": 1749299302595,
  "refEthCount": 7.261499999999979,
  "refUserCount": 317,
  "last7dReset": 1748788581689
}