{
  "ethCount": 461.38470000007806,
  "userCount": 20685,
  "lastTick": 1749299302595,
  "refEthCount": 7.261499999999979,
  "refUserCount": 317,
  "last7dReset": 1748788581689
}