{
  "ethCount": 341.01000000003785,
  "userCount": 15253,
  "lastTick": 1749299302595,
  "refEthCount": 7.261499999999979,
  "refUserCount": 317,
  "last7dReset": 1748788581689
}