{
  "ethCount": 382.53470000005143,
  "userCount": 17114,
  "lastTick": 1749299302595,
  "refEthCount": 7.261499999999979,
  "refUserCount": 317,
  "last7dReset": 1748788581689
}