{
  "ethCount": 499.76260000008983,
  "userCount": 22446,
  "lastTick": 1749299302595,
  "refEthCount": 7.261499999999979,
  "refUserCount": 317,
  "last7dReset": 1748788581689
}