{
  "ethCount": 67.53819999999938,
  "userCount": 3026,
  "lastTick": 1749299302595,
  "refEthCount": 7.261499999999979,
  "refUserCount": 317,
  "last7dReset": 1748788581689
}