{
  "ethCount": 598.0877000000302,
  "userCount": 26876,
  "lastTick": 1749299302595,
  "refEthCount": 7.261499999999979,
  "refUserCount": 317,
  "last7dReset": 1748788581689
}