{
  "ethCount": 595.6151000000323,
  "userCount": 26765,
  "lastTick": 1749299302595,
  "refEthCount": 7.261499999999979,
  "refUserCount": 317,
  "last7dReset": 1748788581689
}