{
  "ethCount": 90.69589999999866,
  "userCount": 4072,
  "lastTick": 1749299302595,
  "refEthCount": 7.261499999999979,
  "refUserCount": 317,
  "last7dReset": 1748788581689
}