{
  "ethCount": 433.6284000000684,
  "userCount": 19419,
  "lastTick": 1749299302595,
  "refEthCount": 7.261499999999979,
  "refUserCount": 317,
  "last7dReset": 1748788581689
}