{
  "ethCount": 482.4883000000856,
  "userCount": 21631,
  "lastTick": 1749299302595,
  "refEthCount": 7.261499999999979,
  "refUserCount": 317,
  "last7dReset": 1748788581689
}