{
  "ethCount": 361.91750000004475,
  "userCount": 16186,
  "lastTick": 1749299302595,
  "refEthCount": 7.261499999999979,
  "refUserCount": 317,
  "last7dReset": 1748788581689
}