{
  "ethCount": 379.14220000005014,
  "userCount": 16969,
  "lastTick": 1749299302595,
  "refEthCount": 7.261499999999979,
  "refUserCount": 317,
  "last7dReset": 1748788581689
}