{
  "ethCount": 482.97140000008585,
  "userCount": 21653,
  "lastTick": 1749299302595,
  "refEthCount": 7.261499999999979,
  "refUserCount": 317,
  "last7dReset": 1748788581689
}