{
  "ethCount": 376.40790000004927,
  "userCount": 16847,
  "lastTick": 1749299302595,
  "refEthCount": 7.261499999999979,
  "refUserCount": 317,
  "last7dReset": 1748788581689
}