{
  "ethCount": 454.4030000000749,
  "userCount": 20371,
  "lastTick": 1749299302595,
  "refEthCount": 7.261499999999979,
  "refUserCount": 317,
  "last7dReset": 1748788581689
}