{
  "ethCount": 317.24960000002943,
  "userCount": 14188,
  "lastTick": 1749299302595,
  "refEthCount": 7.261499999999979,
  "refUserCount": 317,
  "last7dReset": 1748788581689
}