{
  "ethCount": 560.3065000000606,
  "userCount": 25198,
  "lastTick": 1749299302595,
  "refEthCount": 7.261499999999979,
  "refUserCount": 317,
  "last7dReset": 1748788581689
}