{
  "ethCount": 409.0557000000613,
  "userCount": 18313,
  "lastTick": 1749299302595,
  "refEthCount": 7.261499999999979,
  "refUserCount": 317,
  "last7dReset": 1748788581689
}