{
  "ethCount": 510.00630000009414,
  "userCount": 22891,
  "lastTick": 1749299302595,
  "refEthCount": 7.261499999999979,
  "refUserCount": 317,
  "last7dReset": 1748788581689
}