{
  "ethCount": 201.48190000000164,
  "userCount": 9032,
  "lastTick": 1749299302595,
  "refEthCount": 7.261499999999979,
  "refUserCount": 317,
  "last7dReset": 1748788581689
}