{
  "ethCount": 429.22500000006715,
  "userCount": 19223,
  "lastTick": 1749299302595,
  "refEthCount": 7.261499999999979,
  "refUserCount": 317,
  "last7dReset": 1748788581689
}