{
  "ethCount": 461.11390000007793,
  "userCount": 20675,
  "lastTick": 1749299302595,
  "refEthCount": 7.261499999999979,
  "refUserCount": 317,
  "last7dReset": 1748788581689
}