{
  "ethCount": 211.64450000000238,
  "userCount": 9480,
  "lastTick": 1749299302595,
  "refEthCount": 7.261499999999979,
  "refUserCount": 317,
  "last7dReset": 1748788581689
}