{
  "ethCount": 530.2301000000807,
  "userCount": 23804,
  "lastTick": 1749299302595,
  "refEthCount": 7.261499999999979,
  "refUserCount": 317,
  "last7dReset": 1748788581689
}