{
  "ethCount": 119.05699999999771,
  "userCount": 5341,
  "lastTick": 1749299302595,
  "refEthCount": 7.261499999999979,
  "refUserCount": 317,
  "last7dReset": 1748788581689
}