{
  "ethCount": 136.97549999999796,
  "userCount": 6167,
  "lastTick": 1749299302595,
  "refEthCount": 7.261499999999979,
  "refUserCount": 317,
  "last7dReset": 1748788581689
}