{
  "ethCount": 389.72110000005495,
  "userCount": 17433,
  "lastTick": 1749299302595,
  "refEthCount": 7.261499999999979,
  "refUserCount": 317,
  "last7dReset": 1748788581689
}