{
  "ethCount": 149.40729999999854,
  "userCount": 6729,
  "lastTick": 1749299302595,
  "refEthCount": 7.261499999999979,
  "refUserCount": 317,
  "last7dReset": 1748788581689
}