{
  "ethCount": 517.8171000000912,
  "userCount": 23246,
  "lastTick": 1749299302595,
  "refEthCount": 7.261499999999979,
  "refUserCount": 317,
  "last7dReset": 1748788581689
}