{
  "ethCount": 263.91010000000824,
  "userCount": 11821,
  "lastTick": 1749299302595,
  "refEthCount": 7.261499999999979,
  "refUserCount": 317,
  "last7dReset": 1748788581689
}