{
  "ethCount": 177.03210000000004,
  "userCount": 7967,
  "lastTick": 1749299302595,
  "refEthCount": 7.261499999999979,
  "refUserCount": 317,
  "last7dReset": 1748788581689
}