{
  "ethCount": 455.06700000007567,
  "userCount": 20395,
  "lastTick": 1749299302595,
  "refEthCount": 7.261499999999979,
  "refUserCount": 317,
  "last7dReset": 1748788581689
}