{
  "ethCount": 397.7757000000576,
  "userCount": 17799,
  "lastTick": 1749299302595,
  "refEthCount": 7.261499999999979,
  "refUserCount": 317,
  "last7dReset": 1748788581689
}