{
  "ethCount": 101.00579999999827,
  "userCount": 4522,
  "lastTick": 1749299302595,
  "refEthCount": 7.261499999999979,
  "refUserCount": 317,
  "last7dReset": 1748788581689
}