{
  "ethCount": 243.7331000000041,
  "userCount": 10924,
  "lastTick": 1749299302595,
  "refEthCount": 7.261499999999979,
  "refUserCount": 317,
  "last7dReset": 1748788581689
}