{
  "ethCount": 573.6278000000503,
  "userCount": 25787,
  "lastTick": 1749299302595,
  "refEthCount": 7.261499999999979,
  "refUserCount": 317,
  "last7dReset": 1748788581689
}