{
  "ethCount": 136.49529999999794,
  "userCount": 6144,
  "lastTick": 1749299302595,
  "refEthCount": 7.261499999999979,
  "refUserCount": 317,
  "last7dReset": 1748788581689
}