{
  "ethCount": 485.72040000008667,
  "userCount": 21781,
  "lastTick": 1749299302595,
  "refEthCount": 7.261499999999979,
  "refUserCount": 317,
  "last7dReset": 1748788581689
}