{
  "ethCount": 309.46280000002565,
  "userCount": 13843,
  "lastTick": 1749299302595,
  "refEthCount": 7.261499999999979,
  "refUserCount": 317,
  "last7dReset": 1748788581689
}