{
  "ethCount": 42.115199999999916,
  "userCount": 1899,
  "lastTick": 1749299302595,
  "refEthCount": 7.261499999999979,
  "refUserCount": 317,
  "last7dReset": 1748788581689
}