{
  "ethCount": 172.9237999999998,
  "userCount": 7781,
  "lastTick": 1749299302595,
  "refEthCount": 7.261499999999979,
  "refUserCount": 317,
  "last7dReset": 1748788581689
}