{
  "ethCount": 195.67250000000124,
  "userCount": 8777,
  "lastTick": 1749299302595,
  "refEthCount": 7.261499999999979,
  "refUserCount": 317,
  "last7dReset": 1748788581689
}