{
  "ethCount": 333.17430000003543,
  "userCount": 14898,
  "lastTick": 1749299302595,
  "refEthCount": 7.261499999999979,
  "refUserCount": 317,
  "last7dReset": 1748788581689
}