{
  "ethCount": 470.85960000008214,
  "userCount": 21101,
  "lastTick": 1749299302595,
  "refEthCount": 7.261499999999979,
  "refUserCount": 317,
  "last7dReset": 1748788581689
}