{
  "ethCount": 574.5515000000497,
  "userCount": 25830,
  "lastTick": 1749299302595,
  "refEthCount": 7.261499999999979,
  "refUserCount": 317,
  "last7dReset": 1748788581689
}