{
  "ethCount": 235.44940000000358,
  "userCount": 10544,
  "lastTick": 1749299302595,
  "refEthCount": 7.261499999999979,
  "refUserCount": 317,
  "last7dReset": 1748788581689
}