{
  "ethCount": 424.3115000000655,
  "userCount": 19003,
  "lastTick": 1749299302595,
  "refEthCount": 7.261499999999979,
  "refUserCount": 317,
  "last7dReset": 1748788581689
}