{
  "ethCount": 522.9866000000861,
  "userCount": 23477,
  "lastTick": 1749299302595,
  "refEthCount": 7.261499999999979,
  "refUserCount": 317,
  "last7dReset": 1748788581689
}