{
  "ethCount": 531.6463000000789,
  "userCount": 23867,
  "lastTick": 1749299302595,
  "refEthCount": 7.261499999999979,
  "refUserCount": 317,
  "last7dReset": 1748788581689
}