{
  "ethCount": 307.36170000002477,
  "userCount": 13753,
  "lastTick": 1749299302595,
  "refEthCount": 7.261499999999979,
  "refUserCount": 317,
  "last7dReset": 1748788581689
}