{
  "ethCount": 383.62390000005206,
  "userCount": 17161,
  "lastTick": 1749299302595,
  "refEthCount": 7.261499999999979,
  "refUserCount": 317,
  "last7dReset": 1748788581689
}