{
  "ethCount": 316.28110000002886,
  "userCount": 14148,
  "lastTick": 1749299302595,
  "refEthCount": 7.261499999999979,
  "refUserCount": 317,
  "last7dReset": 1748788581689
}