{
  "ethCount": 199.40570000000147,
  "userCount": 8940,
  "lastTick": 1749299302595,
  "refEthCount": 7.261499999999979,
  "refUserCount": 317,
  "last7dReset": 1748788581689
}