{
  "ethCount": 350.12990000004135,
  "userCount": 15649,
  "lastTick": 1749299302595,
  "refEthCount": 7.261499999999979,
  "refUserCount": 317,
  "last7dReset": 1748788581689
}