{
  "ethCount": 391.6928000000552,
  "userCount": 17526,
  "lastTick": 1749299302595,
  "refEthCount": 7.261499999999979,
  "refUserCount": 317,
  "last7dReset": 1748788581689
}