{
  "ethCount": 475.90790000008377,
  "userCount": 21330,
  "lastTick": 1749299302595,
  "refEthCount": 7.261499999999979,
  "refUserCount": 317,
  "last7dReset": 1748788581689
}