{
  "ethCount": 367.86520000004714,
  "userCount": 16450,
  "lastTick": 1749299302595,
  "refEthCount": 7.261499999999979,
  "refUserCount": 317,
  "last7dReset": 1748788581689
}