{
  "ethCount": 313.86450000002736,
  "userCount": 14046,
  "lastTick": 1749299302595,
  "refEthCount": 7.261499999999979,
  "refUserCount": 317,
  "last7dReset": 1748788581689
}