{
  "ethCount": 591.3863000000359,
  "userCount": 26584,
  "lastTick": 1749299302595,
  "refEthCount": 7.261499999999979,
  "refUserCount": 317,
  "last7dReset": 1748788581689
}