{
  "ethCount": 341.25460000003784,
  "userCount": 15265,
  "lastTick": 1749299302595,
  "refEthCount": 7.261499999999979,
  "refUserCount": 317,
  "last7dReset": 1748788581689
}