{
  "ethCount": 398.36600000005814,
  "userCount": 17819,
  "lastTick": 1749299302595,
  "refEthCount": 7.261499999999979,
  "refUserCount": 317,
  "last7dReset": 1748788581689
}