{
  "ethCount": 343.37060000003885,
  "userCount": 15350,
  "lastTick": 1749299302595,
  "refEthCount": 7.261499999999979,
  "refUserCount": 317,
  "last7dReset": 1748788581689
}