{
  "ethCount": 450.57130000007345,
  "userCount": 20199,
  "lastTick": 1749299302595,
  "refEthCount": 7.261499999999979,
  "refUserCount": 317,
  "last7dReset": 1748788581689
}