{
  "ethCount": 462.19840000007827,
  "userCount": 20723,
  "lastTick": 1749299302595,
  "refEthCount": 7.261499999999979,
  "refUserCount": 317,
  "last7dReset": 1748788581689
}