{
  "ethCount": 557.4118000000618,
  "userCount": 25060,
  "lastTick": 1749299302595,
  "refEthCount": 7.261499999999979,
  "refUserCount": 317,
  "last7dReset": 1748788581689
}