{
  "ethCount": 302.63700000002314,
  "userCount": 13542,
  "lastTick": 1749299302595,
  "refEthCount": 7.261499999999979,
  "refUserCount": 317,
  "last7dReset": 1748788581689
}