{
  "ethCount": 465.4882000000793,
  "userCount": 20870,
  "lastTick": 1749299302595,
  "refEthCount": 7.261499999999979,
  "refUserCount": 317,
  "last7dReset": 1748788581689
}