{
  "ethCount": 403.1027000000597,
  "userCount": 18035,
  "lastTick": 1749299302595,
  "refEthCount": 7.261499999999979,
  "refUserCount": 317,
  "last7dReset": 1748788581689
}