{
  "ethCount": 207.68560000000204,
  "userCount": 9310,
  "lastTick": 1749299302595,
  "refEthCount": 7.261499999999979,
  "refUserCount": 317,
  "last7dReset": 1748788581689
}