{
  "ethCount": 456.8620000000763,
  "userCount": 20476,
  "lastTick": 1749299302595,
  "refEthCount": 7.261499999999979,
  "refUserCount": 317,
  "last7dReset": 1748788581689
}