{
  "ethCount": 325.9413000000322,
  "userCount": 14582,
  "lastTick": 1749299302595,
  "refEthCount": 7.261499999999979,
  "refUserCount": 317,
  "last7dReset": 1748788581689
}