{
  "ethCount": 190.53640000000098,
  "userCount": 8552,
  "lastTick": 1749299302595,
  "refEthCount": 7.261499999999979,
  "refUserCount": 317,
  "last7dReset": 1748788581689
}