{
  "ethCount": 488.96780000008715,
  "userCount": 21941,
  "lastTick": 1749299302595,
  "refEthCount": 7.261499999999979,
  "refUserCount": 317,
  "last7dReset": 1748788581689
}