{
  "ethCount": 79.62639999999897,
  "userCount": 3577,
  "lastTick": 1749299302595,
  "refEthCount": 7.261499999999979,
  "refUserCount": 317,
  "last7dReset": 1748788581689
}