{
  "ethCount": 120.66829999999761,
  "userCount": 5414,
  "lastTick": 1749299302595,
  "refEthCount": 7.261499999999979,
  "refUserCount": 317,
  "last7dReset": 1748788581689
}