{
  "ethCount": 452.78110000007456,
  "userCount": 20298,
  "lastTick": 1749299302595,
  "refEthCount": 7.261499999999979,
  "refUserCount": 317,
  "last7dReset": 1748788581689
}