{
  "ethCount": 293.19090000001887,
  "userCount": 13125,
  "lastTick": 1749299302595,
  "refEthCount": 7.261499999999979,
  "refUserCount": 317,
  "last7dReset": 1748788581689
}