{
  "ethCount": 470.00200000008186,
  "userCount": 21064,
  "lastTick": 1749299302595,
  "refEthCount": 7.261499999999979,
  "refUserCount": 317,
  "last7dReset": 1748788581689
}