{
  "ethCount": 407.9807000000611,
  "userCount": 18260,
  "lastTick": 1749299302595,
  "refEthCount": 7.261499999999979,
  "refUserCount": 317,
  "last7dReset": 1748788581689
}