{
  "ethCount": 164.33759999999933,
  "userCount": 7407,
  "lastTick": 1749299302595,
  "refEthCount": 7.261499999999979,
  "refUserCount": 317,
  "last7dReset": 1748788581689
}