{
  "ethCount": 433.7236000000685,
  "userCount": 19423,
  "lastTick": 1749299302595,
  "refEthCount": 7.261499999999979,
  "refUserCount": 317,
  "last7dReset": 1748788581689
}