{
  "ethCount": 324.80040000003197,
  "userCount": 14529,
  "lastTick": 1749299302595,
  "refEthCount": 7.261499999999979,
  "refUserCount": 317,
  "last7dReset": 1748788581689
}