{
  "ethCount": 592.5559000000351,
  "userCount": 26633,
  "lastTick": 1749299302595,
  "refEthCount": 7.261499999999979,
  "refUserCount": 317,
  "last7dReset": 1748788581689
}