{
  "ethCount": 311.14060000002644,
  "userCount": 13919,
  "lastTick": 1749299302595,
  "refEthCount": 7.261499999999979,
  "refUserCount": 317,
  "last7dReset": 1748788581689
}