{
  "ethCount": 379.9849000000506,
  "userCount": 17004,
  "lastTick": 1749299302595,
  "refEthCount": 7.261499999999979,
  "refUserCount": 317,
  "last7dReset": 1748788581689
}