{
  "ethCount": 537.1415000000753,
  "userCount": 24127,
  "lastTick": 1749299302595,
  "refEthCount": 7.261499999999979,
  "refUserCount": 317,
  "last7dReset": 1748788581689
}