{
  "ethCount": 62.294199999999556,
  "userCount": 2798,
  "lastTick": 1749299302595,
  "refEthCount": 7.261499999999979,
  "refUserCount": 317,
  "last7dReset": 1748788581689
}