{
  "ethCount": 597.8982000000303,
  "userCount": 26869,
  "lastTick": 1749299302595,
  "refEthCount": 7.261499999999979,
  "refUserCount": 317,
  "last7dReset": 1748788581689
}