{
  "ethCount": 353.92020000004237,
  "userCount": 15826,
  "lastTick": 1749299302595,
  "refEthCount": 7.261499999999979,
  "refUserCount": 317,
  "last7dReset": 1748788581689
}