{
  "ethCount": 343.0112000000386,
  "userCount": 15338,
  "lastTick": 1749299302595,
  "refEthCount": 7.261499999999979,
  "refUserCount": 317,
  "last7dReset": 1748788581689
}