{
  "ethCount": 337.8856000000364,
  "userCount": 15117,
  "lastTick": 1749299302595,
  "refEthCount": 7.261499999999979,
  "refUserCount": 317,
  "last7dReset": 1748788581689
}