{
  "ethCount": 60.975899999999584,
  "userCount": 2734,
  "lastTick": 1749299302595,
  "refEthCount": 7.261499999999979,
  "refUserCount": 317,
  "last7dReset": 1748788581689
}