{
  "ethCount": 528.9071000000814,
  "userCount": 23743,
  "lastTick": 1749299302595,
  "refEthCount": 7.261499999999979,
  "refUserCount": 317,
  "last7dReset": 1748788581689
}