{
  "ethCount": 275.8111000000126,
  "userCount": 12351,
  "lastTick": 1749299302595,
  "refEthCount": 7.261499999999979,
  "refUserCount": 317,
  "last7dReset": 1748788581689
}