{
  "ethCount": 115.02009999999787,
  "userCount": 5157,
  "lastTick": 1749299302595,
  "refEthCount": 7.261499999999979,
  "refUserCount": 317,
  "last7dReset": 1748788581689
}