{
  "ethCount": 242.26340000000405,
  "userCount": 10856,
  "lastTick": 1749299302595,
  "refEthCount": 7.261499999999979,
  "refUserCount": 317,
  "last7dReset": 1748788581689
}