{
  "ethCount": 93.36049999999858,
  "userCount": 4188,
  "lastTick": 1749299302595,
  "refEthCount": 7.261499999999979,
  "refUserCount": 317,
  "last7dReset": 1748788581689
}