{
  "ethCount": 539.8537000000729,
  "userCount": 24248,
  "lastTick": 1749299302595,
  "refEthCount": 7.261499999999979,
  "refUserCount": 317,
  "last7dReset": 1748788581689
}