{
  "ethCount": 291.7296000000186,
  "userCount": 13061,
  "lastTick": 1749299302595,
  "refEthCount": 7.261499999999979,
  "refUserCount": 317,
  "last7dReset": 1748788581689
}