{
  "ethCount": 416.82450000006423,
  "userCount": 18654,
  "lastTick": 1749299302595,
  "refEthCount": 7.261499999999979,
  "refUserCount": 317,
  "last7dReset": 1748788581689
}