{
  "ethCount": 314.18820000002756,
  "userCount": 14060,
  "lastTick": 1749299302595,
  "refEthCount": 7.261499999999979,
  "refUserCount": 317,
  "last7dReset": 1748788581689
}