{
  "ethCount": 296.01890000002027,
  "userCount": 13252,
  "lastTick": 1749299302595,
  "refEthCount": 7.261499999999979,
  "refUserCount": 317,
  "last7dReset": 1748788581689
}