{
  "ethCount": 228.52000000000325,
  "userCount": 10231,
  "lastTick": 1749299302595,
  "refEthCount": 7.261499999999979,
  "refUserCount": 317,
  "last7dReset": 1748788581689
}