{
  "ethCount": 65.3230999999995,
  "userCount": 2935,
  "lastTick": 1749299302595,
  "refEthCount": 7.261499999999979,
  "refUserCount": 317,
  "last7dReset": 1748788581689
}