{
  "ethCount": 77.92839999999902,
  "userCount": 3499,
  "lastTick": 1749299302595,
  "refEthCount": 7.261499999999979,
  "refUserCount": 317,
  "last7dReset": 1748788581689
}