{
  "ethCount": 503.5075000000915,
  "userCount": 22605,
  "lastTick": 1749299302595,
  "refEthCount": 7.261499999999979,
  "refUserCount": 317,
  "last7dReset": 1748788581689
}