{
  "ethCount": 300.26260000002225,
  "userCount": 13438,
  "lastTick": 1749299302595,
  "refEthCount": 7.261499999999979,
  "refUserCount": 317,
  "last7dReset": 1748788581689
}