{
  "ethCount": 490.0100000000873,
  "userCount": 21989,
  "lastTick": 1749299302595,
  "refEthCount": 7.261499999999979,
  "refUserCount": 317,
  "last7dReset": 1748788581689
}