{
  "ethCount": 63.12699999999956,
  "userCount": 2837,
  "lastTick": 1749299302595,
  "refEthCount": 7.261499999999979,
  "refUserCount": 317,
  "last7dReset": 1748788581689
}