{
  "ethCount": 267.55380000000946,
  "userCount": 11987,
  "lastTick": 1749299302595,
  "refEthCount": 7.261499999999979,
  "refUserCount": 317,
  "last7dReset": 1748788581689
}