{
  "ethCount": 275.41990000001255,
  "userCount": 12332,
  "lastTick": 1749299302595,
  "refEthCount": 7.261499999999979,
  "refUserCount": 317,
  "last7dReset": 1748788581689
}