{
  "ethCount": 553.1402000000651,
  "userCount": 24865,
  "lastTick": 1749299302595,
  "refEthCount": 7.261499999999979,
  "refUserCount": 317,
  "last7dReset": 1748788581689
}