{
  "ethCount": 325.37020000003207,
  "userCount": 14555,
  "lastTick": 1749299302595,
  "refEthCount": 7.261499999999979,
  "refUserCount": 317,
  "last7dReset": 1748788581689
}