{
  "ethCount": 115.88409999999783,
  "userCount": 5197,
  "lastTick": 1749299302595,
  "refEthCount": 7.261499999999979,
  "refUserCount": 317,
  "last7dReset": 1748788581689
}