{
  "ethCount": 194.32000000000116,
  "userCount": 8714,
  "lastTick": 1749299302595,
  "refEthCount": 7.261499999999979,
  "refUserCount": 317,
  "last7dReset": 1748788581689
}