{
  "ethCount": 206.73320000000194,
  "userCount": 9268,
  "lastTick": 1749299302595,
  "refEthCount": 7.261499999999979,
  "refUserCount": 317,
  "last7dReset": 1748788581689
}