{
  "ethCount": 180.38110000000023,
  "userCount": 8122,
  "lastTick": 1749299302595,
  "refEthCount": 7.261499999999979,
  "refUserCount": 317,
  "last7dReset": 1748788581689
}