{
  "ethCount": 34.37580000000001,
  "userCount": 1563,
  "lastTick": 1749299302595,
  "refEthCount": 7.261499999999979,
  "refUserCount": 317,
  "last7dReset": 1748788581689
}