{
  "ethCount": 362.13130000004486,
  "userCount": 16196,
  "lastTick": 1749299302595,
  "refEthCount": 7.261499999999979,
  "refUserCount": 317,
  "last7dReset": 1748788581689
}