{
  "ethCount": 387.06170000005363,
  "userCount": 17312,
  "lastTick": 1749299302595,
  "refEthCount": 7.261499999999979,
  "refUserCount": 317,
  "last7dReset": 1748788581689
}