{
  "ethCount": 478.98340000008454,
  "userCount": 21472,
  "lastTick": 1749299302595,
  "refEthCount": 7.261499999999979,
  "refUserCount": 317,
  "last7dReset": 1748788581689
}