{
  "ethCount": 268.19220000000956,
  "userCount": 12018,
  "lastTick": 1749299302595,
  "refEthCount": 7.261499999999979,
  "refUserCount": 317,
  "last7dReset": 1748788581689
}