{
  "ethCount": 571.0209000000525,
  "userCount": 25672,
  "lastTick": 1749299302595,
  "refEthCount": 7.261499999999979,
  "refUserCount": 317,
  "last7dReset": 1748788581689
}