{
  "ethCount": 526.8255000000837,
  "userCount": 23653,
  "lastTick": 1749299302595,
  "refEthCount": 7.261499999999979,
  "refUserCount": 317,
  "last7dReset": 1748788581689
}