{
  "ethCount": 234.42500000000356,
  "userCount": 10496,
  "lastTick": 1749299302595,
  "refEthCount": 7.261499999999979,
  "refUserCount": 317,
  "last7dReset": 1748788581689
}