{
  "ethCount": 458.43800000007695,
  "userCount": 20550,
  "lastTick": 1749299302595,
  "refEthCount": 7.261499999999979,
  "refUserCount": 317,
  "last7dReset": 1748788581689
}