{
  "ethCount": 386.07050000005324,
  "userCount": 17265,
  "lastTick": 1749299302595,
  "refEthCount": 7.261499999999979,
  "refUserCount": 317,
  "last7dReset": 1748788581689
}