{
  "ethCount": 413.33270000006274,
  "userCount": 18504,
  "lastTick": 1749299302595,
  "refEthCount": 7.261499999999979,
  "refUserCount": 317,
  "last7dReset": 1748788581689
}