{
  "ethCount": 403.72470000005984,
  "userCount": 18066,
  "lastTick": 1749299302595,
  "refEthCount": 7.261499999999979,
  "refUserCount": 317,
  "last7dReset": 1748788581689
}