{
  "ethCount": 288.22200000001743,
  "userCount": 12901,
  "lastTick": 1749299302595,
  "refEthCount": 7.261499999999979,
  "refUserCount": 317,
  "last7dReset": 1748788581689
}