{
  "ethCount": 256.69160000000517,
  "userCount": 11504,
  "lastTick": 1749299302595,
  "refEthCount": 7.261499999999979,
  "refUserCount": 317,
  "last7dReset": 1748788581689
}