{
  "ethCount": 342.41740000003824,
  "userCount": 15314,
  "lastTick": 1749299302595,
  "refEthCount": 7.261499999999979,
  "refUserCount": 317,
  "last7dReset": 1748788581689
}