{
  "ethCount": 206.33530000000192,
  "userCount": 9250,
  "lastTick": 1749299302595,
  "refEthCount": 7.261499999999979,
  "refUserCount": 317,
  "last7dReset": 1748788581689
}