{
  "ethCount": 137.29719999999799,
  "userCount": 6182,
  "lastTick": 1749299302595,
  "refEthCount": 7.261499999999979,
  "refUserCount": 317,
  "last7dReset": 1748788581689
}