{
  "ethCount": 432.9854000000682,
  "userCount": 19389,
  "lastTick": 1749299302595,
  "refEthCount": 7.261499999999979,
  "refUserCount": 317,
  "last7dReset": 1748788581689
}