{
  "ethCount": 45.810199999999874,
  "userCount": 2061,
  "lastTick": 1749299302595,
  "refEthCount": 7.261499999999979,
  "refUserCount": 317,
  "last7dReset": 1748788581689
}