{
  "ethCount": 452.04290000007427,
  "userCount": 20264,
  "lastTick": 1749299302595,
  "refEthCount": 7.261499999999979,
  "refUserCount": 317,
  "last7dReset": 1748788581689
}