{
  "ethCount": 384.93070000005235,
  "userCount": 17223,
  "lastTick": 1749299302595,
  "refEthCount": 7.261499999999979,
  "refUserCount": 317,
  "last7dReset": 1748788581689
}