{
  "ethCount": 395.8413000000569,
  "userCount": 17708,
  "lastTick": 1749299302595,
  "refEthCount": 7.261499999999979,
  "refUserCount": 317,
  "last7dReset": 1748788581689
}