{
  "ethCount": 237.05460000000375,
  "userCount": 10612,
  "lastTick": 1749299302595,
  "refEthCount": 7.261499999999979,
  "refUserCount": 317,
  "last7dReset": 1748788581689
}