{
  "ethCount": 475.5397000000836,
  "userCount": 21315,
  "lastTick": 1749299302595,
  "refEthCount": 7.261499999999979,
  "refUserCount": 317,
  "last7dReset": 1748788581689
}