{
  "ethCount": 296.5696000000205,
  "userCount": 13277,
  "lastTick": 1749299302595,
  "refEthCount": 7.261499999999979,
  "refUserCount": 317,
  "last7dReset": 1748788581689
}