{
  "ethCount": 452.3968000000744,
  "userCount": 20281,
  "lastTick": 1749299302595,
  "refEthCount": 7.261499999999979,
  "refUserCount": 317,
  "last7dReset": 1748788581689
}