{
  "ethCount": 586.7783000000393,
  "userCount": 26377,
  "lastTick": 1749299302595,
  "refEthCount": 7.261499999999979,
  "refUserCount": 317,
  "last7dReset": 1748788581689
}