{
  "ethCount": 417.42440000006434,
  "userCount": 18683,
  "lastTick": 1749299302595,
  "refEthCount": 7.261499999999979,
  "refUserCount": 317,
  "last7dReset": 1748788581689
}