{
  "ethCount": 143.59829999999823,
  "userCount": 6464,
  "lastTick": 1749299302595,
  "refEthCount": 7.261499999999979,
  "refUserCount": 317,
  "last7dReset": 1748788581689
}