{
  "ethCount": 350.5443000000414,
  "userCount": 15669,
  "lastTick": 1749299302595,
  "refEthCount": 7.261499999999979,
  "refUserCount": 317,
  "last7dReset": 1748788581689
}