{
  "ethCount": 467.73960000008077,
  "userCount": 20964,
  "lastTick": 1749299302595,
  "refEthCount": 7.261499999999979,
  "refUserCount": 317,
  "last7dReset": 1748788581689
}