{
  "ethCount": 360.17850000004415,
  "userCount": 16109,
  "lastTick": 1749299302595,
  "refEthCount": 7.261499999999979,
  "refUserCount": 317,
  "last7dReset": 1748788581689
}