{
  "ethCount": 107.91059999999811,
  "userCount": 4846,
  "lastTick": 1749299302595,
  "refEthCount": 7.261499999999979,
  "refUserCount": 317,
  "last7dReset": 1748788581689
}