{
  "ethCount": 382.64830000005156,
  "userCount": 17119,
  "lastTick": 1749299302595,
  "refEthCount": 7.261499999999979,
  "refUserCount": 317,
  "last7dReset": 1748788581689
}