{
  "ethCount": 167.81849999999957,
  "userCount": 7551,
  "lastTick": 1749299302595,
  "refEthCount": 7.261499999999979,
  "refUserCount": 317,
  "last7dReset": 1748788581689
}