{
  "ethCount": 555.6047000000632,
  "userCount": 24975,
  "lastTick": 1749299302595,
  "refEthCount": 7.261499999999979,
  "refUserCount": 317,
  "last7dReset": 1748788581689
}