{
  "ethCount": 476.14040000008396,
  "userCount": 21339,
  "lastTick": 1749299302595,
  "refEthCount": 7.261499999999979,
  "refUserCount": 317,
  "last7dReset": 1748788581689
}