{
  "ethCount": 205.97890000000191,
  "userCount": 9234,
  "lastTick": 1749299302595,
  "refEthCount": 7.261499999999979,
  "refUserCount": 317,
  "last7dReset": 1748788581689
}