{
  "ethCount": 151.76229999999865,
  "userCount": 6839,
  "lastTick": 1749299302595,
  "refEthCount": 7.261499999999979,
  "refUserCount": 317,
  "last7dReset": 1748788581689
}