{
  "ethCount": 433.23200000006824,
  "userCount": 19401,
  "lastTick": 1749299302595,
  "refEthCount": 7.261499999999979,
  "refUserCount": 317,
  "last7dReset": 1748788581689
}