{
  "ethCount": 393.0160000000556,
  "userCount": 17586,
  "lastTick": 1749299302595,
  "refEthCount": 7.261499999999979,
  "refUserCount": 317,
  "last7dReset": 1748788581689
}