{
  "ethCount": 200.41660000000155,
  "userCount": 8984,
  "lastTick": 1749299302595,
  "refEthCount": 7.261499999999979,
  "refUserCount": 317,
  "last7dReset": 1748788581689
}