{
  "ethCount": 6.8843999999999905,
  "userCount": 318,
  "lastTick": 1749299302595,
  "refEthCount": 7.261499999999979,
  "refUserCount": 317,
  "last7dReset": 1748788581689
}