{
  "ethCount": 270.42800000001046,
  "userCount": 12118,
  "lastTick": 1749299302595,
  "refEthCount": 7.261499999999979,
  "refUserCount": 317,
  "last7dReset": 1748788581689
}