{
  "ethCount": 538.6813000000737,
  "userCount": 24193,
  "lastTick": 1749299302595,
  "refEthCount": 7.261499999999979,
  "refUserCount": 317,
  "last7dReset": 1748788581689
}