{
  "ethCount": 344.9589000000395,
  "userCount": 15419,
  "lastTick": 1749299302595,
  "refEthCount": 7.261499999999979,
  "refUserCount": 317,
  "last7dReset": 1748788581689
}