{
  "ethCount": 126.40299999999749,
  "userCount": 5681,
  "lastTick": 1749299302595,
  "refEthCount": 7.261499999999979,
  "refUserCount": 317,
  "last7dReset": 1748788581689
}