{
  "ethCount": 414.89590000006336,
  "userCount": 18572,
  "lastTick": 1749299302595,
  "refEthCount": 7.261499999999979,
  "refUserCount": 317,
  "last7dReset": 1748788581689
}