{
  "ethCount": 445.03390000007147,
  "userCount": 19947,
  "lastTick": 1749299302595,
  "refEthCount": 7.261499999999979,
  "refUserCount": 317,
  "last7dReset": 1748788581689
}