{
  "ethCount": 28.901300000000028,
  "userCount": 1321,
  "lastTick": 1749299302595,
  "refEthCount": 7.261499999999979,
  "refUserCount": 317,
  "last7dReset": 1748788581689
}