{
  "ethCount": 352.44820000004177,
  "userCount": 15756,
  "lastTick": 1749299302595,
  "refEthCount": 7.261499999999979,
  "refUserCount": 317,
  "last7dReset": 1748788581689
}