{
  "ethCount": 214.43510000000256,
  "userCount": 9603,
  "lastTick": 1749299302595,
  "refEthCount": 7.261499999999979,
  "refUserCount": 317,
  "last7dReset": 1748788581689
}