{
  "ethCount": 53.67399999999967,
  "userCount": 2401,
  "lastTick": 1749299302595,
  "refEthCount": 7.261499999999979,
  "refUserCount": 317,
  "last7dReset": 1748788581689
}