{
  "ethCount": 193.39760000000106,
  "userCount": 8680,
  "lastTick": 1749299302595,
  "refEthCount": 7.261499999999979,
  "refUserCount": 317,
  "last7dReset": 1748788581689
}