{
  "ethCount": 509.1900000000936,
  "userCount": 22857,
  "lastTick": 1749299302595,
  "refEthCount": 7.261499999999979,
  "refUserCount": 317,
  "last7dReset": 1748788581689
}