{
  "ethCount": 159.2596999999991,
  "userCount": 7178,
  "lastTick": 1749299302595,
  "refEthCount": 7.261499999999979,
  "refUserCount": 317,
  "last7dReset": 1748788581689
}