{
  "ethCount": 271.8034000000111,
  "userCount": 12175,
  "lastTick": 1749299302595,
  "refEthCount": 7.261499999999979,
  "refUserCount": 317,
  "last7dReset": 1748788581689
}