{
  "ethCount": 225.91380000000308,
  "userCount": 10108,
  "lastTick": 1749299302595,
  "refEthCount": 7.261499999999979,
  "refUserCount": 317,
  "last7dReset": 1748788581689
}