{
  "ethCount": 22.080600000000008,
  "userCount": 1006,
  "lastTick": 1749299302595,
  "refEthCount": 7.261499999999979,
  "refUserCount": 317,
  "last7dReset": 1748788581689
}