{
  "ethCount": 409.25360000006134,
  "userCount": 18321,
  "lastTick": 1749299302595,
  "refEthCount": 7.261499999999979,
  "refUserCount": 317,
  "last7dReset": 1748788581689
}