{
  "ethCount": 393.57950000005593,
  "userCount": 17608,
  "lastTick": 1749299302595,
  "refEthCount": 7.261499999999979,
  "refUserCount": 317,
  "last7dReset": 1748788581689
}