{
  "ethCount": 546.7044000000692,
  "userCount": 24566,
  "lastTick": 1749299302595,
  "refEthCount": 7.261499999999979,
  "refUserCount": 317,
  "last7dReset": 1748788581689
}