{
  "ethCount": 418.52780000006453,
  "userCount": 18734,
  "lastTick": 1749299302595,
  "refEthCount": 7.261499999999979,
  "refUserCount": 317,
  "last7dReset": 1748788581689
}