{
  "ethCount": 215.30760000000262,
  "userCount": 9640,
  "lastTick": 1749299302595,
  "refEthCount": 7.261499999999979,
  "refUserCount": 317,
  "last7dReset": 1748788581689
}