{
  "ethCount": 451.08620000007403,
  "userCount": 20218,
  "lastTick": 1749299302595,
  "refEthCount": 7.261499999999979,
  "refUserCount": 317,
  "last7dReset": 1748788581689
}