{
  "ethCount": 285.41230000001667,
  "userCount": 12772,
  "lastTick": 1749299302595,
  "refEthCount": 7.261499999999979,
  "refUserCount": 317,
  "last7dReset": 1748788581689
}