{
  "ethCount": 362.34090000004517,
  "userCount": 16201,
  "lastTick": 1749299302595,
  "refEthCount": 7.261499999999979,
  "refUserCount": 317,
  "last7dReset": 1748788581689
}