{
  "ethCount": 330.3303000000344,
  "userCount": 14771,
  "lastTick": 1749299302595,
  "refEthCount": 7.261499999999979,
  "refUserCount": 317,
  "last7dReset": 1748788581689
}