{
  "ethCount": 382.41300000005134,
  "userCount": 17109,
  "lastTick": 1749299302595,
  "refEthCount": 7.261499999999979,
  "refUserCount": 317,
  "last7dReset": 1748788581689
}