{
  "ethCount": 174.62519999999995,
  "userCount": 7862,
  "lastTick": 1749299302595,
  "refEthCount": 7.261499999999979,
  "refUserCount": 317,
  "last7dReset": 1748788581689
}