{
  "ethCount": 456.9208000000764,
  "userCount": 20479,
  "lastTick": 1749299302595,
  "refEthCount": 7.261499999999979,
  "refUserCount": 317,
  "last7dReset": 1748788581689
}