{
  "ethCount": 346.25720000003975,
  "userCount": 15478,
  "lastTick": 1749299302595,
  "refEthCount": 7.261499999999979,
  "refUserCount": 317,
  "last7dReset": 1748788581689
}