{
  "ethCount": 473.3737000000829,
  "userCount": 21217,
  "lastTick": 1749299302595,
  "refEthCount": 7.261499999999979,
  "refUserCount": 317,
  "last7dReset": 1748788581689
}