{
  "ethCount": 412.13540000006225,
  "userCount": 18449,
  "lastTick": 1749299302595,
  "refEthCount": 7.261499999999979,
  "refUserCount": 317,
  "last7dReset": 1748788581689
}