{
  "ethCount": 307.9295000000249,
  "userCount": 13779,
  "lastTick": 1749299302595,
  "refEthCount": 7.261499999999979,
  "refUserCount": 317,
  "last7dReset": 1748788581689
}