{
  "ethCount": 157.25879999999898,
  "userCount": 7087,
  "lastTick": 1749299302595,
  "refEthCount": 7.261499999999979,
  "refUserCount": 317,
  "last7dReset": 1748788581689
}