{
  "ethCount": 450.10730000007317,
  "userCount": 20179,
  "lastTick": 1749299302595,
  "refEthCount": 7.261499999999979,
  "refUserCount": 317,
  "last7dReset": 1748788581689
}