{
  "ethCount": 285.31770000001666,
  "userCount": 12768,
  "lastTick": 1749299302595,
  "refEthCount": 7.261499999999979,
  "refUserCount": 317,
  "last7dReset": 1748788581689
}