{
  "ethCount": 382.60160000005146,
  "userCount": 17117,
  "lastTick": 1749299302595,
  "refEthCount": 7.261499999999979,
  "refUserCount": 317,
  "last7dReset": 1748788581689
}