{
  "ethCount": 499.66850000008964,
  "userCount": 22444,
  "lastTick": 1749299302595,
  "refEthCount": 7.261499999999979,
  "refUserCount": 317,
  "last7dReset": 1748788581689
}