{
  "ethCount": 532.1739000000787,
  "userCount": 23892,
  "lastTick": 1749299302595,
  "refEthCount": 7.261499999999979,
  "refUserCount": 317,
  "last7dReset": 1748788581689
}