{
  "ethCount": 89.95689999999874,
  "userCount": 4040,
  "lastTick": 1749299302595,
  "refEthCount": 7.261499999999979,
  "refUserCount": 317,
  "last7dReset": 1748788581689
}