{
  "ethCount": 460.63480000007786,
  "userCount": 20652,
  "lastTick": 1749299302595,
  "refEthCount": 7.261499999999979,
  "refUserCount": 317,
  "last7dReset": 1748788581689
}