{
  "ethCount": 454.69090000007503,
  "userCount": 20384,
  "lastTick": 1749299302595,
  "refEthCount": 7.261499999999979,
  "refUserCount": 317,
  "last7dReset": 1748788581689
}