{
  "ethCount": 220.54170000000286,
  "userCount": 9869,
  "lastTick": 1749299302595,
  "refEthCount": 7.261499999999979,
  "refUserCount": 317,
  "last7dReset": 1748788581689
}