{
  "ethCount": 585.8988000000402,
  "userCount": 26339,
  "lastTick": 1749299302595,
  "refEthCount": 7.261499999999979,
  "refUserCount": 317,
  "last7dReset": 1748788581689
}