{
  "ethCount": 465.6186000000794,
  "userCount": 20875,
  "lastTick": 1749299302595,
  "refEthCount": 7.261499999999979,
  "refUserCount": 317,
  "last7dReset": 1748788581689
}