{
  "ethCount": 371.46120000004794,
  "userCount": 16617,
  "lastTick": 1749299302595,
  "refEthCount": 7.261499999999979,
  "refUserCount": 317,
  "last7dReset": 1748788581689
}