{
  "ethCount": 363.6531000000458,
  "userCount": 16256,
  "lastTick": 1749299302595,
  "refEthCount": 7.261499999999979,
  "refUserCount": 317,
  "last7dReset": 1748788581689
}