{
  "ethCount": 315.93660000002876,
  "userCount": 14134,
  "lastTick": 1749299302595,
  "refEthCount": 7.261499999999979,
  "refUserCount": 317,
  "last7dReset": 1748788581689
}