{
  "ethCount": 448.7802000000727,
  "userCount": 20119,
  "lastTick": 1749299302595,
  "refEthCount": 7.261499999999979,
  "refUserCount": 317,
  "last7dReset": 1748788581689
}