{
  "ethCount": 29.680700000000034,
  "userCount": 1349,
  "lastTick": 1749299302595,
  "refEthCount": 7.261499999999979,
  "refUserCount": 317,
  "last7dReset": 1748788581689
}