{
  "ethCount": 99.73429999999831,
  "userCount": 4468,
  "lastTick": 1749299302595,
  "refEthCount": 7.261499999999979,
  "refUserCount": 317,
  "last7dReset": 1748788581689
}