{
  "ethCount": 381.80060000005113,
  "userCount": 17082,
  "lastTick": 1749299302595,
  "refEthCount": 7.261499999999979,
  "refUserCount": 317,
  "last7dReset": 1748788581689
}