{
  "ethCount": 323.9378000000316,
  "userCount": 14494,
  "lastTick": 1749299302595,
  "refEthCount": 7.261499999999979,
  "refUserCount": 317,
  "last7dReset": 1748788581689
}