{
  "ethCount": 111.36659999999803,
  "userCount": 5004,
  "lastTick": 1749299302595,
  "refEthCount": 7.261499999999979,
  "refUserCount": 317,
  "last7dReset": 1748788581689
}