{
  "ethCount": 48.525699999999766,
  "userCount": 2170,
  "lastTick": 1749299302595,
  "refEthCount": 7.261499999999979,
  "refUserCount": 317,
  "last7dReset": 1748788581689
}