{
  "ethCount": 377.7539000000497,
  "userCount": 16904,
  "lastTick": 1749299302595,
  "refEthCount": 7.261499999999979,
  "refUserCount": 317,
  "last7dReset": 1748788581689
}