{
  "ethCount": 554.2695000000645,
  "userCount": 24917,
  "lastTick": 1749299302595,
  "refEthCount": 7.261499999999979,
  "refUserCount": 317,
  "last7dReset": 1748788581689
}