{
  "ethCount": 284.08950000001613,
  "userCount": 12714,
  "lastTick": 1749299302595,
  "refEthCount": 7.261499999999979,
  "refUserCount": 317,
  "last7dReset": 1748788581689
}