{
  "ethCount": 309.3097000000255,
  "userCount": 13838,
  "lastTick": 1749299302595,
  "refEthCount": 7.261499999999979,
  "refUserCount": 317,
  "last7dReset": 1748788581689
}