{
  "ethCount": 578.8973000000467,
  "userCount": 26031,
  "lastTick": 1749299302595,
  "refEthCount": 7.261499999999979,
  "refUserCount": 317,
  "last7dReset": 1748788581689
}