{
  "ethCount": 225.28260000000307,
  "userCount": 10080,
  "lastTick": 1749299302595,
  "refEthCount": 7.261499999999979,
  "refUserCount": 317,
  "last7dReset": 1748788581689
}