{
  "ethCount": 223.68710000000303,
  "userCount": 10008,
  "lastTick": 1749299302595,
  "refEthCount": 7.261499999999979,
  "refUserCount": 317,
  "last7dReset": 1748788581689
}