{
  "ethCount": 538.2571000000743,
  "userCount": 24176,
  "lastTick": 1749299302595,
  "refEthCount": 7.261499999999979,
  "refUserCount": 317,
  "last7dReset": 1748788581689
}