{
  "ethCount": 485.50070000008645,
  "userCount": 21771,
  "lastTick": 1749299302595,
  "refEthCount": 7.261499999999979,
  "refUserCount": 317,
  "last7dReset": 1748788581689
}