{
  "ethCount": 321.6420000000308,
  "userCount": 14387,
  "lastTick": 1749299302595,
  "refEthCount": 7.261499999999979,
  "refUserCount": 317,
  "last7dReset": 1748788581689
}