{
  "ethCount": 293.9914000000193,
  "userCount": 13159,
  "lastTick": 1749299302595,
  "refEthCount": 7.261499999999979,
  "refUserCount": 317,
  "last7dReset": 1748788581689
}