{
  "ethCount": 67.04709999999943,
  "userCount": 3004,
  "lastTick": 1749299302595,
  "refEthCount": 7.261499999999979,
  "refUserCount": 317,
  "last7dReset": 1748788581689
}