{
  "ethCount": 60.7832999999996,
  "userCount": 2725,
  "lastTick": 1749299302595,
  "refEthCount": 7.261499999999979,
  "refUserCount": 317,
  "last7dReset": 1748788581689
}