{
  "ethCount": 76.13949999999913,
  "userCount": 3421,
  "lastTick": 1749299302595,
  "refEthCount": 7.261499999999979,
  "refUserCount": 317,
  "last7dReset": 1748788581689
}