{
  "ethCount": 384.0538000000522,
  "userCount": 17182,
  "lastTick": 1749299302595,
  "refEthCount": 7.261499999999979,
  "refUserCount": 317,
  "last7dReset": 1748788581689
}