{
  "ethCount": 290.2894000000182,
  "userCount": 12994,
  "lastTick": 1749299302595,
  "refEthCount": 7.261499999999979,
  "refUserCount": 317,
  "last7dReset": 1748788581689
}