{
  "ethCount": 332.88760000003526,
  "userCount": 14885,
  "lastTick": 1749299302595,
  "refEthCount": 7.261499999999979,
  "refUserCount": 317,
  "last7dReset": 1748788581689
}