{
  "ethCount": 518.6137000000897,
  "userCount": 23276,
  "lastTick": 1749299302595,
  "refEthCount": 7.261499999999979,
  "refUserCount": 317,
  "last7dReset": 1748788581689
}