{
  "ethCount": 276.9476000000135,
  "userCount": 12397,
  "lastTick": 1749299302595,
  "refEthCount": 7.261499999999979,
  "refUserCount": 317,
  "last7dReset": 1748788581689
}