{
  "ethCount": 287.14690000001707,
  "userCount": 12853,
  "lastTick": 1749299302595,
  "refEthCount": 7.261499999999979,
  "refUserCount": 317,
  "last7dReset": 1748788581689
}