{
  "ethCount": 282.24160000001535,
  "userCount": 12633,
  "lastTick": 1749299302595,
  "refEthCount": 7.261499999999979,
  "refUserCount": 317,
  "last7dReset": 1748788581689
}