{
  "ethCount": 517.0135000000919,
  "userCount": 23211,
  "lastTick": 1749299302595,
  "refEthCount": 7.261499999999979,
  "refUserCount": 317,
  "last7dReset": 1748788581689
}