{
  "ethCount": 431.8618000000679,
  "userCount": 19341,
  "lastTick": 1749299302595,
  "refEthCount": 7.261499999999979,
  "refUserCount": 317,
  "last7dReset": 1748788581689
}