{
  "ethCount": 274.8400000000124,
  "userCount": 12305,
  "lastTick": 1749299302595,
  "refEthCount": 7.261499999999979,
  "refUserCount": 317,
  "last7dReset": 1748788581689
}