{
  "ethCount": 581.7033000000438,
  "userCount": 26151,
  "lastTick": 1749299302595,
  "refEthCount": 7.261499999999979,
  "refUserCount": 317,
  "last7dReset": 1748788581689
}