{
  "ethCount": 332.93030000003534,
  "userCount": 14886,
  "lastTick": 1749299302595,
  "refEthCount": 7.261499999999979,
  "refUserCount": 317,
  "last7dReset": 1748788581689
}