{
  "ethCount": 492.83850000008823,
  "userCount": 22121,
  "lastTick": 1749299302595,
  "refEthCount": 7.261499999999979,
  "refUserCount": 317,
  "last7dReset": 1748788581689
}