{
  "ethCount": 271.9078000000114,
  "userCount": 12178,
  "lastTick": 1749299302595,
  "refEthCount": 7.261499999999979,
  "refUserCount": 317,
  "last7dReset": 1748788581689
}