{
  "ethCount": 492.4898000000881,
  "userCount": 22105,
  "lastTick": 1749299302595,
  "refEthCount": 7.261499999999979,
  "refUserCount": 317,
  "last7dReset": 1748788581689
}