{
  "ethCount": 321.33980000003055,
  "userCount": 14374,
  "lastTick": 1749299302595,
  "refEthCount": 7.261499999999979,
  "refUserCount": 317,
  "last7dReset": 1748788581689
}