{
  "ethCount": 2.9091000000000014,
  "userCount": 133,
  "lastTick": 1749299302595,
  "refEthCount": 7.261499999999979,
  "refUserCount": 317,
  "last7dReset": 1748788581689
}