{
  "ethCount": 358.91880000004386,
  "userCount": 16051,
  "lastTick": 1749299302595,
  "refEthCount": 7.261499999999979,
  "refUserCount": 317,
  "last7dReset": 1748788581689
}