{
  "ethCount": 272.88570000001175,
  "userCount": 12218,
  "lastTick": 1749299302595,
  "refEthCount": 7.261499999999979,
  "refUserCount": 317,
  "last7dReset": 1748788581689
}