{
  "ethCount": 87.7541999999988,
  "userCount": 3941,
  "lastTick": 1749299302595,
  "refEthCount": 7.261499999999979,
  "refUserCount": 317,
  "last7dReset": 1748788581689
}