{
  "ethCount": 435.85320000006897,
  "userCount": 19522,
  "lastTick": 1749299302595,
  "refEthCount": 7.261499999999979,
  "refUserCount": 317,
  "last7dReset": 1748788581689
}