{
  "ethCount": 352.19730000004154,
  "userCount": 15746,
  "lastTick": 1749299302595,
  "refEthCount": 7.261499999999979,
  "refUserCount": 317,
  "last7dReset": 1748788581689
}