{
  "ethCount": 365.25290000004617,
  "userCount": 16331,
  "lastTick": 1749299302595,
  "refEthCount": 7.261499999999979,
  "refUserCount": 317,
  "last7dReset": 1748788581689
}