{
  "ethCount": 321.15040000003046,
  "userCount": 14366,
  "lastTick": 1749299302595,
  "refEthCount": 7.261499999999979,
  "refUserCount": 317,
  "last7dReset": 1748788581689
}