{
  "ethCount": 405.52970000006064,
  "userCount": 18146,
  "lastTick": 1749299302595,
  "refEthCount": 7.261499999999979,
  "refUserCount": 317,
  "last7dReset": 1748788581689
}