{
  "ethCount": 569.9014000000533,
  "userCount": 25619,
  "lastTick": 1749299302595,
  "refEthCount": 7.261499999999979,
  "refUserCount": 317,
  "last7dReset": 1748788581689
}