{
  "ethCount": 274.4672000000123,
  "userCount": 12289,
  "lastTick": 1749299302595,
  "refEthCount": 7.261499999999979,
  "refUserCount": 317,
  "last7dReset": 1748788581689
}