{
  "ethCount": 77.50469999999908,
  "userCount": 3480,
  "lastTick": 1749299302595,
  "refEthCount": 7.261499999999979,
  "refUserCount": 317,
  "last7dReset": 1748788581689
}