{
  "ethCount": 294.7341000000197,
  "userCount": 13193,
  "lastTick": 1749299302595,
  "refEthCount": 7.261499999999979,
  "refUserCount": 317,
  "last7dReset": 1748788581689
}