{
  "ethCount": 471.5871000000826,
  "userCount": 21134,
  "lastTick": 1749299302595,
  "refEthCount": 7.261499999999979,
  "refUserCount": 317,
  "last7dReset": 1748788581689
}