{
  "ethCount": 569.3590000000536,
  "userCount": 25594,
  "lastTick": 1749299302595,
  "refEthCount": 7.261499999999979,
  "refUserCount": 317,
  "last7dReset": 1748788581689
}