{
  "ethCount": 470.63730000008206,
  "userCount": 21091,
  "lastTick": 1749299302595,
  "refEthCount": 7.261499999999979,
  "refUserCount": 317,
  "last7dReset": 1748788581689
}