{
  "ethCount": 300.27350000002224,
  "userCount": 13439,
  "lastTick": 1749299302595,
  "refEthCount": 7.261499999999979,
  "refUserCount": 317,
  "last7dReset": 1748788581689
}