{
  "ethCount": 359.36040000004397,
  "userCount": 16070,
  "lastTick": 1749299302595,
  "refEthCount": 7.261499999999979,
  "refUserCount": 317,
  "last7dReset": 1748788581689
}