{
  "ethCount": 287.0359000000169,
  "userCount": 12849,
  "lastTick": 1749299302595,
  "refEthCount": 7.261499999999979,
  "refUserCount": 317,
  "last7dReset": 1748788581689
}