{
  "ethCount": 591.9545000000356,
  "userCount": 26607,
  "lastTick": 1749299302595,
  "refEthCount": 7.261499999999979,
  "refUserCount": 317,
  "last7dReset": 1748788581689
}