{
  "ethCount": 434.88670000006874,
  "userCount": 19477,
  "lastTick": 1749299302595,
  "refEthCount": 7.261499999999979,
  "refUserCount": 317,
  "last7dReset": 1748788581689
}