{
  "ethCount": 586.7979000000392,
  "userCount": 26378,
  "lastTick": 1749299302595,
  "refEthCount": 7.261499999999979,
  "refUserCount": 317,
  "last7dReset": 1748788581689
}