{
  "ethCount": 427.2584000000663,
  "userCount": 19137,
  "lastTick": 1749299302595,
  "refEthCount": 7.261499999999979,
  "refUserCount": 317,
  "last7dReset": 1748788581689
}