{
  "ethCount": 323.15490000003126,
  "userCount": 14459,
  "lastTick": 1749299302595,
  "refEthCount": 7.261499999999979,
  "refUserCount": 317,
  "last7dReset": 1748788581689
}