{
  "ethCount": 118.96719999999773,
  "userCount": 5339,
  "lastTick": 1749299302595,
  "refEthCount": 7.261499999999979,
  "refUserCount": 317,
  "last7dReset": 1748788581689
}