{
  "ethCount": 111.87559999999802,
  "userCount": 5027,
  "lastTick": 1749299302595,
  "refEthCount": 7.261499999999979,
  "refUserCount": 317,
  "last7dReset": 1748788581689
}