{
  "ethCount": 432.0591000000679,
  "userCount": 19351,
  "lastTick": 1749299302595,
  "refEthCount": 7.261499999999979,
  "refUserCount": 317,
  "last7dReset": 1748788581689
}