{
  "ethCount": 162.89629999999926,
  "userCount": 7336,
  "lastTick": 1749299302595,
  "refEthCount": 7.261499999999979,
  "refUserCount": 317,
  "last7dReset": 1748788581689
}