{
  "ethCount": 428.72870000006697,
  "userCount": 19200,
  "lastTick": 1749299302595,
  "refEthCount": 7.261499999999979,
  "refUserCount": 317,
  "last7dReset": 1748788581689
}