{
  "ethCount": 483.24710000008594,
  "userCount": 21667,
  "lastTick": 1749299302595,
  "refEthCount": 7.261499999999979,
  "refUserCount": 317,
  "last7dReset": 1748788581689
}