{
  "ethCount": 194.26040000000114,
  "userCount": 8715,
  "lastTick": 1749299302595,
  "refEthCount": 7.261499999999979,
  "refUserCount": 317,
  "last7dReset": 1748788581689
}