{
  "ethCount": 307.25640000002466,
  "userCount": 13751,
  "lastTick": 1749299302595,
  "refEthCount": 7.261499999999979,
  "refUserCount": 317,
  "last7dReset": 1748788581689
}