{
  "ethCount": 409.27320000006137,
  "userCount": 18322,
  "lastTick": 1749299302595,
  "refEthCount": 7.261499999999979,
  "refUserCount": 317,
  "last7dReset": 1748788581689
}