{
  "ethCount": 66.36539999999943,
  "userCount": 2974,
  "lastTick": 1749299302595,
  "refEthCount": 7.261499999999979,
  "refUserCount": 317,
  "last7dReset": 1748788581689
}