{
  "ethCount": 128.22089999999744,
  "userCount": 5764,
  "lastTick": 1749299302595,
  "refEthCount": 7.261499999999979,
  "refUserCount": 317,
  "last7dReset": 1748788581689
}