{
  "ethCount": 98.52559999999836,
  "userCount": 4412,
  "lastTick": 1749299302595,
  "refEthCount": 7.261499999999979,
  "refUserCount": 317,
  "last7dReset": 1748788581689
}