{
  "ethCount": 239.9997000000039,
  "userCount": 10748,
  "lastTick": 1749299302595,
  "refEthCount": 7.261499999999979,
  "refUserCount": 317,
  "last7dReset": 1748788581689
}