{
  "ethCount": 44.83869999999988,
  "userCount": 2016,
  "lastTick": 1749299302595,
  "refEthCount": 7.261499999999979,
  "refUserCount": 317,
  "last7dReset": 1748788581689
}