{
  "ethCount": 600.9478000000273,
  "userCount": 26996,
  "lastTick": 1749299302595,
  "refEthCount": 7.261499999999979,
  "refUserCount": 317,
  "last7dReset": 1748788581689
}