{
  "ethCount": 309.50950000002575,
  "userCount": 13845,
  "lastTick": 1749299302595,
  "refEthCount": 7.261499999999979,
  "refUserCount": 317,
  "last7dReset": 1748788581689
}