{
  "ethCount": 527.7981000000832,
  "userCount": 23699,
  "lastTick": 1749299302595,
  "refEthCount": 7.261499999999979,
  "refUserCount": 317,
  "last7dReset": 1748788581689
}