{
  "ethCount": 14.408399999999997,
  "userCount": 663,
  "lastTick": 1749299302595,
  "refEthCount": 7.261499999999979,
  "refUserCount": 317,
  "last7dReset": 1748788581689
}