{
  "ethCount": 69.05469999999933,
  "userCount": 3099,
  "lastTick": 1749299302595,
  "refEthCount": 7.261499999999979,
  "refUserCount": 317,
  "last7dReset": 1748788581689
}