{
  "ethCount": 302.85390000002315,
  "userCount": 13553,
  "lastTick": 1749299302595,
  "refEthCount": 7.261499999999979,
  "refUserCount": 317,
  "last7dReset": 1748788581689
}