{
  "ethCount": 133.90639999999775,
  "userCount": 6023,
  "lastTick": 1749299302595,
  "refEthCount": 7.261499999999979,
  "refUserCount": 317,
  "last7dReset": 1748788581689
}