{
  "ethCount": 84.91529999999884,
  "userCount": 3810,
  "lastTick": 1749299302595,
  "refEthCount": 7.261499999999979,
  "refUserCount": 317,
  "last7dReset": 1748788581689
}