{
  "ethCount": 212.20410000000243,
  "userCount": 9504,
  "lastTick": 1749299302595,
  "refEthCount": 7.261499999999979,
  "refUserCount": 317,
  "last7dReset": 1748788581689
}