{
  "ethCount": 550.1109000000672,
  "userCount": 24726,
  "lastTick": 1749299302595,
  "refEthCount": 7.261499999999979,
  "refUserCount": 317,
  "last7dReset": 1748788581689
}