{
  "ethCount": 343.50240000003896,
  "userCount": 15353,
  "lastTick": 1749299302595,
  "refEthCount": 7.261499999999979,
  "refUserCount": 317,
  "last7dReset": 1748788581689
}