{
  "ethCount": 323.14400000003127,
  "userCount": 14458,
  "lastTick": 1749299302595,
  "refEthCount": 7.261499999999979,
  "refUserCount": 317,
  "last7dReset": 1748788581689
}